NOTE_ID,PATIENT_ID,ENCOUNTER_ID,NOTE_DATE,NOTE_TYPE,NOTE_TEXT
N00001,P0275,E00273,2025-01-05,SOAP,"S: Patient seen for emergency room admission. Reports poor sleep. O: BP 112/71, HR 72. A: Patient with a history of COPD. P: Adjust medication dose and recheck in 4 weeks."
N00002,P0360,E03715,2023-05-08,SOAP,"S: Patient seen for ed visit for chest pain. Reports shortness of breath. O: BP 108/81, HR 94. A: Patient with no significant chronic conditions. P: Adjust medication dose and recheck in 4 weeks."
N00003,P0475,E00197,2025-10-13,SOAP,"S: Patient seen for annual wellness visit. Reports shortness of breath. O: BP 115/84, HR 81. A: Patient with a history of hypertension. P: Refer to specialist."
N00004,P0053,E02861,2023-01-08,SOAP,"S: Patient seen for emergency room admission. Reports intermittent pain. O: BP 106/93, HR 89. A: Patient with a history of heart failure. P: Refer to specialist."
N00005,P0256,E00673,2023-10-29,SOAP,"S: Patient seen for physical therapy. Reports feeling well. O: BP 125/79, HR 80. A: Patient with no significant chronic conditions. P: Continue current medications."
N00006,P0378,E01556,2024-07-14,SOAP,"S: Patient seen for physical therapy. Reports poor sleep. O: BP 138/73, HR 71. A: Patient with a history of heart failure. P: Refer to specialist."
N00007,P0309,E00373,2025-09-19,SOAP,"S: Patient seen for admission for pneumonia. Reports poor sleep. O: BP 151/71, HR 100. A: Patient with a history of asthma. P: Refer to specialist."
N00008,P0292,E03349,2025-09-23,SOAP,"S: Patient seen for annual wellness visit. Reports poor sleep. O: BP 106/76, HR 94. A: Patient with no significant chronic conditions. P: Continue current medications."
N00009,P0294,E04965,2024-04-13,SOAP,"S: Patient seen for follow-up visit. Reports poor sleep. O: BP 125/68, HR 66. A: Patient with a history of hypertension. P: Adjust medication dose and recheck in 4 weeks."
N00010,P0035,E03404,2025-12-21,SOAP,"S: Patient seen for medication review. Reports intermittent pain. O: BP 136/95, HR 95. A: Patient with a history of hypertension. P: Reinforce diet and exercise counseling."
N00011,P0044,E03674,2023-06-25,SOAP,"S: Patient seen for medication review. Reports mild fatigue. O: BP 126/97, HR 89. A: Patient with a history of chronic kidney disease. P: Reinforce diet and exercise counseling."
N00012,P0430,E01489,2024-02-25,SOAP,"S: Patient seen for medication review. Reports mild fatigue. O: BP 134/69, HR 81. A: Patient with a history of type 2 diabetes. P: Refer to specialist."
N00013,P0184,E00532,2023-01-18,SOAP,"S: Patient seen for follow-up visit. Reports intermittent pain. O: BP 111/85, HR 73. A: Patient with a history of osteoarthritis. P: Order labs and follow up in 2 weeks."
N00014,P0097,E01053,2023-07-12,SOAP,"S: Patient seen for annual wellness visit. Reports feeling well. O: BP 133/66, HR 82. A: Patient with a history of hyperlipidemia. P: Adjust medication dose and recheck in 4 weeks."
N00015,P0458,E04381,2025-07-19,SOAP,"S: Patient seen for follow-up visit. Reports shortness of breath. O: BP 148/96, HR 61. A: Patient with no significant chronic conditions. P: Order labs and follow up in 2 weeks."
N00016,P0181,E00875,2024-05-11,SOAP,"S: Patient seen for follow-up visit. Reports mild fatigue. O: BP 153/79, HR 63. A: Patient with a history of COPD. P: Order labs and follow up in 2 weeks."
N00017,P0095,E02602,2024-09-27,SOAP,"S: Patient seen for urgent care visit. Reports poor sleep. O: BP 155/69, HR 103. A: Patient with a history of heart failure. P: Continue current medications."
N00018,P0148,E03180,2025-04-13,SOAP,"S: Patient seen for follow-up visit. Reports feeling well. O: BP 111/86, HR 79. A: Patient with a history of osteoarthritis. P: Order labs and follow up in 2 weeks."
N00019,P0325,E04486,2025-09-03,SOAP,"S: Patient seen for follow-up visit. Reports feeling well. O: BP 143/80, HR 89. A: Patient with a history of heart failure. P: Adjust medication dose and recheck in 4 weeks."
N00020,P0342,E01986,2023-07-28,SOAP,"S: Patient seen for hospital admission. Reports feeling well. O: BP 158/77, HR 74. A: Patient with no significant chronic conditions. P: Adjust medication dose and recheck in 4 weeks."
N00021,P0033,E04529,2024-06-07,SOAP,"S: Patient seen for urgent care visit. Reports mild fatigue. O: BP 136/96, HR 97. A: Patient with no significant chronic conditions. P: Continue current medications."
N00022,P0197,E03686,2024-06-12,SOAP,"S: Patient seen for outpatient procedure. Reports shortness of breath. O: BP 105/78, HR 89. A: Patient with no significant chronic conditions. P: Continue current medications."
N00023,P0463,E00231,2023-01-01,SOAP,"S: Patient seen for urgent care visit. Reports mild fatigue. O: BP 106/91, HR 64. A: Patient with a history of hyperlipidemia. P: Reinforce diet and exercise counseling."
N00024,P0478,E01501,2023-01-18,SOAP,"S: Patient seen for annual wellness visit. Reports poor sleep. O: BP 113/68, HR 58. A: Patient with a history of type 2 diabetes. P: Reinforce diet and exercise counseling."
N00025,P0326,E03961,2025-09-13,SOAP,"S: Patient seen for chronic disease check. Reports intermittent pain. O: BP 138/73, HR 60. A: Patient with a history of chronic kidney disease. P: Refer to specialist."
N00026,P0112,E04266,2024-09-18,SOAP,"S: Patient seen for annual wellness visit. Reports mild fatigue. O: BP 156/71, HR 83. A: Patient with no significant chronic conditions. P: Order labs and follow up in 2 weeks."
N00027,P0059,E02733,2023-02-27,SOAP,"S: Patient seen for emergency room admission. Reports intermittent pain. O: BP 133/84, HR 66. A: Patient with a history of osteoarthritis. P: Adjust medication dose and recheck in 4 weeks."
N00028,P0430,E01839,2025-03-17,SOAP,"S: Patient seen for medication review. Reports shortness of breath. O: BP 140/82, HR 88. A: Patient with a history of type 2 diabetes. P: Refer to specialist."
N00029,P0444,E03685,2025-07-13,SOAP,"S: Patient seen for outpatient procedure. Reports mild fatigue. O: BP 128/85, HR 61. A: Patient with a history of asthma. P: Adjust medication dose and recheck in 4 weeks."
N00030,P0345,E04663,2024-11-05,SOAP,"S: Patient seen for physical therapy. Reports intermittent pain. O: BP 158/73, HR 94. A: Patient with no significant chronic conditions. P: Order labs and follow up in 2 weeks."
N00031,P0226,E04561,2024-10-23,SOAP,"S: Patient seen for imaging study. Reports feeling well. O: BP 126/79, HR 82. A: Patient with no significant chronic conditions. P: Reinforce diet and exercise counseling."
N00032,P0088,E01275,2025-07-07,SOAP,"S: Patient seen for well child visit. Reports poor sleep. O: BP 145/72, HR 66. A: Patient with no significant chronic conditions. P: Order labs and follow up in 2 weeks."
N00033,P0461,E00915,2024-08-23,SOAP,"S: Patient seen for medication review. Reports shortness of breath. O: BP 115/67, HR 97. A: Patient with a history of hypertension. P: Continue current medications."
N00034,P0318,E02366,2023-10-13,SOAP,"S: Patient seen for annual wellness visit. Reports shortness of breath. O: BP 140/66, HR 72. A: Patient with a history of asthma. P: Refer to specialist."
N00035,P0047,E04699,2025-03-01,SOAP,"S: Patient seen for urgent care visit. Reports intermittent pain. O: BP 105/99, HR 64. A: Patient with a history of osteoarthritis. P: Refer to specialist."
N00036,P0176,E01398,2025-10-05,SOAP,"S: Patient seen for urgent care visit. Reports poor sleep. O: BP 153/91, HR 92. A: Patient with a history of asthma. P: Reinforce diet and exercise counseling."
N00037,P0293,E02541,2023-08-30,SOAP,"S: Patient seen for well child visit. Reports intermittent pain. O: BP 125/92, HR 78. A: Patient with a history of type 2 diabetes. P: Refer to specialist."
N00038,P0307,E00692,2023-01-11,SOAP,"S: Patient seen for outpatient procedure. Reports poor sleep. O: BP 154/70, HR 104. A: Patient with a history of COPD. P: Order labs and follow up in 2 weeks."
N00039,P0316,E01825,2025-04-10,SOAP,"S: Patient seen for medication review. Reports intermittent pain. O: BP 123/76, HR 60. A: Patient with a history of asthma. P: Order labs and follow up in 2 weeks."
N00040,P0493,E03876,2024-03-13,SOAP,"S: Patient seen for well child visit. Reports intermittent pain. O: BP 108/88, HR 63. A: Patient with a history of heart failure. P: Refer to specialist."
N00041,P0275,E00848,2025-11-14,SOAP,"S: Patient seen for well child visit. Reports intermittent pain. O: BP 131/95, HR 75. A: Patient with a history of COPD. P: Refer to specialist."
N00042,P0199,E03928,2025-01-28,SOAP,"S: Patient seen for medication review. Reports poor sleep. O: BP 155/76, HR 61. A: Patient with a history of hypertension. P: Continue current medications."
N00043,P0110,E01978,2025-01-07,SOAP,"S: Patient seen for hospital admission. Reports shortness of breath. O: BP 146/96, HR 78. A: Patient with a history of obesity. P: Continue current medications."
N00044,P0436,E00021,2025-08-02,SOAP,"S: Patient seen for urgent care visit. Reports poor sleep. O: BP 148/80, HR 60. A: Patient with no significant chronic conditions. P: Reinforce diet and exercise counseling."
N00045,P0081,E03491,2024-04-07,SOAP,"S: Patient seen for physical therapy. Reports feeling well. O: BP 119/81, HR 98. A: Patient with a history of obesity. P: Continue current medications."
N00046,P0337,E01575,2025-10-09,SOAP,"S: Patient seen for ed visit for chest pain. Reports intermittent pain. O: BP 160/67, HR 80. A: Patient with a history of obesity. P: Continue current medications."
N00047,P0166,E04640,2025-09-26,SOAP,"S: Patient seen for urgent care visit. Reports feeling well. O: BP 129/95, HR 59. A: Patient with no significant chronic conditions. P: Reinforce diet and exercise counseling."
N00048,P0368,E00290,2023-06-30,SOAP,"S: Patient seen for follow-up visit. Reports feeling well. O: BP 158/81, HR 75. A: Patient with a history of type 2 diabetes. P: Reinforce diet and exercise counseling."
N00049,P0204,E04336,2025-01-08,SOAP,"S: Patient seen for admission for pneumonia. Reports intermittent pain. O: BP 124/98, HR 74. A: Patient with a history of obesity. P: Order labs and follow up in 2 weeks."
N00050,P0385,E03048,2024-11-08,SOAP,"S: Patient seen for medication review. Reports feeling well. O: BP 105/67, HR 76. A: Patient with a history of obesity. P: Continue current medications."
N00051,P0180,E04348,2023-10-06,SOAP,"S: Patient seen for annual wellness visit. Reports feeling well. O: BP 123/91, HR 74. A: Patient with a history of obesity. P: Continue current medications."
N00052,P0362,E01768,2024-11-21,SOAP,"S: Patient seen for chronic disease check. Reports intermittent pain. O: BP 144/94, HR 82. A: Patient with a history of hypertension. P: Refer to specialist."
N00053,P0437,E00274,2023-06-14,SOAP,"S: Patient seen for hospital admission. Reports mild fatigue. O: BP 123/99, HR 86. A: Patient with a history of heart failure. P: Reinforce diet and exercise counseling."
N00054,P0194,E03343,2025-02-03,SOAP,"S: Patient seen for well child visit. Reports mild fatigue. O: BP 128/91, HR 59. A: Patient with no significant chronic conditions. P: Refer to specialist."
N00055,P0500,E04582,2025-08-21,SOAP,"S: Patient seen for chronic disease check. Reports poor sleep. O: BP 142/74, HR 76. A: Patient with a history of type 2 diabetes. P: Refer to specialist."
N00056,P0168,E02137,2024-03-29,SOAP,"S: Patient seen for medication review. Reports shortness of breath. O: BP 113/85, HR 86. A: Patient with a history of heart failure. P: Order labs and follow up in 2 weeks."
N00057,P0393,E04112,2023-12-07,SOAP,"S: Patient seen for imaging study. Reports feeling well. O: BP 110/77, HR 91. A: Patient with a history of asthma. P: Order labs and follow up in 2 weeks."
N00058,P0030,E01673,2023-05-26,SOAP,"S: Patient seen for well child visit. Reports shortness of breath. O: BP 143/86, HR 63. A: Patient with a history of COPD. P: Continue current medications."
N00059,P0241,E03483,2025-09-14,SOAP,"S: Patient seen for outpatient procedure. Reports poor sleep. O: BP 112/75, HR 100. A: Patient with a history of heart failure. P: Continue current medications."
N00060,P0087,E04227,2023-11-12,SOAP,"S: Patient seen for medication review. Reports shortness of breath. O: BP 127/76, HR 101. A: Patient with a history of osteoarthritis. P: Continue current medications."
N00061,P0323,E01013,2023-06-01,SOAP,"S: Patient seen for outpatient procedure. Reports feeling well. O: BP 140/72, HR 81. A: Patient with a history of obesity. P: Refer to specialist."
N00062,P0261,E03469,2024-12-22,SOAP,"S: Patient seen for chronic disease check. Reports intermittent pain. O: BP 143/66, HR 77. A: Patient with a history of type 2 diabetes. P: Reinforce diet and exercise counseling."
N00063,P0431,E03630,2025-03-05,SOAP,"S: Patient seen for follow-up visit. Reports feeling well. O: BP 126/66, HR 86. A: Patient with no significant chronic conditions. P: Adjust medication dose and recheck in 4 weeks."
N00064,P0065,E01327,2024-12-23,SOAP,"S: Patient seen for urgent care visit. Reports shortness of breath. O: BP 121/69, HR 98. A: Patient with no significant chronic conditions. P: Continue current medications."
N00065,P0409,E01630,2023-02-11,SOAP,"S: Patient seen for urgent care visit. Reports intermittent pain. O: BP 135/95, HR 104. A: Patient with a history of hypertension. P: Order labs and follow up in 2 weeks."
N00066,P0442,E04389,2023-08-24,SOAP,"S: Patient seen for chronic disease check. Reports mild fatigue. O: BP 157/71, HR 98. A: Patient with no significant chronic conditions. P: Order labs and follow up in 2 weeks."
N00067,P0384,E03234,2024-10-28,SOAP,"S: Patient seen for urgent care visit. Reports mild fatigue. O: BP 154/75, HR 102. A: Patient with a history of type 2 diabetes. P: Continue current medications."
N00068,P0152,E03487,2023-03-06,SOAP,"S: Patient seen for medication review. Reports feeling well. O: BP 142/94, HR 83. A: Patient with no significant chronic conditions. P: Adjust medication dose and recheck in 4 weeks."
N00069,P0361,E02753,2025-06-18,SOAP,"S: Patient seen for physical therapy. Reports feeling well. O: BP 115/88, HR 77. A: Patient with a history of asthma. P: Order labs and follow up in 2 weeks."
N00070,P0454,E03390,2024-11-19,SOAP,"S: Patient seen for urgent care visit. Reports feeling well. O: BP 131/97, HR 74. A: Patient with a history of heart failure. P: Order labs and follow up in 2 weeks."
N00071,P0104,E00377,2025-10-16,SOAP,"S: Patient seen for well child visit. Reports intermittent pain. O: BP 129/91, HR 76. A: Patient with no significant chronic conditions. P: Refer to specialist."
N00072,P0364,E03270,2023-11-21,SOAP,"S: Patient seen for medication review. Reports poor sleep. O: BP 143/76, HR 74. A: Patient with a history of osteoarthritis. P: Refer to specialist."
N00073,P0374,E03890,2025-10-31,SOAP,"S: Patient seen for annual wellness visit. Reports feeling well. O: BP 147/99, HR 72. A: Patient with a history of chronic kidney disease. P: Refer to specialist."
N00074,P0449,E03939,2025-04-07,SOAP,"S: Patient seen for medication review. Reports poor sleep. O: BP 162/69, HR 63. A: Patient with a history of type 2 diabetes. P: Adjust medication dose and recheck in 4 weeks."
N00075,P0357,E03043,2024-04-10,SOAP,"S: Patient seen for medication review. Reports shortness of breath. O: BP 145/73, HR 75. A: Patient with a history of type 2 diabetes. P: Adjust medication dose and recheck in 4 weeks."
N00076,P0411,E02867,2025-02-02,SOAP,"S: Patient seen for well child visit. Reports shortness of breath. O: BP 164/75, HR 95. A: Patient with no significant chronic conditions. P: Refer to specialist."
N00077,P0226,E04622,2023-08-06,SOAP,"S: Patient seen for well child visit. Reports intermittent pain. O: BP 141/70, HR 103. A: Patient with no significant chronic conditions. P: Order labs and follow up in 2 weeks."
N00078,P0105,E02915,2023-10-05,SOAP,"S: Patient seen for follow-up visit. Reports intermittent pain. O: BP 138/84, HR 59. A: Patient with a history of hyperlipidemia. P: Refer to specialist."
N00079,P0297,E03678,2025-06-25,SOAP,"S: Patient seen for follow-up visit. Reports poor sleep. O: BP 147/84, HR 82. A: Patient with a history of osteoarthritis. P: Continue current medications."
N00080,P0342,E01995,2023-05-15,SOAP,"S: Patient seen for urgent care visit. Reports poor sleep. O: BP 121/90, HR 73. A: Patient with no significant chronic conditions. P: Refer to specialist."
N00081,P0152,E02680,2023-09-27,SOAP,"S: Patient seen for well child visit. Reports mild fatigue. O: BP 146/83, HR 93. A: Patient with no significant chronic conditions. P: Reinforce diet and exercise counseling."
N00082,P0319,E02381,2025-04-17,SOAP,"S: Patient seen for ed visit for chest pain. Reports shortness of breath. O: BP 140/66, HR 99. A: Patient with no significant chronic conditions. P: Reinforce diet and exercise counseling."
N00083,P0108,E00824,2023-01-30,SOAP,"S: Patient seen for admission for pneumonia. Reports mild fatigue. O: BP 135/90, HR 100. A: Patient with a history of osteoarthritis. P: Order labs and follow up in 2 weeks."
N00084,P0114,E00025,2025-06-12,SOAP,"S: Patient seen for physical therapy. Reports shortness of breath. O: BP 156/81, HR 94. A: Patient with a history of depression. P: Order labs and follow up in 2 weeks."
N00085,P0134,E02609,2025-03-14,SOAP,"S: Patient seen for annual wellness visit. Reports mild fatigue. O: BP 133/98, HR 60. A: Patient with a history of heart failure. P: Order labs and follow up in 2 weeks."
N00086,P0365,E03621,2023-01-18,SOAP,"S: Patient seen for ed visit for chest pain. Reports mild fatigue. O: BP 122/74, HR 80. A: Patient with a history of hypertension. P: Refer to specialist."
N00087,P0098,E03944,2025-12-28,SOAP,"S: Patient seen for imaging study. Reports poor sleep. O: BP 111/99, HR 87. A: Patient with a history of depression. P: Continue current medications."
N00088,P0327,E01072,2024-10-05,SOAP,"S: Patient seen for outpatient procedure. Reports shortness of breath. O: BP 113/99, HR 94. A: Patient with a history of chronic kidney disease. P: Continue current medications."
N00089,P0385,E02899,2024-03-17,SOAP,"S: Patient seen for annual wellness visit. Reports intermittent pain. O: BP 133/92, HR 87. A: Patient with a history of obesity. P: Order labs and follow up in 2 weeks."
N00090,P0234,E00098,2025-06-09,SOAP,"S: Patient seen for imaging study. Reports shortness of breath. O: BP 149/90, HR 61. A: Patient with a history of depression. P: Order labs and follow up in 2 weeks."
N00091,P0080,E02406,2024-02-20,SOAP,"S: Patient seen for well child visit. Reports feeling well. O: BP 142/72, HR 96. A: Patient with a history of hyperlipidemia. P: Reinforce diet and exercise counseling."
N00092,P0216,E00321,2023-02-13,SOAP,"S: Patient seen for follow-up visit. Reports intermittent pain. O: BP 115/89, HR 74. A: Patient with a history of osteoarthritis. P: Adjust medication dose and recheck in 4 weeks."
N00093,P0275,E01466,2024-09-23,SOAP,"S: Patient seen for physical therapy. Reports intermittent pain. O: BP 141/78, HR 65. A: Patient with a history of COPD. P: Adjust medication dose and recheck in 4 weeks."
N00094,P0295,E02689,2024-07-09,SOAP,"S: Patient seen for chronic disease check. Reports shortness of breath. O: BP 160/96, HR 58. A: Patient with a history of heart failure. P: Order labs and follow up in 2 weeks."
N00095,P0376,E04368,2024-03-28,SOAP,"S: Patient seen for well child visit. Reports intermittent pain. O: BP 131/93, HR 78. A: Patient with a history of COPD. P: Reinforce diet and exercise counseling."
N00096,P0438,E04114,2023-12-12,SOAP,"S: Patient seen for medication review. Reports feeling well. O: BP 106/88, HR 99. A: Patient with a history of obesity. P: Reinforce diet and exercise counseling."
N00097,P0025,E04491,2025-11-17,SOAP,"S: Patient seen for admission for pneumonia. Reports mild fatigue. O: BP 155/91, HR 89. A: Patient with a history of hyperlipidemia. P: Order labs and follow up in 2 weeks."
N00098,P0212,E00530,2025-09-28,SOAP,"S: Patient seen for medication review. Reports intermittent pain. O: BP 159/82, HR 86. A: Patient with a history of hypertension. P: Continue current medications."
N00099,P0366,E00212,2023-08-26,SOAP,"S: Patient seen for emergency room admission. Reports shortness of breath. O: BP 163/72, HR 75. A: Patient with no significant chronic conditions. P: Order labs and follow up in 2 weeks."
N00100,P0157,E04429,2025-05-12,SOAP,"S: Patient seen for imaging study. Reports intermittent pain. O: BP 156/93, HR 87. A: Patient with a history of depression. P: Continue current medications."
N00101,P0161,E02623,2025-08-21,SOAP,"S: Patient seen for well child visit. Reports mild fatigue. O: BP 128/66, HR 102. A: Patient with a history of obesity. P: Continue current medications."
N00102,P0126,E02666,2023-11-13,SOAP,"S: Patient seen for annual wellness visit. Reports intermittent pain. O: BP 128/83, HR 74. A: Patient with a history of asthma. P: Continue current medications."
N00103,P0280,E04331,2025-07-25,SOAP,"S: Patient seen for chronic disease check. Reports intermittent pain. O: BP 107/99, HR 78. A: Patient with no significant chronic conditions. P: Reinforce diet and exercise counseling."
N00104,P0311,E03667,2023-11-10,SOAP,"S: Patient seen for medication review. Reports intermittent pain. O: BP 113/88, HR 82. A: Patient with a history of obesity. P: Order labs and follow up in 2 weeks."
N00105,P0128,E01240,2023-05-25,SOAP,"S: Patient seen for urgent care visit. Reports shortness of breath. O: BP 121/82, HR 93. A: Patient with a history of hyperlipidemia. P: Adjust medication dose and recheck in 4 weeks."
N00106,P0044,E01731,2023-12-17,SOAP,"S: Patient seen for imaging study. Reports intermittent pain. O: BP 126/86, HR 103. A: Patient with a history of chronic kidney disease. P: Refer to specialist."
N00107,P0242,E02807,2024-12-30,SOAP,"S: Patient seen for urgent care visit. Reports shortness of breath. O: BP 158/91, HR 71. A: Patient with a history of hypertension. P: Order labs and follow up in 2 weeks."
N00108,P0239,E03969,2024-01-18,SOAP,"S: Patient seen for hospital admission. Reports intermittent pain. O: BP 149/82, HR 69. A: Patient with a history of depression. P: Adjust medication dose and recheck in 4 weeks."
N00109,P0032,E04128,2023-06-29,SOAP,"S: Patient seen for well child visit. Reports intermittent pain. O: BP 106/86, HR 71. A: Patient with a history of COPD. P: Continue current medications."
N00110,P0051,E02392,2023-03-31,SOAP,"S: Patient seen for urgent care visit. Reports shortness of breath. O: BP 115/95, HR 104. A: Patient with a history of hypertension. P: Continue current medications."
N00111,P0461,E02948,2025-03-12,SOAP,"S: Patient seen for medication review. Reports mild fatigue. O: BP 138/74, HR 88. A: Patient with a history of hypertension. P: Order labs and follow up in 2 weeks."
N00112,P0335,E03872,2024-08-28,SOAP,"S: Patient seen for physical therapy. Reports poor sleep. O: BP 125/97, HR 93. A: Patient with a history of heart failure. P: Order labs and follow up in 2 weeks."
N00113,P0455,E01221,2024-05-26,SOAP,"S: Patient seen for physical therapy. Reports feeling well. O: BP 150/82, HR 68. A: Patient with a history of chronic kidney disease. P: Order labs and follow up in 2 weeks."
N00114,P0252,E00381,2025-08-20,SOAP,"S: Patient seen for physical therapy. Reports shortness of breath. O: BP 106/80, HR 84. A: Patient with no significant chronic conditions. P: Order labs and follow up in 2 weeks."
N00115,P0498,E04313,2024-11-08,SOAP,"S: Patient seen for urgent care visit. Reports poor sleep. O: BP 139/66, HR 98. A: Patient with a history of asthma. P: Order labs and follow up in 2 weeks."
N00116,P0091,E00175,2025-06-18,SOAP,"S: Patient seen for ed visit for chest pain. Reports shortness of breath. O: BP 132/84, HR 74. A: Patient with a history of depression. P: Adjust medication dose and recheck in 4 weeks."
N00117,P0368,E01253,2024-12-12,SOAP,"S: Patient seen for physical therapy. Reports mild fatigue. O: BP 146/83, HR 70. A: Patient with a history of type 2 diabetes. P: Reinforce diet and exercise counseling."
N00118,P0370,E02361,2023-10-13,SOAP,"S: Patient seen for annual wellness visit. Reports feeling well. O: BP 108/95, HR 96. A: Patient with a history of hypertension. P: Refer to specialist."
N00119,P0216,E00936,2023-05-07,SOAP,"S: Patient seen for emergency room admission. Reports feeling well. O: BP 132/87, HR 72. A: Patient with a history of osteoarthritis. P: Order labs and follow up in 2 weeks."
N00120,P0167,E00135,2025-04-24,SOAP,"S: Patient seen for urgent care visit. Reports shortness of breath. O: BP 160/94, HR 101. A: Patient with a history of obesity. P: Order labs and follow up in 2 weeks."
N00121,P0252,E02346,2023-10-31,SOAP,"S: Patient seen for outpatient procedure. Reports intermittent pain. O: BP 113/82, HR 89. A: Patient with no significant chronic conditions. P: Reinforce diet and exercise counseling."
N00122,P0310,E00702,2023-11-11,SOAP,"S: Patient seen for annual wellness visit. Reports shortness of breath. O: BP 123/69, HR 95. A: Patient with a history of heart failure. P: Continue current medications."
N00123,P0358,E03030,2025-10-10,SOAP,"S: Patient seen for urgent care visit. Reports shortness of breath. O: BP 117/92, HR 95. A: Patient with no significant chronic conditions. P: Continue current medications."
N00124,P0366,E00486,2025-11-30,SOAP,"S: Patient seen for urgent care visit. Reports feeling well. O: BP 159/95, HR 69. A: Patient with no significant chronic conditions. P: Refer to specialist."
N00125,P0477,E03825,2023-05-17,SOAP,"S: Patient seen for imaging study. Reports poor sleep. O: BP 116/87, HR 60. A: Patient with a history of hyperlipidemia. P: Refer to specialist."
N00126,P0073,E02482,2025-05-21,SOAP,"S: Patient seen for outpatient procedure. Reports shortness of breath. O: BP 143/69, HR 80. A: Patient with a history of obesity. P: Continue current medications."
N00127,P0279,E04751,2025-12-02,SOAP,"S: Patient seen for medication review. Reports poor sleep. O: BP 135/98, HR 61. A: Patient with a history of COPD. P: Order labs and follow up in 2 weeks."
N00128,P0005,E02005,2024-12-13,SOAP,"S: Patient seen for well child visit. Reports poor sleep. O: BP 137/74, HR 71. A: Patient with a history of depression. P: Order labs and follow up in 2 weeks."
N00129,P0093,E00958,2024-10-05,SOAP,"S: Patient seen for annual wellness visit. Reports shortness of breath. O: BP 147/67, HR 59. A: Patient with a history of COPD. P: Continue current medications."
N00130,P0469,E03327,2024-04-12,SOAP,"S: Patient seen for medication review. Reports feeling well. O: BP 117/78, HR 77. A: Patient with a history of hyperlipidemia. P: Reinforce diet and exercise counseling."
N00131,P0273,E03105,2024-02-29,SOAP,"S: Patient seen for imaging study. Reports feeling well. O: BP 114/78, HR 88. A: Patient with a history of type 2 diabetes. P: Reinforce diet and exercise counseling."
N00132,P0082,E00113,2023-03-28,SOAP,"S: Patient seen for imaging study. Reports mild fatigue. O: BP 116/92, HR 94. A: Patient with a history of osteoarthritis. P: Refer to specialist."
N00133,P0405,E04285,2024-04-02,SOAP,"S: Patient seen for medication review. Reports intermittent pain. O: BP 144/83, HR 64. A: Patient with a history of chronic kidney disease. P: Adjust medication dose and recheck in 4 weeks."
N00134,P0338,E00974,2023-01-26,SOAP,"S: Patient seen for well child visit. Reports feeling well. O: BP 110/89, HR 101. A: Patient with a history of asthma. P: Reinforce diet and exercise counseling."
N00135,P0434,E03508,2023-10-20,SOAP,"S: Patient seen for emergency room admission. Reports intermittent pain. O: BP 163/72, HR 65. A: Patient with a history of obesity. P: Reinforce diet and exercise counseling."
N00136,P0104,E00939,2025-06-07,SOAP,"S: Patient seen for outpatient procedure. Reports poor sleep. O: BP 159/84, HR 84. A: Patient with no significant chronic conditions. P: Adjust medication dose and recheck in 4 weeks."
N00137,P0497,E00705,2023-08-04,SOAP,"S: Patient seen for well child visit. Reports feeling well. O: BP 120/69, HR 64. A: Patient with no significant chronic conditions. P: Refer to specialist."
N00138,P0209,E02813,2024-11-25,SOAP,"S: Patient seen for annual wellness visit. Reports mild fatigue. O: BP 140/94, HR 96. A: Patient with a history of heart failure. P: Reinforce diet and exercise counseling."
N00139,P0109,E03005,2024-05-15,SOAP,"S: Patient seen for outpatient procedure. Reports intermittent pain. O: BP 132/87, HR 95. A: Patient with a history of heart failure. P: Continue current medications."
N00140,P0063,E03133,2025-03-20,SOAP,"S: Patient seen for imaging study. Reports feeling well. O: BP 110/74, HR 59. A: Patient with a history of hypertension. P: Refer to specialist."
N00141,P0150,E03578,2023-11-25,SOAP,"S: Patient seen for outpatient procedure. Reports mild fatigue. O: BP 141/68, HR 81. A: Patient with a history of asthma. P: Adjust medication dose and recheck in 4 weeks."
N00142,P0145,E00732,2025-05-28,SOAP,"S: Patient seen for medication review. Reports shortness of breath. O: BP 132/92, HR 99. A: Patient with no significant chronic conditions. P: Reinforce diet and exercise counseling."
N00143,P0191,E01893,2025-02-15,SOAP,"S: Patient seen for medication review. Reports intermittent pain. O: BP 114/78, HR 94. A: Patient with no significant chronic conditions. P: Reinforce diet and exercise counseling."
N00144,P0139,E02331,2023-10-18,SOAP,"S: Patient seen for urgent care visit. Reports mild fatigue. O: BP 140/78, HR 104. A: Patient with a history of type 2 diabetes. P: Refer to specialist."
N00145,P0204,E00137,2023-03-12,SOAP,"S: Patient seen for annual wellness visit. Reports intermittent pain. O: BP 161/83, HR 68. A: Patient with a history of obesity. P: Order labs and follow up in 2 weeks."
N00146,P0267,E02257,2024-01-09,SOAP,"S: Patient seen for emergency room admission. Reports poor sleep. O: BP 124/89, HR 73. A: Patient with a history of COPD. P: Reinforce diet and exercise counseling."
N00147,P0378,E03609,2025-04-13,SOAP,"S: Patient seen for urgent care visit. Reports shortness of breath. O: BP 120/84, HR 98. A: Patient with a history of heart failure. P: Order labs and follow up in 2 weeks."
N00148,P0126,E02919,2023-11-01,SOAP,"S: Patient seen for chronic disease check. Reports intermittent pain. O: BP 108/80, HR 58. A: Patient with a history of asthma. P: Reinforce diet and exercise counseling."
N00149,P0054,E00369,2025-12-06,SOAP,"S: Patient seen for chronic disease check. Reports shortness of breath. O: BP 135/73, HR 101. A: Patient with no significant chronic conditions. P: Adjust medication dose and recheck in 4 weeks."
N00150,P0035,E00345,2025-01-10,SOAP,"S: Patient seen for chronic disease check. Reports shortness of breath. O: BP 141/78, HR 62. A: Patient with a history of hypertension. P: Continue current medications."
N00151,P0210,E00340,2024-07-13,SOAP,"S: Patient seen for physical therapy. Reports mild fatigue. O: BP 127/67, HR 79. A: Patient with a history of COPD. P: Order labs and follow up in 2 weeks."
N00152,P0331,E02555,2023-04-17,SOAP,"S: Patient seen for chronic disease check. Reports mild fatigue. O: BP 115/92, HR 86. A: Patient with a history of osteoarthritis. P: Refer to specialist."
N00153,P0112,E02751,2024-10-15,SOAP,"S: Patient seen for emergency room admission. Reports poor sleep. O: BP 114/82, HR 99. A: Patient with no significant chronic conditions. P: Reinforce diet and exercise counseling."
N00154,P0015,E04522,2024-10-16,SOAP,"S: Patient seen for chronic disease check. Reports poor sleep. O: BP 120/94, HR 67. A: Patient with a history of asthma. P: Refer to specialist."
N00155,P0371,E02465,2025-06-09,SOAP,"S: Patient seen for well child visit. Reports poor sleep. O: BP 150/94, HR 103. A: Patient with a history of depression. P: Order labs and follow up in 2 weeks."
N00156,P0256,E00278,2025-07-09,SOAP,"S: Patient seen for chronic disease check. Reports poor sleep. O: BP 161/80, HR 104. A: Patient with no significant chronic conditions. P: Order labs and follow up in 2 weeks."
N00157,P0256,E04537,2025-04-03,SOAP,"S: Patient seen for urgent care visit. Reports poor sleep. O: BP 141/82, HR 96. A: Patient with no significant chronic conditions. P: Reinforce diet and exercise counseling."
N00158,P0170,E04811,2025-05-09,SOAP,"S: Patient seen for chronic disease check. Reports mild fatigue. O: BP 159/98, HR 85. A: Patient with no significant chronic conditions. P: Continue current medications."
N00159,P0240,E01129,2023-12-08,SOAP,"S: Patient seen for well child visit. Reports mild fatigue. O: BP 137/96, HR 88. A: Patient with no significant chronic conditions. P: Order labs and follow up in 2 weeks."
N00160,P0092,E01066,2023-01-22,SOAP,"S: Patient seen for emergency room admission. Reports shortness of breath. O: BP 155/99, HR 82. A: Patient with a history of heart failure. P: Refer to specialist."
N00161,P0111,E03913,2023-09-26,SOAP,"S: Patient seen for well child visit. Reports feeling well. O: BP 108/83, HR 59. A: Patient with a history of depression. P: Reinforce diet and exercise counseling."
N00162,P0076,E00190,2024-12-15,SOAP,"S: Patient seen for well child visit. Reports shortness of breath. O: BP 150/75, HR 96. A: Patient with a history of chronic kidney disease. P: Order labs and follow up in 2 weeks."
N00163,P0200,E03328,2025-11-17,SOAP,"S: Patient seen for urgent care visit. Reports poor sleep. O: BP 155/89, HR 78. A: Patient with a history of hypertension. P: Order labs and follow up in 2 weeks."
N00164,P0227,E04676,2024-07-03,SOAP,"S: Patient seen for medication review. Reports intermittent pain. O: BP 111/85, HR 89. A: Patient with no significant chronic conditions. P: Adjust medication dose and recheck in 4 weeks."
N00165,P0303,E00305,2023-01-11,SOAP,"S: Patient seen for ed visit for chest pain. Reports feeling well. O: BP 147/97, HR 61. A: Patient with a history of osteoarthritis. P: Adjust medication dose and recheck in 4 weeks."
N00166,P0069,E03150,2024-10-27,SOAP,"S: Patient seen for follow-up visit. Reports feeling well. O: BP 123/66, HR 74. A: Patient with a history of chronic kidney disease. P: Adjust medication dose and recheck in 4 weeks."
N00167,P0170,E04964,2024-03-25,SOAP,"S: Patient seen for well child visit. Reports feeling well. O: BP 134/71, HR 94. A: Patient with no significant chronic conditions. P: Continue current medications."
N00168,P0089,E02522,2025-06-07,SOAP,"S: Patient seen for annual wellness visit. Reports mild fatigue. O: BP 143/82, HR 73. A: Patient with a history of type 2 diabetes. P: Continue current medications."
N00169,P0228,E01983,2023-04-13,SOAP,"S: Patient seen for ed visit for chest pain. Reports shortness of breath. O: BP 108/76, HR 85. A: Patient with a history of osteoarthritis. P: Adjust medication dose and recheck in 4 weeks."
N00170,P0409,E02721,2025-08-17,SOAP,"S: Patient seen for urgent care visit. Reports shortness of breath. O: BP 138/71, HR 76. A: Patient with a history of hypertension. P: Refer to specialist."
N00171,P0021,E03581,2025-12-04,SOAP,"S: Patient seen for ed visit for chest pain. Reports shortness of breath. O: BP 119/87, HR 78. A: Patient with a history of COPD. P: Reinforce diet and exercise counseling."
N00172,P0469,E02854,2025-05-22,SOAP,"S: Patient seen for emergency room admission. Reports feeling well. O: BP 142/78, HR 81. A: Patient with a history of hyperlipidemia. P: Continue current medications."
N00173,P0346,E04147,2025-08-26,SOAP,"S: Patient seen for well child visit. Reports feeling well. O: BP 147/70, HR 59. A: Patient with a history of type 2 diabetes. P: Adjust medication dose and recheck in 4 weeks."
N00174,P0043,E00334,2025-07-01,SOAP,"S: Patient seen for chronic disease check. Reports intermittent pain. O: BP 137/84, HR 81. A: Patient with a history of depression. P: Continue current medications."
N00175,P0203,E01846,2025-12-19,SOAP,"S: Patient seen for urgent care visit. Reports shortness of breath. O: BP 158/79, HR 63. A: Patient with a history of hyperlipidemia. P: Order labs and follow up in 2 weeks."
N00176,P0101,E03226,2023-05-14,SOAP,"S: Patient seen for hospital admission. Reports shortness of breath. O: BP 108/67, HR 104. A: Patient with a history of depression. P: Adjust medication dose and recheck in 4 weeks."
N00177,P0208,E01730,2023-10-28,SOAP,"S: Patient seen for chronic disease check. Reports shortness of breath. O: BP 122/77, HR 63. A: Patient with no significant chronic conditions. P: Continue current medications."
N00178,P0196,E04608,2024-01-22,SOAP,"S: Patient seen for emergency room admission. Reports intermittent pain. O: BP 131/66, HR 89. A: Patient with a history of heart failure. P: Order labs and follow up in 2 weeks."
N00179,P0362,E01783,2025-07-22,SOAP,"S: Patient seen for well child visit. Reports feeling well. O: BP 116/71, HR 103. A: Patient with a history of hypertension. P: Adjust medication dose and recheck in 4 weeks."
N00180,P0139,E03306,2025-09-26,SOAP,"S: Patient seen for imaging study. Reports mild fatigue. O: BP 134/78, HR 73. A: Patient with a history of type 2 diabetes. P: Order labs and follow up in 2 weeks."
N00181,P0482,E02400,2023-04-15,SOAP,"S: Patient seen for medication review. Reports shortness of breath. O: BP 156/67, HR 63. A: Patient with no significant chronic conditions. P: Reinforce diet and exercise counseling."
N00182,P0425,E03992,2025-10-28,SOAP,"S: Patient seen for ed visit for chest pain. Reports feeling well. O: BP 147/83, HR 94. A: Patient with a history of obesity. P: Continue current medications."
N00183,P0297,E01148,2023-08-17,SOAP,"S: Patient seen for urgent care visit. Reports shortness of breath. O: BP 115/69, HR 93. A: Patient with a history of osteoarthritis. P: Adjust medication dose and recheck in 4 weeks."
N00184,P0195,E01350,2025-08-20,SOAP,"S: Patient seen for well child visit. Reports mild fatigue. O: BP 163/75, HR 104. A: Patient with a history of hyperlipidemia. P: Reinforce diet and exercise counseling."
N00185,P0272,E02494,2023-12-18,SOAP,"S: Patient seen for well child visit. Reports feeling well. O: BP 105/91, HR 62. A: Patient with a history of obesity. P: Refer to specialist."
N00186,P0309,E02973,2025-06-25,SOAP,"S: Patient seen for annual wellness visit. Reports poor sleep. O: BP 129/86, HR 75. A: Patient with a history of asthma. P: Adjust medication dose and recheck in 4 weeks."
N00187,P0104,E02665,2024-03-28,SOAP,"S: Patient seen for chronic disease check. Reports shortness of breath. O: BP 164/90, HR 61. A: Patient with no significant chronic conditions. P: Reinforce diet and exercise counseling."
N00188,P0336,E04178,2025-04-01,SOAP,"S: Patient seen for urgent care visit. Reports intermittent pain. O: BP 159/70, HR 75. A: Patient with a history of hypertension. P: Adjust medication dose and recheck in 4 weeks."
N00189,P0201,E00797,2023-09-23,SOAP,"S: Patient seen for physical therapy. Reports intermittent pain. O: BP 139/67, HR 75. A: Patient with a history of chronic kidney disease. P: Adjust medication dose and recheck in 4 weeks."
N00190,P0188,E03970,2025-12-15,SOAP,"S: Patient seen for annual wellness visit. Reports feeling well. O: BP 109/66, HR 60. A: Patient with a history of asthma. P: Order labs and follow up in 2 weeks."
N00191,P0059,E00315,2024-03-05,SOAP,"S: Patient seen for imaging study. Reports intermittent pain. O: BP 108/70, HR 78. A: Patient with a history of osteoarthritis. P: Refer to specialist."
N00192,P0333,E04293,2024-11-20,SOAP,"S: Patient seen for chronic disease check. Reports feeling well. O: BP 150/72, HR 94. A: Patient with a history of hyperlipidemia. P: Adjust medication dose and recheck in 4 weeks."
N00193,P0093,E01810,2023-03-07,SOAP,"S: Patient seen for well child visit. Reports poor sleep. O: BP 163/91, HR 61. A: Patient with a history of COPD. P: Refer to specialist."
N00194,P0426,E01931,2024-04-08,SOAP,"S: Patient seen for follow-up visit. Reports shortness of breath. O: BP 130/77, HR 102. A: Patient with a history of chronic kidney disease. P: Adjust medication dose and recheck in 4 weeks."
N00195,P0087,E02863,2023-08-16,SOAP,"S: Patient seen for annual wellness visit. Reports shortness of breath. O: BP 136/92, HR 84. A: Patient with a history of osteoarthritis. P: Refer to specialist."
N00196,P0258,E04903,2024-09-29,SOAP,"S: Patient seen for urgent care visit. Reports intermittent pain. O: BP 121/97, HR 79. A: Patient with no significant chronic conditions. P: Continue current medications."
N00197,P0117,E02432,2024-01-16,SOAP,"S: Patient seen for chronic disease check. Reports mild fatigue. O: BP 125/95, HR 80. A: Patient with no significant chronic conditions. P: Order labs and follow up in 2 weeks."
N00198,P0106,E01508,2025-01-22,SOAP,"S: Patient seen for well child visit. Reports intermittent pain. O: BP 115/76, HR 77. A: Patient with a history of depression. P: Continue current medications."
N00199,P0313,E02136,2023-05-21,SOAP,"S: Patient seen for annual wellness visit. Reports intermittent pain. O: BP 153/68, HR 82. A: Patient with a history of asthma. P: Order labs and follow up in 2 weeks."
N00200,P0438,E02230,2023-08-06,SOAP,"S: Patient seen for outpatient procedure. Reports intermittent pain. O: BP 147/97, HR 84. A: Patient with a history of obesity. P: Reinforce diet and exercise counseling."
N00201,P0093,E03334,2024-10-11,SOAP,"S: Patient seen for follow-up visit. Reports shortness of breath. O: BP 126/81, HR 64. A: Patient with a history of COPD. P: Continue current medications."
N00202,P0402,E03289,2024-03-21,SOAP,"S: Patient seen for physical therapy. Reports mild fatigue. O: BP 136/96, HR 64. A: Patient with a history of asthma. P: Reinforce diet and exercise counseling."
N00203,P0068,E02030,2025-06-17,SOAP,"S: Patient seen for annual wellness visit. Reports intermittent pain. O: BP 140/71, HR 82. A: Patient with no significant chronic conditions. P: Continue current medications."
N00204,P0139,E00289,2025-04-23,SOAP,"S: Patient seen for follow-up visit. Reports intermittent pain. O: BP 140/66, HR 62. A: Patient with a history of type 2 diabetes. P: Continue current medications."
N00205,P0168,E00333,2024-02-04,SOAP,"S: Patient seen for well child visit. Reports shortness of breath. O: BP 147/86, HR 80. A: Patient with a history of heart failure. P: Reinforce diet and exercise counseling."
N00206,P0284,E00286,2024-05-13,SOAP,"S: Patient seen for well child visit. Reports feeling well. O: BP 140/75, HR 83. A: Patient with no significant chronic conditions. P: Order labs and follow up in 2 weeks."
N00207,P0059,E02129,2023-03-30,SOAP,"S: Patient seen for ed visit for chest pain. Reports poor sleep. O: BP 129/85, HR 60. A: Patient with a history of osteoarthritis. P: Order labs and follow up in 2 weeks."
N00208,P0144,E02925,2024-12-08,SOAP,"S: Patient seen for chronic disease check. Reports intermittent pain. O: BP 151/83, HR 63. A: Patient with a history of obesity. P: Refer to specialist."
N00209,P0320,E01735,2024-08-14,SOAP,"S: Patient seen for outpatient procedure. Reports intermittent pain. O: BP 152/73, HR 97. A: Patient with a history of hyperlipidemia. P: Refer to specialist."
N00210,P0063,E04496,2024-01-26,SOAP,"S: Patient seen for follow-up visit. Reports mild fatigue. O: BP 152/90, HR 89. A: Patient with a history of hypertension. P: Refer to specialist."
N00211,P0101,E00149,2025-12-09,SOAP,"S: Patient seen for chronic disease check. Reports poor sleep. O: BP 139/68, HR 102. A: Patient with a history of depression. P: Continue current medications."
N00212,P0482,E02239,2023-10-18,SOAP,"S: Patient seen for well child visit. Reports feeling well. O: BP 109/86, HR 65. A: Patient with no significant chronic conditions. P: Refer to specialist."
N00213,P0262,E04507,2025-09-12,SOAP,"S: Patient seen for ed visit for chest pain. Reports shortness of breath. O: BP 147/97, HR 100. A: Patient with no significant chronic conditions. P: Adjust medication dose and recheck in 4 weeks."
N00214,P0379,E04455,2024-01-18,SOAP,"S: Patient seen for well child visit. Reports mild fatigue. O: BP 131/97, HR 74. A: Patient with a history of asthma. P: Order labs and follow up in 2 weeks."
N00215,P0331,E03418,2024-08-01,SOAP,"S: Patient seen for chronic disease check. Reports shortness of breath. O: BP 107/83, HR 67. A: Patient with a history of osteoarthritis. P: Reinforce diet and exercise counseling."
N00216,P0366,E04062,2023-11-13,SOAP,"S: Patient seen for urgent care visit. Reports feeling well. O: BP 131/97, HR 65. A: Patient with no significant chronic conditions. P: Refer to specialist."
N00217,P0002,E01358,2024-04-22,SOAP,"S: Patient seen for chronic disease check. Reports mild fatigue. O: BP 160/65, HR 86. A: Patient with a history of type 2 diabetes. P: Refer to specialist."
N00218,P0070,E02591,2023-01-24,SOAP,"S: Patient seen for annual wellness visit. Reports poor sleep. O: BP 110/93, HR 99. A: Patient with a history of depression. P: Order labs and follow up in 2 weeks."
N00219,P0424,E00856,2025-12-22,SOAP,"S: Patient seen for emergency room admission. Reports feeling well. O: BP 132/99, HR 62. A: Patient with a history of heart failure. P: Continue current medications."
N00220,P0499,E02471,2024-04-08,SOAP,"S: Patient seen for annual wellness visit. Reports mild fatigue. O: BP 132/88, HR 94. A: Patient with a history of heart failure. P: Refer to specialist."
N00221,P0435,E00084,2025-12-29,SOAP,"S: Patient seen for imaging study. Reports mild fatigue. O: BP 147/79, HR 96. A: Patient with no significant chronic conditions. P: Order labs and follow up in 2 weeks."
N00222,P0093,E04714,2025-02-21,SOAP,"S: Patient seen for follow-up visit. Reports shortness of breath. O: BP 131/71, HR 101. A: Patient with a history of COPD. P: Order labs and follow up in 2 weeks."
N00223,P0385,E03085,2024-05-14,SOAP,"S: Patient seen for follow-up visit. Reports intermittent pain. O: BP 121/72, HR 87. A: Patient with a history of obesity. P: Continue current medications."
N00224,P0439,E00897,2025-09-18,SOAP,"S: Patient seen for emergency room admission. Reports intermittent pain. O: BP 107/66, HR 89. A: Patient with a history of heart failure. P: Continue current medications."
N00225,P0168,E03585,2024-11-01,SOAP,"S: Patient seen for annual wellness visit. Reports feeling well. O: BP 110/94, HR 80. A: Patient with a history of heart failure. P: Order labs and follow up in 2 weeks."
N00226,P0497,E00418,2023-09-24,SOAP,"S: Patient seen for urgent care visit. Reports poor sleep. O: BP 161/65, HR 58. A: Patient with no significant chronic conditions. P: Continue current medications."
N00227,P0177,E04626,2023-03-10,SOAP,"S: Patient seen for well child visit. Reports shortness of breath. O: BP 140/81, HR 69. A: Patient with a history of chronic kidney disease. P: Order labs and follow up in 2 weeks."
N00228,P0224,E04748,2023-07-09,SOAP,"S: Patient seen for imaging study. Reports intermittent pain. O: BP 128/88, HR 87. A: Patient with a history of osteoarthritis. P: Reinforce diet and exercise counseling."
N00229,P0209,E04113,2024-11-01,SOAP,"S: Patient seen for well child visit. Reports feeling well. O: BP 138/92, HR 88. A: Patient with a history of heart failure. P: Order labs and follow up in 2 weeks."
N00230,P0225,E03669,2024-11-30,SOAP,"S: Patient seen for well child visit. Reports feeling well. O: BP 132/92, HR 89. A: Patient with a history of COPD. P: Order labs and follow up in 2 weeks."
N00231,P0277,E01727,2023-08-24,SOAP,"S: Patient seen for well child visit. Reports feeling well. O: BP 143/75, HR 69. A: Patient with a history of hypertension. P: Adjust medication dose and recheck in 4 weeks."
N00232,P0085,E00603,2025-11-02,SOAP,"S: Patient seen for well child visit. Reports mild fatigue. O: BP 124/72, HR 74. A: Patient with a history of chronic kidney disease. P: Reinforce diet and exercise counseling."
N00233,P0363,E04079,2025-11-15,SOAP,"S: Patient seen for urgent care visit. Reports feeling well. O: BP 145/74, HR 65. A: Patient with no significant chronic conditions. P: Adjust medication dose and recheck in 4 weeks."
N00234,P0153,E00114,2023-04-17,SOAP,"S: Patient seen for annual wellness visit. Reports mild fatigue. O: BP 133/76, HR 81. A: Patient with a history of asthma. P: Refer to specialist."
N00235,P0098,E04105,2024-05-01,SOAP,"S: Patient seen for imaging study. Reports shortness of breath. O: BP 139/79, HR 70. A: Patient with a history of depression. P: Reinforce diet and exercise counseling."
N00236,P0017,E00948,2024-06-18,SOAP,"S: Patient seen for follow-up visit. Reports shortness of breath. O: BP 163/82, HR 102. A: Patient with a history of obesity. P: Order labs and follow up in 2 weeks."
N00237,P0289,E03261,2024-03-28,SOAP,"S: Patient seen for medication review. Reports poor sleep. O: BP 148/71, HR 68. A: Patient with a history of heart failure. P: Continue current medications."
N00238,P0374,E03329,2024-06-25,SOAP,"S: Patient seen for medication review. Reports intermittent pain. O: BP 142/82, HR 76. A: Patient with a history of chronic kidney disease. P: Continue current medications."
N00239,P0179,E04369,2025-09-19,SOAP,"S: Patient seen for chronic disease check. Reports shortness of breath. O: BP 142/99, HR 92. A: Patient with no significant chronic conditions. P: Order labs and follow up in 2 weeks."
N00240,P0130,E04596,2024-12-23,SOAP,"S: Patient seen for follow-up visit. Reports feeling well. O: BP 116/75, HR 79. A: Patient with a history of depression. P: Continue current medications."
N00241,P0275,E00841,2025-02-13,SOAP,"S: Patient seen for urgent care visit. Reports mild fatigue. O: BP 108/99, HR 71. A: Patient with a history of COPD. P: Order labs and follow up in 2 weeks."
N00242,P0217,E01826,2024-09-23,SOAP,"S: Patient seen for ed visit for chest pain. Reports feeling well. O: BP 152/65, HR 93. A: Patient with a history of chronic kidney disease. P: Order labs and follow up in 2 weeks."
N00243,P0202,E00146,2025-10-30,SOAP,"S: Patient seen for admission for pneumonia. Reports feeling well. O: BP 114/87, HR 89. A: Patient with no significant chronic conditions. P: Reinforce diet and exercise counseling."
N00244,P0386,E01883,2023-03-27,SOAP,"S: Patient seen for medication review. Reports feeling well. O: BP 159/90, HR 99. A: Patient with a history of hypertension. P: Continue current medications."
N00245,P0346,E04470,2025-01-09,SOAP,"S: Patient seen for chronic disease check. Reports feeling well. O: BP 152/90, HR 103. A: Patient with a history of type 2 diabetes. P: Adjust medication dose and recheck in 4 weeks."
N00246,P0371,E02409,2025-01-20,SOAP,"S: Patient seen for physical therapy. Reports shortness of breath. O: BP 108/79, HR 81. A: Patient with a history of depression. P: Adjust medication dose and recheck in 4 weeks."
N00247,P0023,E03111,2023-04-13,SOAP,"S: Patient seen for emergency room admission. Reports poor sleep. O: BP 127/71, HR 78. A: Patient with no significant chronic conditions. P: Refer to specialist."
N00248,P0157,E00890,2024-05-03,SOAP,"S: Patient seen for emergency room admission. Reports shortness of breath. O: BP 133/89, HR 62. A: Patient with a history of depression. P: Continue current medications."
N00249,P0281,E01480,2023-09-18,SOAP,"S: Patient seen for medication review. Reports shortness of breath. O: BP 114/90, HR 80. A: Patient with a history of hyperlipidemia. P: Order labs and follow up in 2 weeks."
N00250,P0091,E04502,2025-09-20,SOAP,"S: Patient seen for well child visit. Reports shortness of breath. O: BP 164/77, HR 82. A: Patient with a history of depression. P: Reinforce diet and exercise counseling."
N00251,P0094,E00786,2023-10-14,SOAP,"S: Patient seen for chronic disease check. Reports mild fatigue. O: BP 154/88, HR 73. A: Patient with a history of heart failure. P: Continue current medications."
N00252,P0199,E02989,2024-05-06,SOAP,"S: Patient seen for emergency room admission. Reports poor sleep. O: BP 136/77, HR 67. A: Patient with a history of hypertension. P: Order labs and follow up in 2 weeks."
N00253,P0229,E00448,2025-09-02,SOAP,"S: Patient seen for emergency room admission. Reports poor sleep. O: BP 114/76, HR 78. A: Patient with a history of obesity. P: Continue current medications."
N00254,P0211,E00829,2023-07-24,SOAP,"S: Patient seen for annual wellness visit. Reports intermittent pain. O: BP 107/66, HR 82. A: Patient with a history of hypertension. P: Refer to specialist."
N00255,P0364,E03122,2023-04-20,SOAP,"S: Patient seen for follow-up visit. Reports intermittent pain. O: BP 106/93, HR 93. A: Patient with a history of osteoarthritis. P: Reinforce diet and exercise counseling."
N00256,P0479,E02068,2023-02-21,SOAP,"S: Patient seen for urgent care visit. Reports mild fatigue. O: BP 157/96, HR 64. A: Patient with no significant chronic conditions. P: Order labs and follow up in 2 weeks."
N00257,P0253,E02667,2025-08-14,SOAP,"S: Patient seen for chronic disease check. Reports mild fatigue. O: BP 145/83, HR 65. A: Patient with no significant chronic conditions. P: Reinforce diet and exercise counseling."
N00258,P0107,E02140,2023-02-08,SOAP,"S: Patient seen for physical therapy. Reports feeling well. O: BP 145/65, HR 85. A: Patient with no significant chronic conditions. P: Continue current medications."
N00259,P0339,E03350,2025-07-11,SOAP,"S: Patient seen for hospital admission. Reports intermittent pain. O: BP 139/83, HR 90. A: Patient with no significant chronic conditions. P: Order labs and follow up in 2 weeks."
N00260,P0278,E03155,2024-01-28,SOAP,"S: Patient seen for urgent care visit. Reports mild fatigue. O: BP 159/79, HR 59. A: Patient with a history of COPD. P: Refer to specialist."
N00261,P0386,E01258,2023-12-19,SOAP,"S: Patient seen for medication review. Reports intermittent pain. O: BP 132/68, HR 72. A: Patient with a history of hypertension. P: Continue current medications."
N00262,P0217,E03029,2025-07-13,SOAP,"S: Patient seen for well child visit. Reports shortness of breath. O: BP 105/99, HR 96. A: Patient with a history of chronic kidney disease. P: Refer to specialist."
N00263,P0362,E03598,2024-02-04,SOAP,"S: Patient seen for medication review. Reports feeling well. O: BP 129/82, HR 94. A: Patient with a history of hypertension. P: Order labs and follow up in 2 weeks."
N00264,P0015,E01898,2024-09-23,SOAP,"S: Patient seen for medication review. Reports shortness of breath. O: BP 128/65, HR 76. A: Patient with a history of asthma. P: Adjust medication dose and recheck in 4 weeks."
N00265,P0414,E00916,2025-11-26,SOAP,"S: Patient seen for urgent care visit. Reports shortness of breath. O: BP 161/68, HR 98. A: Patient with a history of hypertension. P: Refer to specialist."
N00266,P0291,E01269,2024-01-17,SOAP,"S: Patient seen for well child visit. Reports poor sleep. O: BP 157/80, HR 61. A: Patient with a history of depression. P: Refer to specialist."
N00267,P0283,E04997,2025-06-24,SOAP,"S: Patient seen for urgent care visit. Reports shortness of breath. O: BP 105/73, HR 89. A: Patient with a history of heart failure. P: Refer to specialist."
N00268,P0435,E01795,2025-06-17,SOAP,"S: Patient seen for ed visit for chest pain. Reports poor sleep. O: BP 106/75, HR 87. A: Patient with no significant chronic conditions. P: Reinforce diet and exercise counseling."
N00269,P0262,E03455,2023-03-14,SOAP,"S: Patient seen for urgent care visit. Reports intermittent pain. O: BP 128/72, HR 70. A: Patient with no significant chronic conditions. P: Order labs and follow up in 2 weeks."
N00270,P0253,E00885,2023-08-12,SOAP,"S: Patient seen for follow-up visit. Reports feeling well. O: BP 125/68, HR 65. A: Patient with no significant chronic conditions. P: Continue current medications."
N00271,P0447,E01043,2024-03-04,SOAP,"S: Patient seen for well child visit. Reports poor sleep. O: BP 164/85, HR 89. A: Patient with a history of depression. P: Reinforce diet and exercise counseling."
N00272,P0370,E03616,2025-10-12,SOAP,"S: Patient seen for annual wellness visit. Reports intermittent pain. O: BP 135/78, HR 92. A: Patient with a history of hypertension. P: Refer to specialist."
N00273,P0140,E03297,2025-06-08,SOAP,"S: Patient seen for medication review. Reports feeling well. O: BP 139/83, HR 69. A: Patient with a history of asthma. P: Reinforce diet and exercise counseling."
N00274,P0285,E04101,2023-04-05,SOAP,"S: Patient seen for medication review. Reports intermittent pain. O: BP 106/89, HR 68. A: Patient with no significant chronic conditions. P: Order labs and follow up in 2 weeks."
N00275,P0093,E03707,2025-05-26,SOAP,"S: Patient seen for medication review. Reports mild fatigue. O: BP 137/85, HR 58. A: Patient with a history of COPD. P: Reinforce diet and exercise counseling."
N00276,P0153,E04934,2025-03-01,SOAP,"S: Patient seen for urgent care visit. Reports mild fatigue. O: BP 127/85, HR 72. A: Patient with a history of asthma. P: Order labs and follow up in 2 weeks."
N00277,P0235,E01411,2023-12-05,SOAP,"S: Patient seen for admission for pneumonia. Reports feeling well. O: BP 128/73, HR 92. A: Patient with no significant chronic conditions. P: Adjust medication dose and recheck in 4 weeks."
N00278,P0222,E01326,2023-10-22,SOAP,"S: Patient seen for urgent care visit. Reports feeling well. O: BP 125/88, HR 61. A: Patient with a history of heart failure. P: Refer to specialist."
N00279,P0074,E02906,2024-08-08,SOAP,"S: Patient seen for annual wellness visit. Reports mild fatigue. O: BP 126/75, HR 74. A: Patient with a history of depression. P: Continue current medications."
N00280,P0185,E04082,2024-12-22,SOAP,"S: Patient seen for chronic disease check. Reports feeling well. O: BP 110/93, HR 93. A: Patient with a history of depression. P: Order labs and follow up in 2 weeks."
N00281,P0021,E02532,2025-02-27,SOAP,"S: Patient seen for imaging study. Reports shortness of breath. O: BP 148/87, HR 58. A: Patient with a history of COPD. P: Reinforce diet and exercise counseling."
N00282,P0180,E04001,2025-02-01,SOAP,"S: Patient seen for emergency room admission. Reports feeling well. O: BP 118/72, HR 91. A: Patient with a history of obesity. P: Refer to specialist."
N00283,P0458,E02295,2025-08-03,SOAP,"S: Patient seen for well child visit. Reports feeling well. O: BP 137/66, HR 80. A: Patient with no significant chronic conditions. P: Refer to specialist."
N00284,P0046,E02981,2024-06-13,SOAP,"S: Patient seen for chronic disease check. Reports intermittent pain. O: BP 111/73, HR 59. A: Patient with no significant chronic conditions. P: Continue current medications."
N00285,P0127,E04836,2025-03-22,SOAP,"S: Patient seen for admission for pneumonia. Reports shortness of breath. O: BP 121/67, HR 75. A: Patient with a history of chronic kidney disease. P: Continue current medications."
N00286,P0243,E04550,2024-04-07,SOAP,"S: Patient seen for well child visit. Reports feeling well. O: BP 126/92, HR 95. A: Patient with a history of hyperlipidemia. P: Refer to specialist."
N00287,P0160,E00491,2023-11-24,SOAP,"S: Patient seen for medication review. Reports mild fatigue. O: BP 118/74, HR 88. A: Patient with a history of osteoarthritis. P: Reinforce diet and exercise counseling."
N00288,P0238,E04621,2025-02-10,SOAP,"S: Patient seen for well child visit. Reports poor sleep. O: BP 114/89, HR 93. A: Patient with no significant chronic conditions. P: Order labs and follow up in 2 weeks."
N00289,P0412,E04142,2025-07-30,SOAP,"S: Patient seen for emergency room admission. Reports poor sleep. O: BP 121/93, HR 72. A: Patient with a history of hyperlipidemia. P: Reinforce diet and exercise counseling."
N00290,P0420,E03698,2024-05-12,SOAP,"S: Patient seen for annual wellness visit. Reports shortness of breath. O: BP 158/77, HR 60. A: Patient with a history of depression. P: Reinforce diet and exercise counseling."
N00291,P0277,E00981,2024-04-25,SOAP,"S: Patient seen for imaging study. Reports mild fatigue. O: BP 148/88, HR 69. A: Patient with a history of hypertension. P: Reinforce diet and exercise counseling."
N00292,P0097,E03820,2025-08-28,SOAP,"S: Patient seen for ed visit for chest pain. Reports poor sleep. O: BP 108/89, HR 61. A: Patient with a history of hyperlipidemia. P: Adjust medication dose and recheck in 4 weeks."
N00293,P0477,E01897,2025-05-17,SOAP,"S: Patient seen for chronic disease check. Reports shortness of breath. O: BP 117/91, HR 60. A: Patient with a history of hyperlipidemia. P: Refer to specialist."
N00294,P0496,E01807,2025-03-25,SOAP,"S: Patient seen for annual wellness visit. Reports feeling well. O: BP 114/84, HR 65. A: Patient with a history of type 2 diabetes. P: Order labs and follow up in 2 weeks."
N00295,P0362,E00734,2023-07-31,SOAP,"S: Patient seen for urgent care visit. Reports shortness of breath. O: BP 118/84, HR 97. A: Patient with a history of hypertension. P: Adjust medication dose and recheck in 4 weeks."
N00296,P0138,E02760,2023-08-24,SOAP,"S: Patient seen for imaging study. Reports mild fatigue. O: BP 146/85, HR 92. A: Patient with a history of asthma. P: Continue current medications."
N00297,P0338,E04064,2025-02-19,SOAP,"S: Patient seen for physical therapy. Reports poor sleep. O: BP 119/92, HR 82. A: Patient with a history of asthma. P: Continue current medications."
N00298,P0058,E00771,2023-08-14,SOAP,"S: Patient seen for chronic disease check. Reports intermittent pain. O: BP 160/77, HR 85. A: Patient with no significant chronic conditions. P: Reinforce diet and exercise counseling."
N00299,P0329,E03476,2024-08-04,SOAP,"S: Patient seen for well child visit. Reports mild fatigue. O: BP 132/87, HR 101. A: Patient with no significant chronic conditions. P: Refer to specialist."
N00300,P0152,E00302,2023-12-15,SOAP,"S: Patient seen for outpatient procedure. Reports feeling well. O: BP 147/84, HR 78. A: Patient with no significant chronic conditions. P: Adjust medication dose and recheck in 4 weeks."
N00301,P0258,E02276,2025-06-08,SOAP,"S: Patient seen for medication review. Reports intermittent pain. O: BP 128/91, HR 93. A: Patient with no significant chronic conditions. P: Reinforce diet and exercise counseling."
N00302,P0493,E01414,2023-04-20,SOAP,"S: Patient seen for well child visit. Reports intermittent pain. O: BP 107/99, HR 95. A: Patient with a history of heart failure. P: Continue current medications."
N00303,P0027,E03135,2023-01-18,SOAP,"S: Patient seen for physical therapy. Reports feeling well. O: BP 163/83, HR 82. A: Patient with a history of osteoarthritis. P: Refer to specialist."
N00304,P0031,E00676,2024-11-13,SOAP,"S: Patient seen for hospital admission. Reports feeling well. O: BP 139/93, HR 97. A: Patient with a history of osteoarthritis. P: Adjust medication dose and recheck in 4 weeks."
N00305,P0298,E02172,2023-01-25,SOAP,"S: Patient seen for emergency room admission. Reports poor sleep. O: BP 135/91, HR 72. A: Patient with a history of depression. P: Reinforce diet and exercise counseling."
N00306,P0421,E02069,2025-06-29,SOAP,"S: Patient seen for well child visit. Reports feeling well. O: BP 113/77, HR 58. A: Patient with no significant chronic conditions. P: Adjust medication dose and recheck in 4 weeks."
N00307,P0131,E04771,2024-10-10,SOAP,"S: Patient seen for follow-up visit. Reports mild fatigue. O: BP 156/78, HR 73. A: Patient with a history of obesity. P: Refer to specialist."
N00308,P0488,E00718,2025-10-11,SOAP,"S: Patient seen for annual wellness visit. Reports poor sleep. O: BP 138/80, HR 64. A: Patient with a history of obesity. P: Adjust medication dose and recheck in 4 weeks."
N00309,P0154,E03420,2025-08-15,SOAP,"S: Patient seen for chronic disease check. Reports shortness of breath. O: BP 105/74, HR 78. A: Patient with a history of osteoarthritis. P: Reinforce diet and exercise counseling."
N00310,P0304,E02728,2023-03-23,SOAP,"S: Patient seen for follow-up visit. Reports poor sleep. O: BP 151/74, HR 89. A: Patient with a history of chronic kidney disease. P: Continue current medications."
N00311,P0268,E00303,2024-03-19,SOAP,"S: Patient seen for chronic disease check. Reports intermittent pain. O: BP 105/66, HR 77. A: Patient with a history of COPD. P: Continue current medications."
N00312,P0450,E02171,2023-02-07,SOAP,"S: Patient seen for ed visit for chest pain. Reports poor sleep. O: BP 163/92, HR 82. A: Patient with a history of hyperlipidemia. P: Adjust medication dose and recheck in 4 weeks."
N00313,P0384,E02151,2024-07-23,SOAP,"S: Patient seen for annual wellness visit. Reports poor sleep. O: BP 124/94, HR 60. A: Patient with a history of type 2 diabetes. P: Order labs and follow up in 2 weeks."
N00314,P0408,E00859,2024-04-21,SOAP,"S: Patient seen for medication review. Reports mild fatigue. O: BP 129/67, HR 68. A: Patient with a history of heart failure. P: Order labs and follow up in 2 weeks."
N00315,P0485,E03031,2025-01-22,SOAP,"S: Patient seen for physical therapy. Reports intermittent pain. O: BP 135/97, HR 96. A: Patient with a history of type 2 diabetes. P: Order labs and follow up in 2 weeks."
N00316,P0222,E01519,2023-03-16,SOAP,"S: Patient seen for urgent care visit. Reports shortness of breath. O: BP 117/91, HR 90. A: Patient with a history of heart failure. P: Order labs and follow up in 2 weeks."
N00317,P0154,E03524,2025-02-14,SOAP,"S: Patient seen for ed visit for chest pain. Reports intermittent pain. O: BP 118/96, HR 70. A: Patient with a history of osteoarthritis. P: Continue current medications."
N00318,P0259,E02141,2025-03-22,SOAP,"S: Patient seen for physical therapy. Reports feeling well. O: BP 158/98, HR 67. A: Patient with a history of obesity. P: Reinforce diet and exercise counseling."
N00319,P0242,E02326,2025-03-09,SOAP,"S: Patient seen for emergency room admission. Reports mild fatigue. O: BP 161/67, HR 94. A: Patient with a history of hypertension. P: Adjust medication dose and recheck in 4 weeks."
N00320,P0203,E02827,2024-06-21,SOAP,"S: Patient seen for urgent care visit. Reports feeling well. O: BP 110/99, HR 68. A: Patient with a history of hyperlipidemia. P: Order labs and follow up in 2 weeks."
N00321,P0401,E04098,2023-01-16,SOAP,"S: Patient seen for physical therapy. Reports shortness of breath. O: BP 136/68, HR 98. A: Patient with a history of obesity. P: Refer to specialist."
N00322,P0403,E01176,2023-11-20,SOAP,"S: Patient seen for well child visit. Reports intermittent pain. O: BP 111/98, HR 102. A: Patient with a history of obesity. P: Order labs and follow up in 2 weeks."
N00323,P0155,E03393,2025-01-17,SOAP,"S: Patient seen for admission for pneumonia. Reports mild fatigue. O: BP 111/65, HR 94. A: Patient with no significant chronic conditions. P: Order labs and follow up in 2 weeks."
N00324,P0372,E02342,2024-02-17,SOAP,"S: Patient seen for urgent care visit. Reports shortness of breath. O: BP 158/77, HR 83. A: Patient with a history of COPD. P: Reinforce diet and exercise counseling."
N00325,P0009,E03024,2024-02-06,SOAP,"S: Patient seen for urgent care visit. Reports poor sleep. O: BP 164/76, HR 90. A: Patient with no significant chronic conditions. P: Order labs and follow up in 2 weeks."
N00326,P0085,E02105,2025-09-17,SOAP,"S: Patient seen for follow-up visit. Reports shortness of breath. O: BP 139/89, HR 58. A: Patient with a history of chronic kidney disease. P: Continue current medications."
N00327,P0066,E00708,2025-11-17,SOAP,"S: Patient seen for annual wellness visit. Reports shortness of breath. O: BP 154/90, HR 90. A: Patient with a history of depression. P: Continue current medications."
N00328,P0458,E04865,2025-02-10,SOAP,"S: Patient seen for well child visit. Reports feeling well. O: BP 161/75, HR 89. A: Patient with no significant chronic conditions. P: Reinforce diet and exercise counseling."
N00329,P0029,E01796,2025-08-17,SOAP,"S: Patient seen for medication review. Reports feeling well. O: BP 124/75, HR 81. A: Patient with no significant chronic conditions. P: Reinforce diet and exercise counseling."
N00330,P0025,E03793,2024-02-10,SOAP,"S: Patient seen for follow-up visit. Reports poor sleep. O: BP 148/82, HR 82. A: Patient with a history of hyperlipidemia. P: Adjust medication dose and recheck in 4 weeks."
N00331,P0303,E04569,2023-02-24,SOAP,"S: Patient seen for follow-up visit. Reports poor sleep. O: BP 164/66, HR 85. A: Patient with a history of osteoarthritis. P: Refer to specialist."
N00332,P0117,E00365,2024-10-05,SOAP,"S: Patient seen for follow-up visit. Reports feeling well. O: BP 148/93, HR 96. A: Patient with no significant chronic conditions. P: Reinforce diet and exercise counseling."
N00333,P0414,E02084,2024-02-14,SOAP,"S: Patient seen for well child visit. Reports mild fatigue. O: BP 145/83, HR 64. A: Patient with a history of hypertension. P: Adjust medication dose and recheck in 4 weeks."
N00334,P0129,E04146,2024-11-10,SOAP,"S: Patient seen for follow-up visit. Reports poor sleep. O: BP 155/94, HR 96. A: Patient with a history of depression. P: Reinforce diet and exercise counseling."
N00335,P0351,E03974,2024-03-16,SOAP,"S: Patient seen for urgent care visit. Reports feeling well. O: BP 118/72, HR 60. A: Patient with a history of heart failure. P: Order labs and follow up in 2 weeks."
N00336,P0358,E03511,2023-11-17,SOAP,"S: Patient seen for physical therapy. Reports feeling well. O: BP 138/78, HR 74. A: Patient with no significant chronic conditions. P: Reinforce diet and exercise counseling."
N00337,P0206,E01107,2023-04-22,SOAP,"S: Patient seen for medication review. Reports feeling well. O: BP 144/99, HR 80. A: Patient with a history of hyperlipidemia. P: Reinforce diet and exercise counseling."
N00338,P0353,E00172,2023-10-02,SOAP,"S: Patient seen for urgent care visit. Reports intermittent pain. O: BP 163/98, HR 87. A: Patient with a history of COPD. P: Refer to specialist."
N00339,P0402,E01552,2024-05-28,SOAP,"S: Patient seen for well child visit. Reports poor sleep. O: BP 107/82, HR 92. A: Patient with a history of asthma. P: Reinforce diet and exercise counseling."
N00340,P0225,E04982,2024-10-21,SOAP,"S: Patient seen for well child visit. Reports mild fatigue. O: BP 121/91, HR 78. A: Patient with a history of COPD. P: Adjust medication dose and recheck in 4 weeks."
N00341,P0022,E01576,2024-01-21,SOAP,"S: Patient seen for well child visit. Reports shortness of breath. O: BP 163/94, HR 98. A: Patient with no significant chronic conditions. P: Reinforce diet and exercise counseling."
N00342,P0410,E03640,2025-03-13,SOAP,"S: Patient seen for medication review. Reports shortness of breath. O: BP 108/76, HR 64. A: Patient with a history of depression. P: Adjust medication dose and recheck in 4 weeks."
N00343,P0042,E02020,2024-10-02,SOAP,"S: Patient seen for imaging study. Reports feeling well. O: BP 147/97, HR 102. A: Patient with no significant chronic conditions. P: Adjust medication dose and recheck in 4 weeks."
N00344,P0029,E03213,2024-03-18,SOAP,"S: Patient seen for follow-up visit. Reports shortness of breath. O: BP 150/92, HR 104. A: Patient with no significant chronic conditions. P: Continue current medications."
N00345,P0490,E04814,2023-05-12,SOAP,"S: Patient seen for physical therapy. Reports intermittent pain. O: BP 108/85, HR 98. A: Patient with no significant chronic conditions. P: Order labs and follow up in 2 weeks."
N00346,P0165,E04817,2025-04-06,SOAP,"S: Patient seen for follow-up visit. Reports poor sleep. O: BP 135/84, HR 72. A: Patient with no significant chronic conditions. P: Reinforce diet and exercise counseling."
N00347,P0213,E02560,2024-08-29,SOAP,"S: Patient seen for follow-up visit. Reports poor sleep. O: BP 136/65, HR 102. A: Patient with no significant chronic conditions. P: Continue current medications."
N00348,P0360,E01423,2024-04-19,SOAP,"S: Patient seen for follow-up visit. Reports shortness of breath. O: BP 138/76, HR 99. A: Patient with no significant chronic conditions. P: Adjust medication dose and recheck in 4 weeks."
N00349,P0264,E03894,2025-01-13,SOAP,"S: Patient seen for chronic disease check. Reports mild fatigue. O: BP 133/71, HR 66. A: Patient with a history of hyperlipidemia. P: Refer to specialist."
N00350,P0300,E03416,2023-11-27,SOAP,"S: Patient seen for medication review. Reports poor sleep. O: BP 138/96, HR 59. A: Patient with a history of depression. P: Order labs and follow up in 2 weeks."
N00351,P0114,E00020,2024-06-01,SOAP,"S: Patient seen for physical therapy. Reports feeling well. O: BP 126/85, HR 89. A: Patient with a history of depression. P: Refer to specialist."
N00352,P0240,E03981,2023-02-21,SOAP,"S: Patient seen for well child visit. Reports feeling well. O: BP 120/93, HR 70. A: Patient with no significant chronic conditions. P: Reinforce diet and exercise counseling."
N00353,P0398,E02305,2023-03-13,SOAP,"S: Patient seen for physical therapy. Reports intermittent pain. O: BP 157/75, HR 65. A: Patient with a history of chronic kidney disease. P: Continue current medications."
N00354,P0186,E00992,2024-04-16,SOAP,"S: Patient seen for outpatient procedure. Reports intermittent pain. O: BP 129/73, HR 75. A: Patient with a history of type 2 diabetes. P: Order labs and follow up in 2 weeks."
N00355,P0352,E02548,2024-04-25,SOAP,"S: Patient seen for admission for pneumonia. Reports poor sleep. O: BP 143/82, HR 104. A: Patient with a history of asthma. P: Order labs and follow up in 2 weeks."
N00356,P0493,E03577,2025-08-06,SOAP,"S: Patient seen for chronic disease check. Reports mild fatigue. O: BP 117/72, HR 89. A: Patient with a history of heart failure. P: Refer to specialist."
N00357,P0335,E02143,2025-09-24,SOAP,"S: Patient seen for well child visit. Reports mild fatigue. O: BP 133/79, HR 104. A: Patient with a history of heart failure. P: Reinforce diet and exercise counseling."
N00358,P0255,E02214,2023-02-04,SOAP,"S: Patient seen for well child visit. Reports intermittent pain. O: BP 146/95, HR 84. A: Patient with a history of chronic kidney disease. P: Continue current medications."
N00359,P0457,E00028,2025-11-04,SOAP,"S: Patient seen for well child visit. Reports mild fatigue. O: BP 107/98, HR 77. A: Patient with no significant chronic conditions. P: Order labs and follow up in 2 weeks."
N00360,P0029,E01396,2023-09-28,SOAP,"S: Patient seen for outpatient procedure. Reports shortness of breath. O: BP 138/82, HR 103. A: Patient with no significant chronic conditions. P: Continue current medications."
N00361,P0374,E03567,2025-11-04,SOAP,"S: Patient seen for follow-up visit. Reports intermittent pain. O: BP 162/65, HR 65. A: Patient with a history of chronic kidney disease. P: Order labs and follow up in 2 weeks."
N00362,P0136,E01016,2025-09-19,SOAP,"S: Patient seen for follow-up visit. Reports shortness of breath. O: BP 133/83, HR 84. A: Patient with a history of hyperlipidemia. P: Refer to specialist."
N00363,P0343,E01560,2024-06-04,SOAP,"S: Patient seen for emergency room admission. Reports mild fatigue. O: BP 112/96, HR 90. A: Patient with a history of hyperlipidemia. P: Order labs and follow up in 2 weeks."
N00364,P0093,E02887,2023-01-19,SOAP,"S: Patient seen for follow-up visit. Reports shortness of breath. O: BP 126/73, HR 78. A: Patient with a history of COPD. P: Refer to specialist."
N00365,P0392,E01567,2024-09-25,SOAP,"S: Patient seen for emergency room admission. Reports intermittent pain. O: BP 114/81, HR 79. A: Patient with a history of COPD. P: Refer to specialist."
N00366,P0123,E02314,2023-06-04,SOAP,"S: Patient seen for urgent care visit. Reports shortness of breath. O: BP 130/94, HR 69. A: Patient with a history of heart failure. P: Reinforce diet and exercise counseling."
N00367,P0362,E01270,2025-01-15,SOAP,"S: Patient seen for urgent care visit. Reports mild fatigue. O: BP 141/68, HR 87. A: Patient with a history of hypertension. P: Reinforce diet and exercise counseling."
N00368,P0314,E04744,2025-12-21,SOAP,"S: Patient seen for annual wellness visit. Reports mild fatigue. O: BP 150/91, HR 88. A: Patient with a history of obesity. P: Adjust medication dose and recheck in 4 weeks."
N00369,P0435,E02894,2023-10-13,SOAP,"S: Patient seen for well child visit. Reports intermittent pain. O: BP 107/92, HR 100. A: Patient with no significant chronic conditions. P: Reinforce diet and exercise counseling."
N00370,P0143,E02798,2024-10-16,SOAP,"S: Patient seen for annual wellness visit. Reports feeling well. O: BP 125/81, HR 64. A: Patient with a history of hyperlipidemia. P: Continue current medications."
N00371,P0132,E03158,2025-01-29,SOAP,"S: Patient seen for well child visit. Reports poor sleep. O: BP 115/93, HR 103. A: Patient with a history of type 2 diabetes. P: Adjust medication dose and recheck in 4 weeks."
N00372,P0319,E04674,2023-05-28,SOAP,"S: Patient seen for annual wellness visit. Reports poor sleep. O: BP 131/99, HR 91. A: Patient with no significant chronic conditions. P: Adjust medication dose and recheck in 4 weeks."
N00373,P0238,E04563,2023-09-02,SOAP,"S: Patient seen for medication review. Reports mild fatigue. O: BP 144/73, HR 70. A: Patient with no significant chronic conditions. P: Adjust medication dose and recheck in 4 weeks."
N00374,P0275,E01618,2024-05-08,SOAP,"S: Patient seen for physical therapy. Reports poor sleep. O: BP 138/89, HR 66. A: Patient with a history of COPD. P: Reinforce diet and exercise counseling."
N00375,P0154,E01175,2024-03-06,SOAP,"S: Patient seen for emergency room admission. Reports intermittent pain. O: BP 146/81, HR 85. A: Patient with a history of osteoarthritis. P: Adjust medication dose and recheck in 4 weeks."
N00376,P0265,E03525,2023-01-25,SOAP,"S: Patient seen for annual wellness visit. Reports shortness of breath. O: BP 116/91, HR 85. A: Patient with no significant chronic conditions. P: Reinforce diet and exercise counseling."
N00377,P0043,E01249,2025-09-21,SOAP,"S: Patient seen for well child visit. Reports feeling well. O: BP 119/88, HR 83. A: Patient with a history of depression. P: Continue current medications."
N00378,P0468,E00724,2023-11-15,SOAP,"S: Patient seen for chronic disease check. Reports shortness of breath. O: BP 122/68, HR 93. A: Patient with a history of chronic kidney disease. P: Refer to specialist."
N00379,P0385,E01703,2024-01-29,SOAP,"S: Patient seen for annual wellness visit. Reports mild fatigue. O: BP 136/70, HR 103. A: Patient with a history of obesity. P: Refer to specialist."
N00380,P0003,E04370,2023-07-18,SOAP,"S: Patient seen for medication review. Reports poor sleep. O: BP 115/91, HR 67. A: Patient with a history of asthma. P: Refer to specialist."
N00381,P0261,E02096,2025-03-28,SOAP,"S: Patient seen for urgent care visit. Reports mild fatigue. O: BP 145/88, HR 58. A: Patient with a history of type 2 diabetes. P: Order labs and follow up in 2 weeks."
N00382,P0470,E01007,2023-08-06,SOAP,"S: Patient seen for annual wellness visit. Reports feeling well. O: BP 108/69, HR 67. A: Patient with a history of obesity. P: Order labs and follow up in 2 weeks."
N00383,P0296,E02950,2023-03-15,SOAP,"S: Patient seen for outpatient procedure. Reports shortness of breath. O: BP 160/83, HR 82. A: Patient with a history of hypertension. P: Order labs and follow up in 2 weeks."
N00384,P0227,E02824,2024-10-24,SOAP,"S: Patient seen for medication review. Reports poor sleep. O: BP 156/92, HR 62. A: Patient with no significant chronic conditions. P: Continue current medications."
N00385,P0215,E00594,2023-05-21,SOAP,"S: Patient seen for follow-up visit. Reports poor sleep. O: BP 155/67, HR 94. A: Patient with a history of hypertension. P: Refer to specialist."
N00386,P0447,E00073,2024-04-14,SOAP,"S: Patient seen for well child visit. Reports feeling well. O: BP 108/71, HR 85. A: Patient with a history of depression. P: Continue current medications."
N00387,P0026,E02881,2025-01-05,SOAP,"S: Patient seen for physical therapy. Reports intermittent pain. O: BP 158/85, HR 77. A: Patient with a history of COPD. P: Order labs and follow up in 2 weeks."
N00388,P0141,E02238,2025-05-14,SOAP,"S: Patient seen for imaging study. Reports intermittent pain. O: BP 164/80, HR 60. A: Patient with a history of hypertension. P: Refer to specialist."
N00389,P0473,E01086,2024-01-17,SOAP,"S: Patient seen for well child visit. Reports feeling well. O: BP 135/98, HR 75. A: Patient with a history of osteoarthritis. P: Continue current medications."
N00390,P0105,E02966,2025-08-04,SOAP,"S: Patient seen for well child visit. Reports mild fatigue. O: BP 146/96, HR 104. A: Patient with a history of hyperlipidemia. P: Order labs and follow up in 2 weeks."
N00391,P0159,E01159,2023-11-04,SOAP,"S: Patient seen for annual wellness visit. Reports mild fatigue. O: BP 156/65, HR 99. A: Patient with a history of hypertension. P: Refer to specialist."
N00392,P0337,E03943,2025-01-05,SOAP,"S: Patient seen for annual wellness visit. Reports mild fatigue. O: BP 157/73, HR 79. A: Patient with a history of obesity. P: Refer to specialist."
N00393,P0205,E02780,2024-01-05,SOAP,"S: Patient seen for follow-up visit. Reports poor sleep. O: BP 137/94, HR 101. A: Patient with a history of osteoarthritis. P: Reinforce diet and exercise counseling."
N00394,P0287,E00055,2024-06-03,SOAP,"S: Patient seen for medication review. Reports feeling well. O: BP 136/77, HR 68. A: Patient with a history of type 2 diabetes. P: Adjust medication dose and recheck in 4 weeks."
N00395,P0359,E03013,2025-07-05,SOAP,"S: Patient seen for imaging study. Reports shortness of breath. O: BP 130/88, HR 83. A: Patient with a history of type 2 diabetes. P: Continue current medications."
N00396,P0481,E03293,2025-10-30,SOAP,"S: Patient seen for well child visit. Reports feeling well. O: BP 107/93, HR 61. A: Patient with a history of chronic kidney disease. P: Reinforce diet and exercise counseling."
N00397,P0052,E04434,2023-09-12,SOAP,"S: Patient seen for ed visit for chest pain. Reports shortness of breath. O: BP 153/69, HR 65. A: Patient with a history of COPD. P: Reinforce diet and exercise counseling."
N00398,P0334,E04124,2025-01-31,SOAP,"S: Patient seen for urgent care visit. Reports feeling well. O: BP 118/81, HR 58. A: Patient with a history of chronic kidney disease. P: Order labs and follow up in 2 weeks."
N00399,P0214,E00506,2024-09-26,SOAP,"S: Patient seen for chronic disease check. Reports intermittent pain. O: BP 107/66, HR 84. A: Patient with a history of heart failure. P: Adjust medication dose and recheck in 4 weeks."
N00400,P0067,E04183,2025-09-30,SOAP,"S: Patient seen for imaging study. Reports mild fatigue. O: BP 114/94, HR 84. A: Patient with no significant chronic conditions. P: Refer to specialist."
N00401,P0419,E02244,2024-04-06,SOAP,"S: Patient seen for annual wellness visit. Reports mild fatigue. O: BP 124/84, HR 100. A: Patient with a history of obesity. P: Refer to specialist."
N00402,P0328,E04306,2024-06-18,SOAP,"S: Patient seen for urgent care visit. Reports intermittent pain. O: BP 113/92, HR 101. A: Patient with a history of depression. P: Order labs and follow up in 2 weeks."
N00403,P0028,E01409,2024-04-15,SOAP,"S: Patient seen for outpatient procedure. Reports feeling well. O: BP 159/85, HR 70. A: Patient with a history of hyperlipidemia. P: Refer to specialist."
N00404,P0256,E00109,2025-08-07,SOAP,"S: Patient seen for hospital admission. Reports shortness of breath. O: BP 161/96, HR 101. A: Patient with no significant chronic conditions. P: Refer to specialist."
N00405,P0200,E03594,2025-03-11,SOAP,"S: Patient seen for annual wellness visit. Reports feeling well. O: BP 110/91, HR 58. A: Patient with a history of hypertension. P: Refer to specialist."
N00406,P0308,E01281,2024-01-03,SOAP,"S: Patient seen for urgent care visit. Reports poor sleep. O: BP 128/87, HR 70. A: Patient with a history of depression. P: Adjust medication dose and recheck in 4 weeks."
N00407,P0500,E03857,2024-04-07,SOAP,"S: Patient seen for well child visit. Reports poor sleep. O: BP 151/96, HR 79. A: Patient with a history of type 2 diabetes. P: Reinforce diet and exercise counseling."
N00408,P0410,E00589,2025-03-11,SOAP,"S: Patient seen for outpatient procedure. Reports poor sleep. O: BP 145/96, HR 78. A: Patient with a history of depression. P: Refer to specialist."
N00409,P0244,E04896,2024-12-09,SOAP,"S: Patient seen for urgent care visit. Reports mild fatigue. O: BP 108/81, HR 104. A: Patient with a history of asthma. P: Reinforce diet and exercise counseling."
N00410,P0142,E03206,2023-06-06,SOAP,"S: Patient seen for chronic disease check. Reports intermittent pain. O: BP 161/85, HR 68. A: Patient with a history of hyperlipidemia. P: Continue current medications."
N00411,P0398,E01542,2023-07-16,SOAP,"S: Patient seen for imaging study. Reports mild fatigue. O: BP 153/79, HR 61. A: Patient with a history of chronic kidney disease. P: Reinforce diet and exercise counseling."
N00412,P0218,E01684,2023-10-20,SOAP,"S: Patient seen for urgent care visit. Reports shortness of breath. O: BP 164/82, HR 104. A: Patient with no significant chronic conditions. P: Continue current medications."
N00413,P0245,E02514,2023-03-06,SOAP,"S: Patient seen for admission for pneumonia. Reports feeling well. O: BP 163/80, HR 98. A: Patient with a history of COPD. P: Adjust medication dose and recheck in 4 weeks."
N00414,P0330,E00268,2025-06-23,SOAP,"S: Patient seen for annual wellness visit. Reports poor sleep. O: BP 136/94, HR 103. A: Patient with a history of obesity. P: Adjust medication dose and recheck in 4 weeks."
N00415,P0073,E01511,2024-04-10,SOAP,"S: Patient seen for well child visit. Reports intermittent pain. O: BP 146/83, HR 72. A: Patient with a history of obesity. P: Refer to specialist."
N00416,P0020,E01736,2023-03-11,SOAP,"S: Patient seen for ed visit for chest pain. Reports mild fatigue. O: BP 142/84, HR 80. A: Patient with no significant chronic conditions. P: Adjust medication dose and recheck in 4 weeks."
N00417,P0244,E04004,2024-03-05,SOAP,"S: Patient seen for follow-up visit. Reports poor sleep. O: BP 132/96, HR 102. A: Patient with a history of asthma. P: Order labs and follow up in 2 weeks."
N00418,P0384,E04338,2024-08-31,SOAP,"S: Patient seen for physical therapy. Reports feeling well. O: BP 123/95, HR 87. A: Patient with a history of type 2 diabetes. P: Refer to specialist."
N00419,P0168,E00863,2024-04-29,SOAP,"S: Patient seen for medication review. Reports intermittent pain. O: BP 145/90, HR 104. A: Patient with a history of heart failure. P: Adjust medication dose and recheck in 4 weeks."
N00420,P0276,E02034,2023-05-26,SOAP,"S: Patient seen for annual wellness visit. Reports poor sleep. O: BP 135/74, HR 90. A: Patient with a history of asthma. P: Refer to specialist."
N00421,P0379,E01241,2023-11-07,SOAP,"S: Patient seen for chronic disease check. Reports intermittent pain. O: BP 111/65, HR 84. A: Patient with a history of asthma. P: Adjust medication dose and recheck in 4 weeks."
N00422,P0300,E03332,2023-10-28,SOAP,"S: Patient seen for chronic disease check. Reports feeling well. O: BP 106/67, HR 96. A: Patient with a history of depression. P: Order labs and follow up in 2 weeks."
N00423,P0361,E03850,2024-04-05,SOAP,"S: Patient seen for urgent care visit. Reports shortness of breath. O: BP 140/83, HR 76. A: Patient with a history of asthma. P: Reinforce diet and exercise counseling."
N00424,P0403,E01298,2023-04-23,SOAP,"S: Patient seen for urgent care visit. Reports poor sleep. O: BP 137/75, HR 95. A: Patient with a history of obesity. P: Adjust medication dose and recheck in 4 weeks."
N00425,P0429,E04711,2024-02-18,SOAP,"S: Patient seen for well child visit. Reports mild fatigue. O: BP 109/89, HR 98. A: Patient with a history of osteoarthritis. P: Reinforce diet and exercise counseling."
N00426,P0364,E02028,2023-01-21,SOAP,"S: Patient seen for annual wellness visit. Reports mild fatigue. O: BP 112/73, HR 90. A: Patient with a history of osteoarthritis. P: Refer to specialist."
N00427,P0278,E01998,2023-07-12,SOAP,"S: Patient seen for annual wellness visit. Reports shortness of breath. O: BP 127/97, HR 80. A: Patient with a history of COPD. P: Adjust medication dose and recheck in 4 weeks."
N00428,P0115,E01267,2024-03-24,SOAP,"S: Patient seen for urgent care visit. Reports shortness of breath. O: BP 154/68, HR 69. A: Patient with a history of chronic kidney disease. P: Reinforce diet and exercise counseling."
N00429,P0262,E03355,2024-07-19,SOAP,"S: Patient seen for medication review. Reports poor sleep. O: BP 142/69, HR 58. A: Patient with no significant chronic conditions. P: Refer to specialist."
N00430,P0011,E01028,2023-07-04,SOAP,"S: Patient seen for urgent care visit. Reports intermittent pain. O: BP 135/70, HR 81. A: Patient with a history of heart failure. P: Refer to specialist."
N00431,P0029,E03677,2024-08-07,SOAP,"S: Patient seen for chronic disease check. Reports intermittent pain. O: BP 119/81, HR 101. A: Patient with no significant chronic conditions. P: Reinforce diet and exercise counseling."
N00432,P0176,E03664,2025-08-02,SOAP,"S: Patient seen for well child visit. Reports shortness of breath. O: BP 127/72, HR 99. A: Patient with a history of asthma. P: Refer to specialist."
N00433,P0208,E03519,2023-05-26,SOAP,"S: Patient seen for hospital admission. Reports mild fatigue. O: BP 123/78, HR 74. A: Patient with no significant chronic conditions. P: Adjust medication dose and recheck in 4 weeks."
N00434,P0061,E03597,2024-10-12,SOAP,"S: Patient seen for chronic disease check. Reports feeling well. O: BP 150/94, HR 102. A: Patient with a history of asthma. P: Refer to specialist."
N00435,P0052,E02388,2025-10-06,SOAP,"S: Patient seen for physical therapy. Reports poor sleep. O: BP 154/66, HR 84. A: Patient with a history of COPD. P: Continue current medications."
N00436,P0322,E03559,2024-04-02,SOAP,"S: Patient seen for admission for pneumonia. Reports feeling well. O: BP 151/80, HR 95. A: Patient with a history of hyperlipidemia. P: Adjust medication dose and recheck in 4 weeks."
N00437,P0377,E04848,2025-01-18,SOAP,"S: Patient seen for follow-up visit. Reports poor sleep. O: BP 146/83, HR 73. A: Patient with a history of depression. P: Refer to specialist."
N00438,P0118,E04151,2024-04-18,SOAP,"S: Patient seen for urgent care visit. Reports shortness of breath. O: BP 139/82, HR 78. A: Patient with a history of asthma. P: Refer to specialist."
N00439,P0476,E04168,2024-12-27,SOAP,"S: Patient seen for hospital admission. Reports feeling well. O: BP 152/95, HR 71. A: Patient with a history of depression. P: Reinforce diet and exercise counseling."
N00440,P0229,E04940,2023-04-24,SOAP,"S: Patient seen for follow-up visit. Reports mild fatigue. O: BP 138/75, HR 62. A: Patient with a history of obesity. P: Continue current medications."
N00441,P0397,E04820,2023-09-09,SOAP,"S: Patient seen for emergency room admission. Reports feeling well. O: BP 116/90, HR 77. A: Patient with a history of COPD. P: Continue current medications."
N00442,P0222,E03153,2025-05-17,SOAP,"S: Patient seen for medication review. Reports feeling well. O: BP 147/97, HR 63. A: Patient with a history of heart failure. P: Adjust medication dose and recheck in 4 weeks."
N00443,P0107,E04403,2023-12-19,SOAP,"S: Patient seen for physical therapy. Reports intermittent pain. O: BP 121/96, HR 93. A: Patient with no significant chronic conditions. P: Refer to specialist."
N00444,P0262,E03657,2025-08-06,SOAP,"S: Patient seen for annual wellness visit. Reports poor sleep. O: BP 118/94, HR 98. A: Patient with no significant chronic conditions. P: Reinforce diet and exercise counseling."
N00445,P0115,E03751,2025-05-18,SOAP,"S: Patient seen for annual wellness visit. Reports feeling well. O: BP 136/68, HR 81. A: Patient with a history of chronic kidney disease. P: Order labs and follow up in 2 weeks."
N00446,P0203,E02411,2023-11-29,SOAP,"S: Patient seen for admission for pneumonia. Reports shortness of breath. O: BP 106/88, HR 99. A: Patient with a history of hyperlipidemia. P: Continue current medications."
N00447,P0107,E01238,2023-05-17,SOAP,"S: Patient seen for ed visit for chest pain. Reports shortness of breath. O: BP 164/73, HR 82. A: Patient with no significant chronic conditions. P: Continue current medications."
N00448,P0136,E02372,2025-02-05,SOAP,"S: Patient seen for ed visit for chest pain. Reports mild fatigue. O: BP 133/90, HR 69. A: Patient with a history of hyperlipidemia. P: Adjust medication dose and recheck in 4 weeks."
N00449,P0324,E02200,2024-01-03,SOAP,"S: Patient seen for annual wellness visit. Reports mild fatigue. O: BP 113/92, HR 79. A: Patient with no significant chronic conditions. P: Refer to specialist."
N00450,P0055,E01589,2024-05-22,SOAP,"S: Patient seen for annual wellness visit. Reports mild fatigue. O: BP 105/96, HR 96. A: Patient with a history of obesity. P: Order labs and follow up in 2 weeks."
N00451,P0295,E00598,2023-07-06,SOAP,"S: Patient seen for well child visit. Reports feeling well. O: BP 121/96, HR 60. A: Patient with a history of heart failure. P: Reinforce diet and exercise counseling."
N00452,P0309,E01649,2025-07-31,SOAP,"S: Patient seen for emergency room admission. Reports poor sleep. O: BP 144/80, HR 86. A: Patient with a history of asthma. P: Order labs and follow up in 2 weeks."
N00453,P0466,E03417,2024-10-22,SOAP,"S: Patient seen for follow-up visit. Reports poor sleep. O: BP 136/96, HR 100. A: Patient with a history of heart failure. P: Reinforce diet and exercise counseling."
N00454,P0285,E04006,2024-09-01,SOAP,"S: Patient seen for annual wellness visit. Reports mild fatigue. O: BP 149/77, HR 97. A: Patient with no significant chronic conditions. P: Refer to specialist."
N00455,P0134,E02840,2023-05-03,SOAP,"S: Patient seen for ed visit for chest pain. Reports poor sleep. O: BP 132/77, HR 82. A: Patient with a history of heart failure. P: Reinforce diet and exercise counseling."
N00456,P0375,E04055,2024-02-06,SOAP,"S: Patient seen for well child visit. Reports feeling well. O: BP 156/98, HR 77. A: Patient with a history of osteoarthritis. P: Reinforce diet and exercise counseling."
N00457,P0464,E01287,2025-02-06,SOAP,"S: Patient seen for medication review. Reports intermittent pain. O: BP 122/71, HR 101. A: Patient with no significant chronic conditions. P: Refer to specialist."
N00458,P0135,E03304,2023-05-27,SOAP,"S: Patient seen for well child visit. Reports poor sleep. O: BP 148/79, HR 90. A: Patient with no significant chronic conditions. P: Reinforce diet and exercise counseling."
N00459,P0392,E04742,2025-03-13,SOAP,"S: Patient seen for admission for pneumonia. Reports shortness of breath. O: BP 150/74, HR 91. A: Patient with a history of COPD. P: Refer to specialist."
N00460,P0400,E04134,2024-02-29,SOAP,"S: Patient seen for well child visit. Reports shortness of breath. O: BP 156/74, HR 96. A: Patient with a history of asthma. P: Adjust medication dose and recheck in 4 weeks."
N00461,P0251,E04802,2025-07-09,SOAP,"S: Patient seen for annual wellness visit. Reports feeling well. O: BP 131/87, HR 64. A: Patient with no significant chronic conditions. P: Continue current medications."
N00462,P0247,E00038,2023-01-14,SOAP,"S: Patient seen for emergency room admission. Reports poor sleep. O: BP 151/85, HR 68. A: Patient with no significant chronic conditions. P: Refer to specialist."
N00463,P0022,E02707,2024-12-25,SOAP,"S: Patient seen for chronic disease check. Reports intermittent pain. O: BP 133/99, HR 89. A: Patient with no significant chronic conditions. P: Order labs and follow up in 2 weeks."
N00464,P0206,E01884,2023-10-25,SOAP,"S: Patient seen for chronic disease check. Reports intermittent pain. O: BP 146/86, HR 72. A: Patient with a history of hyperlipidemia. P: Continue current medications."
N00465,P0251,E03313,2024-05-17,SOAP,"S: Patient seen for physical therapy. Reports mild fatigue. O: BP 109/93, HR 94. A: Patient with no significant chronic conditions. P: Adjust medication dose and recheck in 4 weeks."
N00466,P0311,E03463,2025-02-28,SOAP,"S: Patient seen for chronic disease check. Reports feeling well. O: BP 155/78, HR 99. A: Patient with a history of obesity. P: Adjust medication dose and recheck in 4 weeks."
N00467,P0111,E04738,2023-02-20,SOAP,"S: Patient seen for imaging study. Reports shortness of breath. O: BP 126/89, HR 62. A: Patient with a history of depression. P: Refer to specialist."
N00468,P0488,E04108,2025-11-30,SOAP,"S: Patient seen for ed visit for chest pain. Reports shortness of breath. O: BP 152/71, HR 87. A: Patient with a history of obesity. P: Reinforce diet and exercise counseling."
N00469,P0233,E01715,2023-09-29,SOAP,"S: Patient seen for annual wellness visit. Reports intermittent pain. O: BP 145/68, HR 67. A: Patient with a history of osteoarthritis. P: Order labs and follow up in 2 weeks."
N00470,P0113,E01530,2024-05-24,SOAP,"S: Patient seen for ed visit for chest pain. Reports feeling well. O: BP 156/66, HR 60. A: Patient with a history of obesity. P: Continue current medications."
N00471,P0007,E00261,2025-12-11,SOAP,"S: Patient seen for medication review. Reports shortness of breath. O: BP 138/92, HR 77. A: Patient with a history of hyperlipidemia. P: Adjust medication dose and recheck in 4 weeks."
N00472,P0448,E01568,2023-01-07,SOAP,"S: Patient seen for well child visit. Reports poor sleep. O: BP 127/98, HR 100. A: Patient with a history of hyperlipidemia. P: Reinforce diet and exercise counseling."
N00473,P0342,E00620,2024-11-17,SOAP,"S: Patient seen for chronic disease check. Reports feeling well. O: BP 154/65, HR 80. A: Patient with no significant chronic conditions. P: Order labs and follow up in 2 weeks."
N00474,P0182,E03251,2023-10-03,SOAP,"S: Patient seen for medication review. Reports mild fatigue. O: BP 125/79, HR 90. A: Patient with a history of depression. P: Continue current medications."
N00475,P0412,E01012,2024-03-31,SOAP,"S: Patient seen for well child visit. Reports shortness of breath. O: BP 117/71, HR 97. A: Patient with a history of hyperlipidemia. P: Continue current medications."
N00476,P0329,E01691,2025-07-23,SOAP,"S: Patient seen for physical therapy. Reports intermittent pain. O: BP 162/78, HR 89. A: Patient with no significant chronic conditions. P: Continue current medications."
N00477,P0352,E00880,2023-07-29,SOAP,"S: Patient seen for medication review. Reports poor sleep. O: BP 118/75, HR 104. A: Patient with a history of asthma. P: Order labs and follow up in 2 weeks."
N00478,P0319,E03963,2025-11-24,SOAP,"S: Patient seen for emergency room admission. Reports shortness of breath. O: BP 145/75, HR 103. A: Patient with no significant chronic conditions. P: Reinforce diet and exercise counseling."
N00479,P0048,E03688,2024-01-20,SOAP,"S: Patient seen for emergency room admission. Reports intermittent pain. O: BP 148/89, HR 69. A: Patient with a history of heart failure. P: Order labs and follow up in 2 weeks."
N00480,P0284,E00122,2025-12-23,SOAP,"S: Patient seen for well child visit. Reports shortness of breath. O: BP 163/97, HR 101. A: Patient with no significant chronic conditions. P: Adjust medication dose and recheck in 4 weeks."
N00481,P0165,E04631,2023-01-13,SOAP,"S: Patient seen for well child visit. Reports shortness of breath. O: BP 125/77, HR 63. A: Patient with no significant chronic conditions. P: Reinforce diet and exercise counseling."
N00482,P0433,E01994,2023-04-12,SOAP,"S: Patient seen for annual wellness visit. Reports intermittent pain. O: BP 115/81, HR 71. A: Patient with a history of chronic kidney disease. P: Continue current medications."
N00483,P0197,E02478,2024-07-03,SOAP,"S: Patient seen for well child visit. Reports shortness of breath. O: BP 113/66, HR 86. A: Patient with no significant chronic conditions. P: Reinforce diet and exercise counseling."
N00484,P0373,E00338,2025-05-18,SOAP,"S: Patient seen for hospital admission. Reports shortness of breath. O: BP 143/77, HR 104. A: Patient with no significant chronic conditions. P: Refer to specialist."
N00485,P0061,E01699,2025-06-08,SOAP,"S: Patient seen for hospital admission. Reports intermittent pain. O: BP 160/84, HR 74. A: Patient with a history of asthma. P: Continue current medications."
N00486,P0449,E04375,2024-02-01,SOAP,"S: Patient seen for medication review. Reports intermittent pain. O: BP 156/72, HR 95. A: Patient with a history of type 2 diabetes. P: Reinforce diet and exercise counseling."
N00487,P0430,E01816,2023-01-03,SOAP,"S: Patient seen for urgent care visit. Reports shortness of breath. O: BP 147/82, HR 78. A: Patient with a history of type 2 diabetes. P: Reinforce diet and exercise counseling."
N00488,P0386,E04662,2024-05-12,SOAP,"S: Patient seen for well child visit. Reports shortness of breath. O: BP 116/81, HR 100. A: Patient with a history of hypertension. P: Reinforce diet and exercise counseling."
N00489,P0405,E01636,2023-07-03,SOAP,"S: Patient seen for annual wellness visit. Reports poor sleep. O: BP 122/65, HR 94. A: Patient with a history of chronic kidney disease. P: Adjust medication dose and recheck in 4 weeks."
N00490,P0202,E00835,2025-05-28,SOAP,"S: Patient seen for urgent care visit. Reports shortness of breath. O: BP 133/69, HR 80. A: Patient with no significant chronic conditions. P: Adjust medication dose and recheck in 4 weeks."
N00491,P0302,E02613,2023-11-25,SOAP,"S: Patient seen for chronic disease check. Reports mild fatigue. O: BP 147/91, HR 91. A: Patient with a history of type 2 diabetes. P: Order labs and follow up in 2 weeks."
N00492,P0198,E04750,2025-12-08,SOAP,"S: Patient seen for annual wellness visit. Reports feeling well. O: BP 146/93, HR 61. A: Patient with a history of depression. P: Refer to specialist."
N00493,P0416,E04196,2025-02-03,SOAP,"S: Patient seen for urgent care visit. Reports feeling well. O: BP 162/99, HR 67. A: Patient with a history of heart failure. P: Refer to specialist."
N00494,P0328,E00129,2025-05-01,SOAP,"S: Patient seen for well child visit. Reports feeling well. O: BP 146/72, HR 59. A: Patient with a history of depression. P: Refer to specialist."
N00495,P0295,E00864,2025-08-03,SOAP,"S: Patient seen for admission for pneumonia. Reports feeling well. O: BP 146/99, HR 85. A: Patient with a history of heart failure. P: Adjust medication dose and recheck in 4 weeks."
N00496,P0421,E04764,2024-10-01,SOAP,"S: Patient seen for well child visit. Reports mild fatigue. O: BP 106/95, HR 80. A: Patient with no significant chronic conditions. P: Order labs and follow up in 2 weeks."
N00497,P0211,E03300,2023-12-24,SOAP,"S: Patient seen for urgent care visit. Reports feeling well. O: BP 122/82, HR 81. A: Patient with a history of hypertension. P: Reinforce diet and exercise counseling."
N00498,P0183,E02291,2023-08-25,SOAP,"S: Patient seen for chronic disease check. Reports shortness of breath. O: BP 163/69, HR 97. A: Patient with a history of chronic kidney disease. P: Order labs and follow up in 2 weeks."
N00499,P0194,E04901,2024-04-16,SOAP,"S: Patient seen for well child visit. Reports shortness of breath. O: BP 151/94, HR 101. A: Patient with no significant chronic conditions. P: Order labs and follow up in 2 weeks."
N00500,P0121,E00093,2023-06-13,SOAP,"S: Patient seen for outpatient procedure. Reports feeling well. O: BP 110/86, HR 61. A: Patient with a history of hyperlipidemia. P: Order labs and follow up in 2 weeks."
N00501,P0086,E01291,2025-10-16,SOAP,"S: Patient seen for ed visit for chest pain. Reports mild fatigue. O: BP 122/65, HR 63. A: Patient with no significant chronic conditions. P: Refer to specialist."
N00502,P0211,E02045,2024-12-04,SOAP,"S: Patient seen for imaging study. Reports mild fatigue. O: BP 130/88, HR 79. A: Patient with a history of hypertension. P: Continue current medications."
N00503,P0075,E04939,2023-08-30,SOAP,"S: Patient seen for imaging study. Reports shortness of breath. O: BP 149/84, HR 87. A: Patient with no significant chronic conditions. P: Order labs and follow up in 2 weeks."
N00504,P0414,E01108,2025-07-11,SOAP,"S: Patient seen for urgent care visit. Reports shortness of breath. O: BP 159/90, HR 81. A: Patient with a history of hypertension. P: Refer to specialist."
N00505,P0133,E04406,2024-12-20,SOAP,"S: Patient seen for ed visit for chest pain. Reports mild fatigue. O: BP 151/73, HR 95. A: Patient with a history of chronic kidney disease. P: Order labs and follow up in 2 weeks."
N00506,P0323,E00478,2024-02-25,SOAP,"S: Patient seen for well child visit. Reports shortness of breath. O: BP 124/70, HR 61. A: Patient with a history of obesity. P: Order labs and follow up in 2 weeks."
N00507,P0313,E00977,2023-05-12,SOAP,"S: Patient seen for chronic disease check. Reports feeling well. O: BP 132/98, HR 78. A: Patient with a history of asthma. P: Refer to specialist."
N00508,P0247,E01820,2025-05-15,SOAP,"S: Patient seen for ed visit for chest pain. Reports feeling well. O: BP 155/74, HR 73. A: Patient with no significant chronic conditions. P: Reinforce diet and exercise counseling."
N00509,P0046,E04103,2025-01-31,SOAP,"S: Patient seen for annual wellness visit. Reports feeling well. O: BP 144/84, HR 85. A: Patient with no significant chronic conditions. P: Adjust medication dose and recheck in 4 weeks."
N00510,P0025,E04330,2025-03-02,SOAP,"S: Patient seen for follow-up visit. Reports feeling well. O: BP 124/96, HR 98. A: Patient with a history of hyperlipidemia. P: Adjust medication dose and recheck in 4 weeks."
N00511,P0174,E02994,2023-10-21,SOAP,"S: Patient seen for annual wellness visit. Reports shortness of breath. O: BP 158/71, HR 82. A: Patient with a history of heart failure. P: Continue current medications."
N00512,P0029,E04551,2025-04-21,SOAP,"S: Patient seen for emergency room admission. Reports mild fatigue. O: BP 159/94, HR 72. A: Patient with no significant chronic conditions. P: Refer to specialist."
N00513,P0097,E00590,2024-11-04,SOAP,"S: Patient seen for chronic disease check. Reports intermittent pain. O: BP 118/83, HR 68. A: Patient with a history of hyperlipidemia. P: Continue current medications."
N00514,P0148,E00904,2024-08-26,SOAP,"S: Patient seen for well child visit. Reports poor sleep. O: BP 105/96, HR 103. A: Patient with a history of osteoarthritis. P: Reinforce diet and exercise counseling."
N00515,P0209,E02897,2023-12-29,SOAP,"S: Patient seen for medication review. Reports feeling well. O: BP 145/91, HR 67. A: Patient with a history of heart failure. P: Reinforce diet and exercise counseling."
N00516,P0352,E02262,2024-08-22,SOAP,"S: Patient seen for medication review. Reports mild fatigue. O: BP 108/89, HR 65. A: Patient with a history of asthma. P: Reinforce diet and exercise counseling."
N00517,P0046,E01975,2025-11-20,SOAP,"S: Patient seen for admission for pneumonia. Reports feeling well. O: BP 135/72, HR 61. A: Patient with no significant chronic conditions. P: Refer to specialist."
N00518,P0145,E03966,2024-12-11,SOAP,"S: Patient seen for urgent care visit. Reports shortness of breath. O: BP 112/90, HR 96. A: Patient with no significant chronic conditions. P: Order labs and follow up in 2 weeks."
N00519,P0083,E04458,2025-05-06,SOAP,"S: Patient seen for outpatient procedure. Reports mild fatigue. O: BP 132/94, HR 61. A: Patient with no significant chronic conditions. P: Continue current medications."
N00520,P0172,E00773,2025-05-20,SOAP,"S: Patient seen for chronic disease check. Reports poor sleep. O: BP 108/82, HR 65. A: Patient with a history of hyperlipidemia. P: Refer to specialist."
N00521,P0147,E02945,2023-09-30,SOAP,"S: Patient seen for ed visit for chest pain. Reports shortness of breath. O: BP 147/95, HR 86. A: Patient with a history of asthma. P: Continue current medications."
N00522,P0135,E03971,2025-08-26,SOAP,"S: Patient seen for medication review. Reports shortness of breath. O: BP 148/77, HR 64. A: Patient with no significant chronic conditions. P: Reinforce diet and exercise counseling."
N00523,P0385,E02016,2024-01-06,SOAP,"S: Patient seen for follow-up visit. Reports poor sleep. O: BP 123/91, HR 86. A: Patient with a history of obesity. P: Reinforce diet and exercise counseling."
N00524,P0399,E02131,2024-05-15,SOAP,"S: Patient seen for well child visit. Reports poor sleep. O: BP 164/89, HR 101. A: Patient with a history of osteoarthritis. P: Continue current medications."
N00525,P0094,E00710,2024-12-25,SOAP,"S: Patient seen for chronic disease check. Reports poor sleep. O: BP 134/82, HR 97. A: Patient with a history of heart failure. P: Continue current medications."
N00526,P0441,E04984,2025-08-19,SOAP,"S: Patient seen for outpatient procedure. Reports feeling well. O: BP 160/74, HR 67. A: Patient with a history of depression. P: Order labs and follow up in 2 weeks."
N00527,P0416,E04963,2025-05-24,SOAP,"S: Patient seen for urgent care visit. Reports poor sleep. O: BP 119/66, HR 90. A: Patient with a history of heart failure. P: Reinforce diet and exercise counseling."
N00528,P0381,E00177,2025-12-11,SOAP,"S: Patient seen for chronic disease check. Reports poor sleep. O: BP 138/84, HR 103. A: Patient with no significant chronic conditions. P: Order labs and follow up in 2 weeks."
N00529,P0271,E03094,2023-08-14,SOAP,"S: Patient seen for medication review. Reports shortness of breath. O: BP 159/99, HR 90. A: Patient with no significant chronic conditions. P: Order labs and follow up in 2 weeks."
N00530,P0318,E03493,2024-02-03,SOAP,"S: Patient seen for chronic disease check. Reports mild fatigue. O: BP 121/78, HR 87. A: Patient with a history of asthma. P: Reinforce diet and exercise counseling."
N00531,P0252,E00101,2025-09-04,SOAP,"S: Patient seen for ed visit for chest pain. Reports poor sleep. O: BP 130/98, HR 83. A: Patient with no significant chronic conditions. P: Refer to specialist."
N00532,P0407,E04097,2025-09-17,SOAP,"S: Patient seen for hospital admission. Reports shortness of breath. O: BP 116/93, HR 74. A: Patient with a history of obesity. P: Reinforce diet and exercise counseling."
N00533,P0384,E03443,2025-06-05,SOAP,"S: Patient seen for well child visit. Reports mild fatigue. O: BP 149/79, HR 58. A: Patient with a history of type 2 diabetes. P: Reinforce diet and exercise counseling."
N00534,P0312,E01503,2024-07-25,SOAP,"S: Patient seen for urgent care visit. Reports poor sleep. O: BP 150/93, HR 62. A: Patient with a history of hyperlipidemia. P: Continue current medications."
N00535,P0057,E04807,2025-10-14,SOAP,"S: Patient seen for imaging study. Reports intermittent pain. O: BP 136/86, HR 95. A: Patient with no significant chronic conditions. P: Refer to specialist."
N00536,P0230,E03114,2025-12-02,SOAP,"S: Patient seen for chronic disease check. Reports feeling well. O: BP 112/77, HR 71. A: Patient with a history of chronic kidney disease. P: Refer to specialist."
N00537,P0447,E04632,2025-12-13,SOAP,"S: Patient seen for well child visit. Reports shortness of breath. O: BP 159/74, HR 104. A: Patient with a history of depression. P: Order labs and follow up in 2 weeks."
N00538,P0177,E00489,2025-04-08,SOAP,"S: Patient seen for ed visit for chest pain. Reports feeling well. O: BP 158/85, HR 82. A: Patient with a history of chronic kidney disease. P: Continue current medications."
N00539,P0458,E02374,2025-06-19,SOAP,"S: Patient seen for well child visit. Reports poor sleep. O: BP 109/82, HR 59. A: Patient with no significant chronic conditions. P: Order labs and follow up in 2 weeks."
N00540,P0071,E03254,2023-02-17,SOAP,"S: Patient seen for urgent care visit. Reports mild fatigue. O: BP 163/99, HR 69. A: Patient with a history of hypertension. P: Reinforce diet and exercise counseling."
N00541,P0037,E00311,2024-11-12,SOAP,"S: Patient seen for chronic disease check. Reports shortness of breath. O: BP 124/72, HR 99. A: Patient with no significant chronic conditions. P: Refer to specialist."
N00542,P0330,E01157,2025-10-23,SOAP,"S: Patient seen for well child visit. Reports shortness of breath. O: BP 110/91, HR 78. A: Patient with a history of obesity. P: Adjust medication dose and recheck in 4 weeks."
N00543,P0042,E03362,2023-02-24,SOAP,"S: Patient seen for ed visit for chest pain. Reports poor sleep. O: BP 122/75, HR 100. A: Patient with no significant chronic conditions. P: Continue current medications."
N00544,P0085,E01431,2024-11-16,SOAP,"S: Patient seen for imaging study. Reports feeling well. O: BP 128/91, HR 98. A: Patient with a history of chronic kidney disease. P: Adjust medication dose and recheck in 4 weeks."
N00545,P0363,E04679,2023-02-18,SOAP,"S: Patient seen for ed visit for chest pain. Reports shortness of breath. O: BP 139/70, HR 72. A: Patient with no significant chronic conditions. P: Adjust medication dose and recheck in 4 weeks."
N00546,P0443,E04646,2024-03-24,SOAP,"S: Patient seen for emergency room admission. Reports poor sleep. O: BP 109/88, HR 64. A: Patient with a history of osteoarthritis. P: Continue current medications."
N00547,P0466,E04051,2025-10-17,SOAP,"S: Patient seen for ed visit for chest pain. Reports feeling well. O: BP 150/80, HR 82. A: Patient with a history of heart failure. P: Reinforce diet and exercise counseling."
N00548,P0028,E01080,2024-08-10,SOAP,"S: Patient seen for chronic disease check. Reports feeling well. O: BP 106/82, HR 86. A: Patient with a history of hyperlipidemia. P: Reinforce diet and exercise counseling."
N00549,P0190,E01185,2024-08-05,SOAP,"S: Patient seen for medication review. Reports feeling well. O: BP 124/92, HR 104. A: Patient with a history of COPD. P: Reinforce diet and exercise counseling."
N00550,P0065,E04705,2024-06-02,SOAP,"S: Patient seen for emergency room admission. Reports intermittent pain. O: BP 143/81, HR 61. A: Patient with no significant chronic conditions. P: Refer to specialist."
N00551,P0274,E04687,2025-06-16,SOAP,"S: Patient seen for annual wellness visit. Reports poor sleep. O: BP 109/86, HR 64. A: Patient with no significant chronic conditions. P: Refer to specialist."
N00552,P0274,E01200,2023-03-22,SOAP,"S: Patient seen for outpatient procedure. Reports mild fatigue. O: BP 144/81, HR 67. A: Patient with no significant chronic conditions. P: Reinforce diet and exercise counseling."
N00553,P0225,E03492,2025-04-25,SOAP,"S: Patient seen for admission for pneumonia. Reports poor sleep. O: BP 141/70, HR 103. A: Patient with a history of COPD. P: Order labs and follow up in 2 weeks."
N00554,P0110,E00814,2023-03-06,SOAP,"S: Patient seen for chronic disease check. Reports poor sleep. O: BP 148/75, HR 85. A: Patient with a history of obesity. P: Continue current medications."
N00555,P0352,E04873,2023-09-03,SOAP,"S: Patient seen for chronic disease check. Reports poor sleep. O: BP 108/66, HR 97. A: Patient with a history of asthma. P: Reinforce diet and exercise counseling."
N00556,P0377,E02764,2023-09-14,SOAP,"S: Patient seen for hospital admission. Reports shortness of breath. O: BP 148/68, HR 98. A: Patient with a history of depression. P: Reinforce diet and exercise counseling."
N00557,P0470,E00354,2023-09-26,SOAP,"S: Patient seen for well child visit. Reports poor sleep. O: BP 109/83, HR 77. A: Patient with a history of obesity. P: Order labs and follow up in 2 weeks."
N00558,P0230,E03407,2023-12-16,SOAP,"S: Patient seen for well child visit. Reports shortness of breath. O: BP 162/92, HR 104. A: Patient with a history of chronic kidney disease. P: Continue current medications."
N00559,P0359,E04571,2025-03-01,SOAP,"S: Patient seen for imaging study. Reports feeling well. O: BP 111/95, HR 87. A: Patient with a history of type 2 diabetes. P: Order labs and follow up in 2 weeks."
N00560,P0114,E00533,2024-07-29,SOAP,"S: Patient seen for physical therapy. Reports poor sleep. O: BP 122/75, HR 58. A: Patient with a history of depression. P: Adjust medication dose and recheck in 4 weeks."
N00561,P0146,E00495,2023-10-14,SOAP,"S: Patient seen for outpatient procedure. Reports shortness of breath. O: BP 108/66, HR 79. A: Patient with a history of hyperlipidemia. P: Order labs and follow up in 2 weeks."
N00562,P0352,E04337,2023-04-27,SOAP,"S: Patient seen for medication review. Reports intermittent pain. O: BP 140/74, HR 75. A: Patient with a history of asthma. P: Reinforce diet and exercise counseling."
N00563,P0136,E02369,2023-02-18,SOAP,"S: Patient seen for follow-up visit. Reports intermittent pain. O: BP 144/95, HR 89. A: Patient with a history of hyperlipidemia. P: Continue current medications."
N00564,P0400,E00272,2023-05-24,SOAP,"S: Patient seen for urgent care visit. Reports intermittent pain. O: BP 149/95, HR 69. A: Patient with a history of asthma. P: Reinforce diet and exercise counseling."
N00565,P0472,E00634,2023-11-09,SOAP,"S: Patient seen for chronic disease check. Reports feeling well. O: BP 107/79, HR 61. A: Patient with no significant chronic conditions. P: Refer to specialist."
N00566,P0032,E02647,2024-01-03,SOAP,"S: Patient seen for follow-up visit. Reports feeling well. O: BP 128/69, HR 91. A: Patient with a history of COPD. P: Adjust medication dose and recheck in 4 weeks."
N00567,P0452,E03933,2025-03-03,SOAP,"S: Patient seen for chronic disease check. Reports feeling well. O: BP 133/87, HR 95. A: Patient with no significant chronic conditions. P: Order labs and follow up in 2 weeks."
N00568,P0350,E04067,2023-12-01,SOAP,"S: Patient seen for medication review. Reports poor sleep. O: BP 132/76, HR 67. A: Patient with a history of hyperlipidemia. P: Reinforce diet and exercise counseling."
N00569,P0277,E00145,2024-10-31,SOAP,"S: Patient seen for medication review. Reports poor sleep. O: BP 124/94, HR 84. A: Patient with a history of hypertension. P: Refer to specialist."
N00570,P0486,E04725,2023-04-10,SOAP,"S: Patient seen for imaging study. Reports feeling well. O: BP 144/82, HR 95. A: Patient with a history of asthma. P: Refer to specialist."
N00571,P0326,E01114,2023-08-17,SOAP,"S: Patient seen for well child visit. Reports poor sleep. O: BP 164/78, HR 69. A: Patient with a history of chronic kidney disease. P: Refer to specialist."
N00572,P0143,E04289,2024-01-27,SOAP,"S: Patient seen for urgent care visit. Reports feeling well. O: BP 143/67, HR 63. A: Patient with a history of hyperlipidemia. P: Refer to specialist."
N00573,P0259,E00527,2024-10-13,SOAP,"S: Patient seen for admission for pneumonia. Reports mild fatigue. O: BP 160/90, HR 72. A: Patient with a history of obesity. P: Continue current medications."
N00574,P0054,E04716,2025-08-20,SOAP,"S: Patient seen for well child visit. Reports intermittent pain. O: BP 164/73, HR 67. A: Patient with no significant chronic conditions. P: Adjust medication dose and recheck in 4 weeks."
N00575,P0034,E04840,2023-03-02,SOAP,"S: Patient seen for well child visit. Reports shortness of breath. O: BP 149/95, HR 61. A: Patient with a history of heart failure. P: Order labs and follow up in 2 weeks."
N00576,P0299,E04912,2024-12-24,SOAP,"S: Patient seen for chronic disease check. Reports intermittent pain. O: BP 141/84, HR 101. A: Patient with no significant chronic conditions. P: Reinforce diet and exercise counseling."
N00577,P0129,E01507,2025-04-14,SOAP,"S: Patient seen for follow-up visit. Reports shortness of breath. O: BP 137/76, HR 73. A: Patient with a history of depression. P: Adjust medication dose and recheck in 4 weeks."
N00578,P0158,E04535,2023-06-14,SOAP,"S: Patient seen for physical therapy. Reports intermittent pain. O: BP 152/88, HR 74. A: Patient with a history of obesity. P: Reinforce diet and exercise counseling."
N00579,P0478,E04350,2023-10-04,SOAP,"S: Patient seen for chronic disease check. Reports intermittent pain. O: BP 121/99, HR 69. A: Patient with a history of type 2 diabetes. P: Adjust medication dose and recheck in 4 weeks."
N00580,P0118,E03242,2024-12-21,SOAP,"S: Patient seen for well child visit. Reports mild fatigue. O: BP 138/65, HR 65. A: Patient with a history of asthma. P: Continue current medications."
N00581,P0291,E03428,2023-05-15,SOAP,"S: Patient seen for well child visit. Reports intermittent pain. O: BP 146/86, HR 88. A: Patient with a history of depression. P: Continue current medications."
N00582,P0090,E03066,2024-05-01,SOAP,"S: Patient seen for urgent care visit. Reports poor sleep. O: BP 122/71, HR 101. A: Patient with a history of type 2 diabetes. P: Order labs and follow up in 2 weeks."
N00583,P0029,E00407,2025-02-06,SOAP,"S: Patient seen for chronic disease check. Reports feeling well. O: BP 118/99, HR 81. A: Patient with no significant chronic conditions. P: Refer to specialist."
N00584,P0209,E04713,2024-02-23,SOAP,"S: Patient seen for well child visit. Reports mild fatigue. O: BP 115/78, HR 88. A: Patient with a history of heart failure. P: Refer to specialist."
N00585,P0115,E01757,2024-09-19,SOAP,"S: Patient seen for annual wellness visit. Reports feeling well. O: BP 137/78, HR 97. A: Patient with a history of chronic kidney disease. P: Refer to specialist."
N00586,P0138,E03431,2023-05-01,SOAP,"S: Patient seen for emergency room admission. Reports mild fatigue. O: BP 112/94, HR 78. A: Patient with a history of asthma. P: Order labs and follow up in 2 weeks."
N00587,P0419,E00762,2024-01-20,SOAP,"S: Patient seen for follow-up visit. Reports intermittent pain. O: BP 114/79, HR 67. A: Patient with a history of obesity. P: Adjust medication dose and recheck in 4 weeks."
N00588,P0200,E04591,2023-10-08,SOAP,"S: Patient seen for well child visit. Reports mild fatigue. O: BP 121/74, HR 64. A: Patient with a history of hypertension. P: Refer to specialist."
N00589,P0320,E01344,2025-03-17,SOAP,"S: Patient seen for medication review. Reports poor sleep. O: BP 127/95, HR 94. A: Patient with a history of hyperlipidemia. P: Adjust medication dose and recheck in 4 weeks."
N00590,P0475,E00932,2025-12-12,SOAP,"S: Patient seen for medication review. Reports intermittent pain. O: BP 132/75, HR 93. A: Patient with a history of hypertension. P: Order labs and follow up in 2 weeks."
N00591,P0155,E02384,2023-09-15,SOAP,"S: Patient seen for hospital admission. Reports shortness of breath. O: BP 117/79, HR 81. A: Patient with no significant chronic conditions. P: Continue current medications."
N00592,P0252,E00344,2024-05-16,SOAP,"S: Patient seen for ed visit for chest pain. Reports feeling well. O: BP 131/81, HR 102. A: Patient with no significant chronic conditions. P: Continue current medications."
N00593,P0265,E03626,2023-04-21,SOAP,"S: Patient seen for medication review. Reports intermittent pain. O: BP 151/98, HR 60. A: Patient with no significant chronic conditions. P: Refer to specialist."
N00594,P0490,E01852,2023-02-23,SOAP,"S: Patient seen for imaging study. Reports poor sleep. O: BP 115/83, HR 60. A: Patient with no significant chronic conditions. P: Refer to specialist."
N00595,P0115,E03859,2023-03-09,SOAP,"S: Patient seen for annual wellness visit. Reports poor sleep. O: BP 115/98, HR 82. A: Patient with a history of chronic kidney disease. P: Order labs and follow up in 2 weeks."
N00596,P0370,E01606,2024-06-05,SOAP,"S: Patient seen for medication review. Reports intermittent pain. O: BP 152/87, HR 91. A: Patient with a history of hypertension. P: Adjust medication dose and recheck in 4 weeks."
N00597,P0338,E00442,2024-07-05,SOAP,"S: Patient seen for follow-up visit. Reports mild fatigue. O: BP 141/77, HR 104. A: Patient with a history of asthma. P: Order labs and follow up in 2 weeks."
N00598,P0290,E04305,2025-09-15,SOAP,"S: Patient seen for hospital admission. Reports feeling well. O: BP 154/92, HR 68. A: Patient with a history of hypertension. P: Order labs and follow up in 2 weeks."
N00599,P0169,E04999,2024-02-15,SOAP,"S: Patient seen for imaging study. Reports poor sleep. O: BP 134/78, HR 82. A: Patient with a history of heart failure. P: Refer to specialist."
N00600,P0281,E00678,2025-05-15,SOAP,"S: Patient seen for chronic disease check. Reports poor sleep. O: BP 108/88, HR 80. A: Patient with a history of hyperlipidemia. P: Continue current medications."
N00601,P0271,E02299,2024-04-15,SOAP,"S: Patient seen for urgent care visit. Reports mild fatigue. O: BP 157/73, HR 84. A: Patient with no significant chronic conditions. P: Reinforce diet and exercise counseling."
N00602,P0258,E01620,2024-07-22,SOAP,"S: Patient seen for chronic disease check. Reports mild fatigue. O: BP 164/70, HR 84. A: Patient with no significant chronic conditions. P: Adjust medication dose and recheck in 4 weeks."
N00603,P0173,E00147,2023-04-11,SOAP,"S: Patient seen for well child visit. Reports intermittent pain. O: BP 159/66, HR 62. A: Patient with no significant chronic conditions. P: Order labs and follow up in 2 weeks."
N00604,P0175,E01598,2023-10-23,SOAP,"S: Patient seen for well child visit. Reports intermittent pain. O: BP 117/73, HR 98. A: Patient with a history of heart failure. P: Continue current medications."
N00605,P0492,E00083,2025-08-26,SOAP,"S: Patient seen for outpatient procedure. Reports feeling well. O: BP 154/78, HR 77. A: Patient with a history of type 2 diabetes. P: Order labs and follow up in 2 weeks."
N00606,P0183,E01271,2023-10-03,SOAP,"S: Patient seen for annual wellness visit. Reports intermittent pain. O: BP 164/93, HR 88. A: Patient with a history of chronic kidney disease. P: Continue current medications."
N00607,P0396,E00215,2023-08-29,SOAP,"S: Patient seen for follow-up visit. Reports shortness of breath. O: BP 159/99, HR 90. A: Patient with no significant chronic conditions. P: Refer to specialist."
N00608,P0351,E00427,2023-06-25,SOAP,"S: Patient seen for imaging study. Reports mild fatigue. O: BP 152/96, HR 63. A: Patient with a history of heart failure. P: Order labs and follow up in 2 weeks."
N00609,P0379,E02796,2023-10-18,SOAP,"S: Patient seen for chronic disease check. Reports shortness of breath. O: BP 142/99, HR 88. A: Patient with a history of asthma. P: Adjust medication dose and recheck in 4 weeks."
N00610,P0045,E03205,2024-10-13,SOAP,"S: Patient seen for chronic disease check. Reports poor sleep. O: BP 106/86, HR 73. A: Patient with a history of hyperlipidemia. P: Continue current medications."
N00611,P0269,E01451,2025-01-24,SOAP,"S: Patient seen for ed visit for chest pain. Reports mild fatigue. O: BP 139/69, HR 69. A: Patient with no significant chronic conditions. P: Reinforce diet and exercise counseling."
N00612,P0415,E03259,2023-04-08,SOAP,"S: Patient seen for follow-up visit. Reports mild fatigue. O: BP 147/89, HR 79. A: Patient with a history of depression. P: Adjust medication dose and recheck in 4 weeks."
N00613,P0086,E00325,2023-11-26,SOAP,"S: Patient seen for outpatient procedure. Reports intermittent pain. O: BP 159/77, HR 99. A: Patient with no significant chronic conditions. P: Order labs and follow up in 2 weeks."
N00614,P0421,E03952,2023-09-28,SOAP,"S: Patient seen for emergency room admission. Reports shortness of breath. O: BP 122/83, HR 79. A: Patient with no significant chronic conditions. P: Order labs and follow up in 2 weeks."
N00615,P0267,E00060,2023-04-28,SOAP,"S: Patient seen for annual wellness visit. Reports mild fatigue. O: BP 145/85, HR 82. A: Patient with a history of COPD. P: Continue current medications."
N00616,P0206,E01453,2024-05-13,SOAP,"S: Patient seen for follow-up visit. Reports mild fatigue. O: BP 114/65, HR 92. A: Patient with a history of hyperlipidemia. P: Adjust medication dose and recheck in 4 weeks."
N00617,P0204,E04857,2025-02-10,SOAP,"S: Patient seen for well child visit. Reports intermittent pain. O: BP 154/91, HR 74. A: Patient with a history of obesity. P: Adjust medication dose and recheck in 4 weeks."
N00618,P0015,E04035,2025-07-28,SOAP,"S: Patient seen for chronic disease check. Reports mild fatigue. O: BP 142/89, HR 65. A: Patient with a history of asthma. P: Refer to specialist."
N00619,P0031,E02339,2025-10-21,SOAP,"S: Patient seen for ed visit for chest pain. Reports poor sleep. O: BP 108/93, HR 62. A: Patient with a history of osteoarthritis. P: Adjust medication dose and recheck in 4 weeks."
N00620,P0391,E04208,2024-05-17,SOAP,"S: Patient seen for urgent care visit. Reports shortness of breath. O: BP 107/92, HR 94. A: Patient with a history of hyperlipidemia. P: Reinforce diet and exercise counseling."
N00621,P0008,E02674,2024-05-16,SOAP,"S: Patient seen for urgent care visit. Reports mild fatigue. O: BP 143/81, HR 79. A: Patient with no significant chronic conditions. P: Reinforce diet and exercise counseling."
N00622,P0466,E04922,2024-04-26,SOAP,"S: Patient seen for well child visit. Reports feeling well. O: BP 129/98, HR 70. A: Patient with a history of heart failure. P: Continue current medications."
N00623,P0055,E04288,2024-10-28,SOAP,"S: Patient seen for urgent care visit. Reports mild fatigue. O: BP 144/74, HR 62. A: Patient with a history of obesity. P: Reinforce diet and exercise counseling."
N00624,P0348,E04377,2025-05-09,SOAP,"S: Patient seen for medication review. Reports mild fatigue. O: BP 142/98, HR 104. A: Patient with no significant chronic conditions. P: Order labs and follow up in 2 weeks."
N00625,P0137,E04339,2025-07-30,SOAP,"S: Patient seen for emergency room admission. Reports feeling well. O: BP 124/76, HR 89. A: Patient with no significant chronic conditions. P: Order labs and follow up in 2 weeks."
N00626,P0448,E01408,2024-09-03,SOAP,"S: Patient seen for well child visit. Reports intermittent pain. O: BP 149/96, HR 64. A: Patient with a history of hyperlipidemia. P: Reinforce diet and exercise counseling."
N00627,P0166,E00518,2023-09-05,SOAP,"S: Patient seen for annual wellness visit. Reports mild fatigue. O: BP 131/77, HR 98. A: Patient with no significant chronic conditions. P: Continue current medications."
N00628,P0128,E04858,2023-10-17,SOAP,"S: Patient seen for well child visit. Reports intermittent pain. O: BP 129/86, HR 99. A: Patient with a history of hyperlipidemia. P: Continue current medications."
N00629,P0190,E01379,2024-03-04,SOAP,"S: Patient seen for chronic disease check. Reports mild fatigue. O: BP 125/67, HR 101. A: Patient with a history of COPD. P: Order labs and follow up in 2 weeks."
N00630,P0266,E03784,2025-03-11,SOAP,"S: Patient seen for chronic disease check. Reports shortness of breath. O: BP 144/84, HR 62. A: Patient with no significant chronic conditions. P: Reinforce diet and exercise counseling."
N00631,P0297,E01872,2025-04-12,SOAP,"S: Patient seen for urgent care visit. Reports mild fatigue. O: BP 125/75, HR 93. A: Patient with a history of osteoarthritis. P: Adjust medication dose and recheck in 4 weeks."
N00632,P0229,E04366,2023-03-02,SOAP,"S: Patient seen for urgent care visit. Reports poor sleep. O: BP 144/65, HR 101. A: Patient with a history of obesity. P: Reinforce diet and exercise counseling."
N00633,P0150,E00961,2024-05-15,SOAP,"S: Patient seen for emergency room admission. Reports poor sleep. O: BP 153/98, HR 82. A: Patient with a history of asthma. P: Reinforce diet and exercise counseling."
N00634,P0445,E02705,2025-09-24,SOAP,"S: Patient seen for urgent care visit. Reports poor sleep. O: BP 109/70, HR 58. A: Patient with a history of chronic kidney disease. P: Continue current medications."
N00635,P0130,E01427,2024-11-12,SOAP,"S: Patient seen for emergency room admission. Reports feeling well. O: BP 123/76, HR 71. A: Patient with a history of depression. P: Order labs and follow up in 2 weeks."
N00636,P0446,E01251,2025-02-22,SOAP,"S: Patient seen for emergency room admission. Reports feeling well. O: BP 120/91, HR 90. A: Patient with no significant chronic conditions. P: Order labs and follow up in 2 weeks."
N00637,P0460,E01698,2023-02-05,SOAP,"S: Patient seen for chronic disease check. Reports poor sleep. O: BP 146/86, HR 93. A: Patient with a history of obesity. P: Continue current medications."
N00638,P0478,E01417,2023-01-30,SOAP,"S: Patient seen for chronic disease check. Reports intermittent pain. O: BP 121/82, HR 71. A: Patient with a history of type 2 diabetes. P: Reinforce diet and exercise counseling."
N00639,P0331,E04497,2024-02-21,SOAP,"S: Patient seen for urgent care visit. Reports mild fatigue. O: BP 154/72, HR 70. A: Patient with a history of osteoarthritis. P: Order labs and follow up in 2 weeks."
N00640,P0266,E03716,2024-10-09,SOAP,"S: Patient seen for annual wellness visit. Reports shortness of breath. O: BP 159/96, HR 89. A: Patient with no significant chronic conditions. P: Adjust medication dose and recheck in 4 weeks."
N00641,P0129,E04457,2024-05-29,SOAP,"S: Patient seen for well child visit. Reports mild fatigue. O: BP 160/79, HR 62. A: Patient with a history of depression. P: Order labs and follow up in 2 weeks."
N00642,P0337,E02687,2024-08-17,SOAP,"S: Patient seen for chronic disease check. Reports feeling well. O: BP 148/97, HR 61. A: Patient with a history of obesity. P: Reinforce diet and exercise counseling."
N00643,P0198,E02097,2024-07-20,SOAP,"S: Patient seen for well child visit. Reports mild fatigue. O: BP 137/84, HR 102. A: Patient with a history of depression. P: Refer to specialist."
N00644,P0335,E04427,2023-10-16,SOAP,"S: Patient seen for medication review. Reports feeling well. O: BP 154/95, HR 94. A: Patient with a history of heart failure. P: Adjust medication dose and recheck in 4 weeks."
N00645,P0380,E00919,2023-10-07,SOAP,"S: Patient seen for hospital admission. Reports intermittent pain. O: BP 154/89, HR 90. A: Patient with a history of chronic kidney disease. P: Order labs and follow up in 2 weeks."
N00646,P0329,E02431,2025-09-12,SOAP,"S: Patient seen for urgent care visit. Reports mild fatigue. O: BP 112/72, HR 93. A: Patient with no significant chronic conditions. P: Refer to specialist."
N00647,P0286,E02039,2025-05-05,SOAP,"S: Patient seen for emergency room admission. Reports feeling well. O: BP 156/98, HR 88. A: Patient with no significant chronic conditions. P: Continue current medications."
N00648,P0216,E02423,2023-11-15,SOAP,"S: Patient seen for well child visit. Reports shortness of breath. O: BP 115/70, HR 103. A: Patient with a history of osteoarthritis. P: Refer to specialist."
N00649,P0001,E04009,2024-01-11,SOAP,"S: Patient seen for chronic disease check. Reports feeling well. O: BP 112/75, HR 82. A: Patient with a history of osteoarthritis. P: Adjust medication dose and recheck in 4 weeks."
N00650,P0167,E03014,2023-01-02,SOAP,"S: Patient seen for annual wellness visit. Reports poor sleep. O: BP 149/93, HR 77. A: Patient with a history of obesity. P: Refer to specialist."
N00651,P0443,E02390,2024-01-02,SOAP,"S: Patient seen for chronic disease check. Reports feeling well. O: BP 118/68, HR 66. A: Patient with a history of osteoarthritis. P: Order labs and follow up in 2 weeks."
N00652,P0177,E01923,2024-07-25,SOAP,"S: Patient seen for admission for pneumonia. Reports feeling well. O: BP 113/69, HR 89. A: Patient with a history of chronic kidney disease. P: Adjust medication dose and recheck in 4 weeks."
N00653,P0039,E00699,2024-06-17,SOAP,"S: Patient seen for follow-up visit. Reports feeling well. O: BP 133/66, HR 77. A: Patient with a history of depression. P: Reinforce diet and exercise counseling."
N00654,P0104,E04145,2025-04-27,SOAP,"S: Patient seen for chronic disease check. Reports mild fatigue. O: BP 160/73, HR 89. A: Patient with no significant chronic conditions. P: Adjust medication dose and recheck in 4 weeks."
N00655,P0229,E03292,2023-02-15,SOAP,"S: Patient seen for medication review. Reports poor sleep. O: BP 139/70, HR 63. A: Patient with a history of obesity. P: Refer to specialist."
N00656,P0225,E02551,2025-01-23,SOAP,"S: Patient seen for well child visit. Reports intermittent pain. O: BP 144/75, HR 59. A: Patient with a history of COPD. P: Reinforce diet and exercise counseling."
N00657,P0265,E02958,2023-08-20,SOAP,"S: Patient seen for admission for pneumonia. Reports mild fatigue. O: BP 106/81, HR 65. A: Patient with no significant chronic conditions. P: Order labs and follow up in 2 weeks."
N00658,P0378,E02198,2023-12-11,SOAP,"S: Patient seen for imaging study. Reports intermittent pain. O: BP 113/94, HR 68. A: Patient with a history of heart failure. P: Order labs and follow up in 2 weeks."
N00659,P0039,E03724,2025-12-07,SOAP,"S: Patient seen for emergency room admission. Reports feeling well. O: BP 140/71, HR 58. A: Patient with a history of depression. P: Order labs and follow up in 2 weeks."
N00660,P0097,E04393,2025-11-21,SOAP,"S: Patient seen for well child visit. Reports intermittent pain. O: BP 119/71, HR 60. A: Patient with a history of hyperlipidemia. P: Reinforce diet and exercise counseling."
N00661,P0045,E00471,2023-09-22,SOAP,"S: Patient seen for imaging study. Reports feeling well. O: BP 134/76, HR 78. A: Patient with a history of hyperlipidemia. P: Continue current medications."
N00662,P0481,E03896,2025-01-19,SOAP,"S: Patient seen for urgent care visit. Reports mild fatigue. O: BP 130/75, HR 67. A: Patient with a history of chronic kidney disease. P: Continue current medications."
N00663,P0069,E04653,2023-09-04,SOAP,"S: Patient seen for annual wellness visit. Reports poor sleep. O: BP 146/66, HR 62. A: Patient with a history of chronic kidney disease. P: Adjust medication dose and recheck in 4 weeks."
N00664,P0167,E02209,2023-02-10,SOAP,"S: Patient seen for outpatient procedure. Reports shortness of breath. O: BP 107/76, HR 59. A: Patient with a history of obesity. P: Adjust medication dose and recheck in 4 weeks."
N00665,P0041,E04665,2023-03-03,SOAP,"S: Patient seen for chronic disease check. Reports poor sleep. O: BP 161/70, HR 96. A: Patient with a history of osteoarthritis. P: Reinforce diet and exercise counseling."
N00666,P0494,E01776,2024-03-30,SOAP,"S: Patient seen for ed visit for chest pain. Reports feeling well. O: BP 109/82, HR 82. A: Patient with no significant chronic conditions. P: Refer to specialist."
N00667,P0106,E03276,2025-10-29,SOAP,"S: Patient seen for chronic disease check. Reports shortness of breath. O: BP 110/80, HR 83. A: Patient with a history of depression. P: Reinforce diet and exercise counseling."
N00668,P0390,E03368,2024-04-11,SOAP,"S: Patient seen for well child visit. Reports shortness of breath. O: BP 136/74, HR 89. A: Patient with a history of COPD. P: Continue current medications."
N00669,P0408,E04287,2025-09-19,SOAP,"S: Patient seen for annual wellness visit. Reports feeling well. O: BP 145/83, HR 81. A: Patient with a history of heart failure. P: Adjust medication dose and recheck in 4 weeks."
N00670,P0187,E01984,2023-11-23,SOAP,"S: Patient seen for hospital admission. Reports poor sleep. O: BP 140/65, HR 85. A: Patient with a history of asthma. P: Continue current medications."
N00671,P0287,E03917,2023-07-05,SOAP,"S: Patient seen for annual wellness visit. Reports intermittent pain. O: BP 119/80, HR 71. A: Patient with a history of type 2 diabetes. P: Adjust medication dose and recheck in 4 weeks."
N00672,P0015,E02871,2023-02-05,SOAP,"S: Patient seen for annual wellness visit. Reports feeling well. O: BP 112/90, HR 103. A: Patient with a history of asthma. P: Refer to specialist."
N00673,P0236,E04480,2024-11-03,SOAP,"S: Patient seen for urgent care visit. Reports shortness of breath. O: BP 113/85, HR 62. A: Patient with a history of depression. P: Adjust medication dose and recheck in 4 weeks."
N00674,P0451,E02995,2024-02-10,SOAP,"S: Patient seen for physical therapy. Reports intermittent pain. O: BP 158/82, HR 82. A: Patient with a history of depression. P: Continue current medications."
N00675,P0188,E00140,2024-05-26,SOAP,"S: Patient seen for emergency room admission. Reports shortness of breath. O: BP 120/67, HR 81. A: Patient with a history of asthma. P: Continue current medications."
N00676,P0448,E04718,2023-11-16,SOAP,"S: Patient seen for well child visit. Reports intermittent pain. O: BP 111/78, HR 72. A: Patient with a history of hyperlipidemia. P: Continue current medications."
N00677,P0472,E02755,2024-09-15,SOAP,"S: Patient seen for outpatient procedure. Reports feeling well. O: BP 142/90, HR 86. A: Patient with no significant chronic conditions. P: Adjust medication dose and recheck in 4 weeks."
N00678,P0184,E01999,2024-05-13,SOAP,"S: Patient seen for follow-up visit. Reports feeling well. O: BP 160/74, HR 76. A: Patient with a history of osteoarthritis. P: Adjust medication dose and recheck in 4 weeks."
N00679,P0273,E04038,2025-06-03,SOAP,"S: Patient seen for chronic disease check. Reports shortness of breath. O: BP 124/70, HR 98. A: Patient with a history of type 2 diabetes. P: Continue current medications."
N00680,P0053,E02957,2023-08-07,SOAP,"S: Patient seen for chronic disease check. Reports intermittent pain. O: BP 141/91, HR 84. A: Patient with a history of heart failure. P: Adjust medication dose and recheck in 4 weeks."
N00681,P0273,E00317,2025-12-27,SOAP,"S: Patient seen for physical therapy. Reports mild fatigue. O: BP 120/68, HR 72. A: Patient with a history of type 2 diabetes. P: Refer to specialist."
N00682,P0377,E00112,2025-12-03,SOAP,"S: Patient seen for urgent care visit. Reports mild fatigue. O: BP 147/98, HR 81. A: Patient with a history of depression. P: Order labs and follow up in 2 weeks."
N00683,P0405,E04095,2024-12-29,SOAP,"S: Patient seen for well child visit. Reports intermittent pain. O: BP 117/79, HR 96. A: Patient with a history of chronic kidney disease. P: Order labs and follow up in 2 weeks."
N00684,P0205,E03808,2023-02-15,SOAP,"S: Patient seen for physical therapy. Reports poor sleep. O: BP 125/97, HR 59. A: Patient with a history of osteoarthritis. P: Continue current medications."
N00685,P0475,E00257,2025-02-21,SOAP,"S: Patient seen for urgent care visit. Reports feeling well. O: BP 155/84, HR 64. A: Patient with a history of hypertension. P: Continue current medications."
N00686,P0444,E00445,2023-02-12,SOAP,"S: Patient seen for chronic disease check. Reports mild fatigue. O: BP 148/89, HR 89. A: Patient with a history of asthma. P: Order labs and follow up in 2 weeks."
N00687,P0437,E01543,2023-11-30,SOAP,"S: Patient seen for chronic disease check. Reports feeling well. O: BP 110/84, HR 85. A: Patient with a history of heart failure. P: Refer to specialist."
N00688,P0280,E00947,2023-08-16,SOAP,"S: Patient seen for imaging study. Reports mild fatigue. O: BP 146/72, HR 75. A: Patient with no significant chronic conditions. P: Reinforce diet and exercise counseling."
N00689,P0354,E03636,2023-10-14,SOAP,"S: Patient seen for well child visit. Reports intermittent pain. O: BP 105/66, HR 72. A: Patient with a history of chronic kidney disease. P: Order labs and follow up in 2 weeks."
N00690,P0225,E01187,2024-06-17,SOAP,"S: Patient seen for annual wellness visit. Reports intermittent pain. O: BP 154/88, HR 81. A: Patient with a history of COPD. P: Reinforce diet and exercise counseling."
N00691,P0274,E00779,2024-04-16,SOAP,"S: Patient seen for chronic disease check. Reports intermittent pain. O: BP 129/83, HR 99. A: Patient with no significant chronic conditions. P: Reinforce diet and exercise counseling."
N00692,P0454,E00638,2023-09-12,SOAP,"S: Patient seen for well child visit. Reports feeling well. O: BP 111/97, HR 64. A: Patient with a history of heart failure. P: Adjust medication dose and recheck in 4 weeks."
N00693,P0133,E01860,2025-05-07,SOAP,"S: Patient seen for follow-up visit. Reports feeling well. O: BP 113/78, HR 68. A: Patient with a history of chronic kidney disease. P: Reinforce diet and exercise counseling."
N00694,P0407,E02971,2025-07-22,SOAP,"S: Patient seen for medication review. Reports feeling well. O: BP 129/87, HR 64. A: Patient with a history of obesity. P: Continue current medications."
N00695,P0368,E04099,2024-02-16,SOAP,"S: Patient seen for well child visit. Reports poor sleep. O: BP 140/65, HR 83. A: Patient with a history of type 2 diabetes. P: Reinforce diet and exercise counseling."
N00696,P0386,E04650,2025-04-16,SOAP,"S: Patient seen for urgent care visit. Reports poor sleep. O: BP 112/96, HR 80. A: Patient with a history of hypertension. P: Continue current medications."
N00697,P0094,E02317,2023-06-10,SOAP,"S: Patient seen for annual wellness visit. Reports shortness of breath. O: BP 126/72, HR 95. A: Patient with a history of heart failure. P: Continue current medications."
N00698,P0418,E01581,2023-11-10,SOAP,"S: Patient seen for follow-up visit. Reports shortness of breath. O: BP 157/94, HR 88. A: Patient with a history of depression. P: Adjust medication dose and recheck in 4 weeks."
N00699,P0435,E01717,2023-12-03,SOAP,"S: Patient seen for hospital admission. Reports feeling well. O: BP 122/90, HR 64. A: Patient with no significant chronic conditions. P: Refer to specialist."
N00700,P0152,E01938,2025-02-24,SOAP,"S: Patient seen for annual wellness visit. Reports mild fatigue. O: BP 147/74, HR 101. A: Patient with no significant chronic conditions. P: Order labs and follow up in 2 weeks."
N00701,P0063,E00902,2025-07-20,SOAP,"S: Patient seen for follow-up visit. Reports intermittent pain. O: BP 117/92, HR 80. A: Patient with a history of hypertension. P: Reinforce diet and exercise counseling."
N00702,P0348,E03071,2024-10-18,SOAP,"S: Patient seen for physical therapy. Reports poor sleep. O: BP 161/96, HR 68. A: Patient with no significant chronic conditions. P: Order labs and follow up in 2 weeks."
N00703,P0114,E03446,2024-02-10,SOAP,"S: Patient seen for follow-up visit. Reports mild fatigue. O: BP 161/65, HR 74. A: Patient with a history of depression. P: Continue current medications."
N00704,P0438,E03445,2024-01-11,SOAP,"S: Patient seen for well child visit. Reports shortness of breath. O: BP 110/66, HR 72. A: Patient with a history of obesity. P: Reinforce diet and exercise counseling."
N00705,P0084,E02168,2024-08-15,SOAP,"S: Patient seen for annual wellness visit. Reports intermittent pain. O: BP 119/83, HR 89. A: Patient with no significant chronic conditions. P: Order labs and follow up in 2 weeks."
N00706,P0177,E00151,2023-02-19,SOAP,"S: Patient seen for medication review. Reports intermittent pain. O: BP 110/81, HR 76. A: Patient with a history of chronic kidney disease. P: Order labs and follow up in 2 weeks."
N00707,P0314,E04886,2024-12-06,SOAP,"S: Patient seen for physical therapy. Reports shortness of breath. O: BP 112/93, HR 76. A: Patient with a history of obesity. P: Adjust medication dose and recheck in 4 weeks."
N00708,P0238,E00400,2025-06-12,SOAP,"S: Patient seen for chronic disease check. Reports mild fatigue. O: BP 109/83, HR 81. A: Patient with no significant chronic conditions. P: Refer to specialist."
N00709,P0264,E00684,2025-06-07,SOAP,"S: Patient seen for outpatient procedure. Reports intermittent pain. O: BP 127/65, HR 93. A: Patient with a history of hyperlipidemia. P: Reinforce diet and exercise counseling."
N00710,P0200,E04654,2023-08-10,SOAP,"S: Patient seen for well child visit. Reports feeling well. O: BP 114/66, HR 85. A: Patient with a history of hypertension. P: Continue current medications."
N00711,P0025,E03324,2024-09-26,SOAP,"S: Patient seen for physical therapy. Reports intermittent pain. O: BP 124/95, HR 70. A: Patient with a history of hyperlipidemia. P: Reinforce diet and exercise counseling."
N00712,P0372,E00254,2024-03-07,SOAP,"S: Patient seen for imaging study. Reports shortness of breath. O: BP 163/81, HR 66. A: Patient with a history of COPD. P: Refer to specialist."
N00713,P0197,E00743,2023-08-06,SOAP,"S: Patient seen for annual wellness visit. Reports mild fatigue. O: BP 142/81, HR 71. A: Patient with no significant chronic conditions. P: Order labs and follow up in 2 weeks."
N00714,P0392,E01638,2023-02-25,SOAP,"S: Patient seen for annual wellness visit. Reports feeling well. O: BP 107/66, HR 94. A: Patient with a history of COPD. P: Order labs and follow up in 2 weeks."
N00715,P0145,E01711,2023-04-30,SOAP,"S: Patient seen for medication review. Reports mild fatigue. O: BP 121/85, HR 61. A: Patient with no significant chronic conditions. P: Reinforce diet and exercise counseling."
N00716,P0307,E02678,2024-06-11,SOAP,"S: Patient seen for urgent care visit. Reports feeling well. O: BP 121/92, HR 100. A: Patient with a history of COPD. P: Reinforce diet and exercise counseling."
N00717,P0391,E01521,2023-07-10,SOAP,"S: Patient seen for emergency room admission. Reports shortness of breath. O: BP 107/74, HR 70. A: Patient with a history of hyperlipidemia. P: Refer to specialist."
N00718,P0135,E00059,2023-06-13,SOAP,"S: Patient seen for well child visit. Reports feeling well. O: BP 133/83, HR 65. A: Patient with no significant chronic conditions. P: Order labs and follow up in 2 weeks."
N00719,P0401,E03562,2023-05-19,SOAP,"S: Patient seen for medication review. Reports feeling well. O: BP 155/92, HR 58. A: Patient with a history of obesity. P: Order labs and follow up in 2 weeks."
N00720,P0212,E01363,2024-08-07,SOAP,"S: Patient seen for chronic disease check. Reports mild fatigue. O: BP 128/75, HR 79. A: Patient with a history of hypertension. P: Adjust medication dose and recheck in 4 weeks."
N00721,P0200,E04762,2024-08-29,SOAP,"S: Patient seen for emergency room admission. Reports mild fatigue. O: BP 147/70, HR 70. A: Patient with a history of hypertension. P: Refer to specialist."
N00722,P0111,E03140,2025-08-21,SOAP,"S: Patient seen for admission for pneumonia. Reports feeling well. O: BP 133/91, HR 69. A: Patient with a history of depression. P: Refer to specialist."
N00723,P0472,E00447,2023-09-26,SOAP,"S: Patient seen for medication review. Reports poor sleep. O: BP 106/87, HR 77. A: Patient with no significant chronic conditions. P: Adjust medication dose and recheck in 4 weeks."
N00724,P0113,E01697,2025-01-10,SOAP,"S: Patient seen for medication review. Reports shortness of breath. O: BP 128/82, HR 101. A: Patient with a history of obesity. P: Continue current medications."
N00725,P0080,E00633,2025-09-14,SOAP,"S: Patient seen for urgent care visit. Reports feeling well. O: BP 129/80, HR 86. A: Patient with a history of hyperlipidemia. P: Continue current medications."
N00726,P0275,E03177,2024-11-09,SOAP,"S: Patient seen for follow-up visit. Reports feeling well. O: BP 127/82, HR 93. A: Patient with a history of COPD. P: Reinforce diet and exercise counseling."
N00727,P0115,E02264,2025-03-22,SOAP,"S: Patient seen for well child visit. Reports poor sleep. O: BP 112/93, HR 70. A: Patient with a history of chronic kidney disease. P: Adjust medication dose and recheck in 4 weeks."
N00728,P0030,E01069,2023-03-04,SOAP,"S: Patient seen for admission for pneumonia. Reports mild fatigue. O: BP 118/90, HR 97. A: Patient with a history of COPD. P: Reinforce diet and exercise counseling."
N00729,P0003,E03165,2024-11-27,SOAP,"S: Patient seen for well child visit. Reports feeling well. O: BP 153/99, HR 68. A: Patient with a history of asthma. P: Continue current medications."
N00730,P0264,E03266,2024-09-02,SOAP,"S: Patient seen for chronic disease check. Reports shortness of breath. O: BP 146/87, HR 85. A: Patient with a history of hyperlipidemia. P: Reinforce diet and exercise counseling."
N00731,P0083,E01858,2025-07-13,SOAP,"S: Patient seen for urgent care visit. Reports mild fatigue. O: BP 156/68, HR 82. A: Patient with no significant chronic conditions. P: Continue current medications."
N00732,P0294,E01894,2023-10-06,SOAP,"S: Patient seen for chronic disease check. Reports shortness of breath. O: BP 122/91, HR 88. A: Patient with a history of hypertension. P: Refer to specialist."
N00733,P0067,E00959,2025-09-07,SOAP,"S: Patient seen for outpatient procedure. Reports intermittent pain. O: BP 134/87, HR 82. A: Patient with no significant chronic conditions. P: Order labs and follow up in 2 weeks."
N00734,P0194,E03106,2025-03-04,SOAP,"S: Patient seen for follow-up visit. Reports intermittent pain. O: BP 162/68, HR 93. A: Patient with no significant chronic conditions. P: Adjust medication dose and recheck in 4 weeks."
N00735,P0442,E00775,2023-11-01,SOAP,"S: Patient seen for ed visit for chest pain. Reports intermittent pain. O: BP 108/69, HR 99. A: Patient with no significant chronic conditions. P: Refer to specialist."
N00736,P0285,E02399,2023-08-03,SOAP,"S: Patient seen for follow-up visit. Reports mild fatigue. O: BP 155/74, HR 80. A: Patient with no significant chronic conditions. P: Refer to specialist."
N00737,P0003,E00430,2025-02-19,SOAP,"S: Patient seen for annual wellness visit. Reports feeling well. O: BP 161/75, HR 90. A: Patient with a history of asthma. P: Order labs and follow up in 2 weeks."
N00738,P0397,E01280,2023-05-11,SOAP,"S: Patient seen for hospital admission. Reports feeling well. O: BP 105/74, HR 91. A: Patient with a history of COPD. P: Order labs and follow up in 2 weeks."
N00739,P0428,E01559,2025-07-09,SOAP,"S: Patient seen for follow-up visit. Reports intermittent pain. O: BP 153/71, HR 74. A: Patient with a history of COPD. P: Refer to specialist."
N00740,P0090,E04506,2024-09-24,SOAP,"S: Patient seen for emergency room admission. Reports poor sleep. O: BP 148/74, HR 78. A: Patient with a history of type 2 diabetes. P: Adjust medication dose and recheck in 4 weeks."
N00741,P0036,E00064,2024-08-05,SOAP,"S: Patient seen for ed visit for chest pain. Reports mild fatigue. O: BP 105/80, HR 69. A: Patient with a history of chronic kidney disease. P: Refer to specialist."
N00742,P0217,E00523,2025-07-14,SOAP,"S: Patient seen for admission for pneumonia. Reports shortness of breath. O: BP 126/72, HR 92. A: Patient with a history of chronic kidney disease. P: Reinforce diet and exercise counseling."
N00743,P0408,E03895,2023-02-17,SOAP,"S: Patient seen for well child visit. Reports poor sleep. O: BP 155/98, HR 60. A: Patient with a history of heart failure. P: Continue current medications."
N00744,P0040,E00703,2025-12-24,SOAP,"S: Patient seen for well child visit. Reports mild fatigue. O: BP 138/78, HR 96. A: Patient with a history of hyperlipidemia. P: Refer to specialist."
N00745,P0331,E04379,2025-06-13,SOAP,"S: Patient seen for urgent care visit. Reports intermittent pain. O: BP 117/65, HR 85. A: Patient with a history of osteoarthritis. P: Continue current medications."
N00746,P0134,E04647,2023-06-02,SOAP,"S: Patient seen for ed visit for chest pain. Reports mild fatigue. O: BP 161/65, HR 104. A: Patient with a history of heart failure. P: Order labs and follow up in 2 weeks."
N00747,P0278,E02418,2025-10-27,SOAP,"S: Patient seen for ed visit for chest pain. Reports mild fatigue. O: BP 156/68, HR 72. A: Patient with a history of COPD. P: Reinforce diet and exercise counseling."
N00748,P0483,E02593,2024-06-18,SOAP,"S: Patient seen for urgent care visit. Reports poor sleep. O: BP 123/66, HR 64. A: Patient with no significant chronic conditions. P: Reinforce diet and exercise counseling."
N00749,P0102,E03811,2024-07-12,SOAP,"S: Patient seen for well child visit. Reports shortness of breath. O: BP 134/90, HR 95. A: Patient with a history of depression. P: Order labs and follow up in 2 weeks."
N00750,P0135,E02049,2024-11-24,SOAP,"S: Patient seen for well child visit. Reports feeling well. O: BP 142/72, HR 59. A: Patient with no significant chronic conditions. P: Adjust medication dose and recheck in 4 weeks."
N00751,P0227,E00379,2023-03-09,SOAP,"S: Patient seen for chronic disease check. Reports feeling well. O: BP 159/96, HR 64. A: Patient with no significant chronic conditions. P: Refer to specialist."
N00752,P0442,E02740,2024-04-06,SOAP,"S: Patient seen for chronic disease check. Reports shortness of breath. O: BP 107/87, HR 89. A: Patient with no significant chronic conditions. P: Reinforce diet and exercise counseling."
N00753,P0351,E00903,2023-11-04,SOAP,"S: Patient seen for annual wellness visit. Reports intermittent pain. O: BP 127/82, HR 59. A: Patient with a history of heart failure. P: Refer to specialist."
N00754,P0271,E04611,2024-05-26,SOAP,"S: Patient seen for outpatient procedure. Reports poor sleep. O: BP 112/84, HR 73. A: Patient with no significant chronic conditions. P: Order labs and follow up in 2 weeks."
N00755,P0340,E00237,2023-10-12,SOAP,"S: Patient seen for well child visit. Reports shortness of breath. O: BP 156/92, HR 88. A: Patient with a history of asthma. P: Reinforce diet and exercise counseling."
N00756,P0125,E04769,2023-02-22,SOAP,"S: Patient seen for imaging study. Reports poor sleep. O: BP 146/84, HR 73. A: Patient with a history of heart failure. P: Adjust medication dose and recheck in 4 weeks."
N00757,P0065,E00096,2023-12-16,SOAP,"S: Patient seen for well child visit. Reports intermittent pain. O: BP 152/88, HR 84. A: Patient with no significant chronic conditions. P: Continue current medications."
N00758,P0091,E00047,2023-03-21,SOAP,"S: Patient seen for follow-up visit. Reports shortness of breath. O: BP 143/85, HR 96. A: Patient with a history of depression. P: Order labs and follow up in 2 weeks."
N00759,P0366,E02726,2025-07-06,SOAP,"S: Patient seen for chronic disease check. Reports poor sleep. O: BP 115/89, HR 69. A: Patient with no significant chronic conditions. P: Order labs and follow up in 2 weeks."
N00760,P0339,E03384,2025-04-13,SOAP,"S: Patient seen for urgent care visit. Reports mild fatigue. O: BP 115/95, HR 71. A: Patient with no significant chronic conditions. P: Order labs and follow up in 2 weeks."
N00761,P0056,E03613,2023-12-10,SOAP,"S: Patient seen for emergency room admission. Reports intermittent pain. O: BP 119/96, HR 60. A: Patient with a history of COPD. P: Adjust medication dose and recheck in 4 weeks."
N00762,P0254,E01907,2023-09-19,SOAP,"S: Patient seen for admission for pneumonia. Reports poor sleep. O: BP 110/67, HR 78. A: Patient with a history of COPD. P: Adjust medication dose and recheck in 4 weeks."
N00763,P0237,E02934,2023-01-13,SOAP,"S: Patient seen for medication review. Reports shortness of breath. O: BP 153/85, HR 101. A: Patient with a history of depression. P: Order labs and follow up in 2 weeks."
N00764,P0362,E01289,2023-12-30,SOAP,"S: Patient seen for urgent care visit. Reports intermittent pain. O: BP 109/79, HR 77. A: Patient with a history of hypertension. P: Continue current medications."
N00765,P0242,E04786,2024-05-29,SOAP,"S: Patient seen for well child visit. Reports feeling well. O: BP 162/93, HR 83. A: Patient with a history of hypertension. P: Adjust medication dose and recheck in 4 weeks."
N00766,P0229,E01851,2023-05-18,SOAP,"S: Patient seen for urgent care visit. Reports mild fatigue. O: BP 114/97, HR 86. A: Patient with a history of obesity. P: Reinforce diet and exercise counseling."
N00767,P0214,E04749,2025-04-15,SOAP,"S: Patient seen for annual wellness visit. Reports poor sleep. O: BP 110/92, HR 60. A: Patient with a history of heart failure. P: Order labs and follow up in 2 weeks."
N00768,P0216,E04837,2025-09-15,SOAP,"S: Patient seen for well child visit. Reports feeling well. O: BP 142/71, HR 88. A: Patient with a history of osteoarthritis. P: Refer to specialist."
N00769,P0044,E00713,2025-10-06,SOAP,"S: Patient seen for physical therapy. Reports mild fatigue. O: BP 148/82, HR 69. A: Patient with a history of chronic kidney disease. P: Continue current medications."
N00770,P0120,E03866,2025-08-23,SOAP,"S: Patient seen for urgent care visit. Reports shortness of breath. O: BP 152/80, HR 86. A: Patient with a history of heart failure. P: Adjust medication dose and recheck in 4 weeks."
N00771,P0329,E03541,2024-04-13,SOAP,"S: Patient seen for annual wellness visit. Reports mild fatigue. O: BP 134/80, HR 92. A: Patient with no significant chronic conditions. P: Refer to specialist."
N00772,P0402,E01955,2024-11-18,SOAP,"S: Patient seen for follow-up visit. Reports feeling well. O: BP 118/69, HR 91. A: Patient with a history of asthma. P: Continue current medications."
N00773,P0127,E02962,2024-05-05,SOAP,"S: Patient seen for medication review. Reports mild fatigue. O: BP 123/69, HR 70. A: Patient with a history of chronic kidney disease. P: Refer to specialist."
N00774,P0289,E01492,2023-05-13,SOAP,"S: Patient seen for well child visit. Reports shortness of breath. O: BP 150/72, HR 85. A: Patient with a history of heart failure. P: Refer to specialist."
N00775,P0469,E02161,2023-10-29,SOAP,"S: Patient seen for follow-up visit. Reports mild fatigue. O: BP 131/72, HR 62. A: Patient with a history of hyperlipidemia. P: Reinforce diet and exercise counseling."
N00776,P0028,E04777,2023-12-12,SOAP,"S: Patient seen for annual wellness visit. Reports intermittent pain. O: BP 134/89, HR 68. A: Patient with a history of hyperlipidemia. P: Continue current medications."
N00777,P0454,E01965,2023-01-11,SOAP,"S: Patient seen for urgent care visit. Reports shortness of breath. O: BP 118/81, HR 87. A: Patient with a history of heart failure. P: Continue current medications."
N00778,P0260,E04978,2025-07-21,SOAP,"S: Patient seen for annual wellness visit. Reports shortness of breath. O: BP 161/79, HR 104. A: Patient with a history of osteoarthritis. P: Reinforce diet and exercise counseling."
N00779,P0014,E01230,2023-09-16,SOAP,"S: Patient seen for hospital admission. Reports intermittent pain. O: BP 112/82, HR 78. A: Patient with a history of osteoarthritis. P: Refer to specialist."
N00780,P0156,E01522,2023-09-30,SOAP,"S: Patient seen for well child visit. Reports shortness of breath. O: BP 160/84, HR 86. A: Patient with a history of hyperlipidemia. P: Refer to specialist."
N00781,P0050,E03084,2024-05-13,SOAP,"S: Patient seen for annual wellness visit. Reports feeling well. O: BP 146/71, HR 83. A: Patient with no significant chronic conditions. P: Adjust medication dose and recheck in 4 weeks."
N00782,P0447,E03924,2024-06-27,SOAP,"S: Patient seen for emergency room admission. Reports poor sleep. O: BP 125/76, HR 83. A: Patient with a history of depression. P: Reinforce diet and exercise counseling."
N00783,P0199,E00802,2023-06-03,SOAP,"S: Patient seen for well child visit. Reports mild fatigue. O: BP 135/66, HR 58. A: Patient with a history of hypertension. P: Order labs and follow up in 2 weeks."
N00784,P0386,E00446,2023-11-12,SOAP,"S: Patient seen for admission for pneumonia. Reports poor sleep. O: BP 161/82, HR 72. A: Patient with a history of hypertension. P: Reinforce diet and exercise counseling."
N00785,P0262,E03252,2025-02-19,SOAP,"S: Patient seen for medication review. Reports mild fatigue. O: BP 107/72, HR 77. A: Patient with no significant chronic conditions. P: Reinforce diet and exercise counseling."
N00786,P0327,E03394,2025-03-23,SOAP,"S: Patient seen for hospital admission. Reports intermittent pain. O: BP 135/97, HR 64. A: Patient with a history of chronic kidney disease. P: Reinforce diet and exercise counseling."
N00787,P0325,E02675,2025-04-06,SOAP,"S: Patient seen for urgent care visit. Reports intermittent pain. O: BP 162/92, HR 58. A: Patient with a history of heart failure. P: Order labs and follow up in 2 weeks."
N00788,P0324,E04498,2023-01-05,SOAP,"S: Patient seen for hospital admission. Reports poor sleep. O: BP 108/81, HR 62. A: Patient with no significant chronic conditions. P: Reinforce diet and exercise counseling."
N00789,P0450,E00178,2024-05-18,SOAP,"S: Patient seen for annual wellness visit. Reports poor sleep. O: BP 107/73, HR 76. A: Patient with a history of hyperlipidemia. P: Reinforce diet and exercise counseling."
N00790,P0358,E01381,2023-09-18,SOAP,"S: Patient seen for annual wellness visit. Reports shortness of breath. O: BP 156/76, HR 93. A: Patient with no significant chronic conditions. P: Refer to specialist."
N00791,P0005,E02416,2025-01-15,SOAP,"S: Patient seen for annual wellness visit. Reports mild fatigue. O: BP 132/69, HR 87. A: Patient with a history of depression. P: Reinforce diet and exercise counseling."
N00792,P0250,E01374,2025-10-19,SOAP,"S: Patient seen for outpatient procedure. Reports intermittent pain. O: BP 149/89, HR 60. A: Patient with no significant chronic conditions. P: Adjust medication dose and recheck in 4 weeks."
N00793,P0049,E01584,2024-11-14,SOAP,"S: Patient seen for hospital admission. Reports shortness of breath. O: BP 118/92, HR 70. A: Patient with a history of osteoarthritis. P: Reinforce diet and exercise counseling."
N00794,P0125,E03001,2025-03-17,SOAP,"S: Patient seen for urgent care visit. Reports intermittent pain. O: BP 141/77, HR 102. A: Patient with a history of heart failure. P: Continue current medications."
N00795,P0029,E03652,2024-03-03,SOAP,"S: Patient seen for well child visit. Reports poor sleep. O: BP 110/77, HR 86. A: Patient with no significant chronic conditions. P: Continue current medications."
N00796,P0456,E03607,2024-09-25,SOAP,"S: Patient seen for urgent care visit. Reports mild fatigue. O: BP 142/77, HR 91. A: Patient with a history of COPD. P: Adjust medication dose and recheck in 4 weeks."
N00797,P0236,E04312,2023-11-13,SOAP,"S: Patient seen for well child visit. Reports intermittent pain. O: BP 126/65, HR 99. A: Patient with a history of depression. P: Continue current medications."
N00798,P0163,E02356,2025-01-26,SOAP,"S: Patient seen for annual wellness visit. Reports feeling well. O: BP 154/98, HR 72. A: Patient with a history of osteoarthritis. P: Adjust medication dose and recheck in 4 weeks."
N00799,P0476,E00665,2025-02-24,SOAP,"S: Patient seen for medication review. Reports poor sleep. O: BP 112/70, HR 83. A: Patient with a history of depression. P: Refer to specialist."
N00800,P0187,E02466,2023-02-14,SOAP,"S: Patient seen for urgent care visit. Reports shortness of breath. O: BP 131/81, HR 95. A: Patient with a history of asthma. P: Refer to specialist."
N00801,P0180,E00360,2023-10-26,SOAP,"S: Patient seen for well child visit. Reports shortness of breath. O: BP 117/91, HR 93. A: Patient with a history of obesity. P: Adjust medication dose and recheck in 4 weeks."
N00802,P0246,E03009,2023-09-14,SOAP,"S: Patient seen for follow-up visit. Reports mild fatigue. O: BP 161/79, HR 104. A: Patient with a history of type 2 diabetes. P: Continue current medications."
N00803,P0142,E04594,2025-08-21,SOAP,"S: Patient seen for imaging study. Reports mild fatigue. O: BP 161/75, HR 98. A: Patient with a history of hyperlipidemia. P: Order labs and follow up in 2 weeks."
N00804,P0325,E00701,2024-01-30,SOAP,"S: Patient seen for physical therapy. Reports poor sleep. O: BP 111/69, HR 81. A: Patient with a history of heart failure. P: Order labs and follow up in 2 weeks."
N00805,P0261,E04083,2023-05-07,SOAP,"S: Patient seen for chronic disease check. Reports mild fatigue. O: BP 147/76, HR 81. A: Patient with a history of type 2 diabetes. P: Refer to specialist."
N00806,P0483,E02762,2023-07-22,SOAP,"S: Patient seen for well child visit. Reports poor sleep. O: BP 120/67, HR 69. A: Patient with no significant chronic conditions. P: Reinforce diet and exercise counseling."
N00807,P0247,E01570,2024-07-23,SOAP,"S: Patient seen for imaging study. Reports mild fatigue. O: BP 130/96, HR 62. A: Patient with no significant chronic conditions. P: Continue current medications."
N00808,P0392,E01239,2024-05-11,SOAP,"S: Patient seen for admission for pneumonia. Reports feeling well. O: BP 146/80, HR 73. A: Patient with a history of COPD. P: Order labs and follow up in 2 weeks."
N00809,P0416,E04987,2024-01-16,SOAP,"S: Patient seen for annual wellness visit. Reports intermittent pain. O: BP 109/95, HR 91. A: Patient with a history of heart failure. P: Reinforce diet and exercise counseling."
N00810,P0194,E04704,2025-12-08,SOAP,"S: Patient seen for follow-up visit. Reports shortness of breath. O: BP 105/74, HR 90. A: Patient with no significant chronic conditions. P: Order labs and follow up in 2 weeks."
N00811,P0363,E04041,2024-08-03,SOAP,"S: Patient seen for hospital admission. Reports intermittent pain. O: BP 143/65, HR 88. A: Patient with no significant chronic conditions. P: Order labs and follow up in 2 weeks."
N00812,P0122,E02850,2024-11-18,SOAP,"S: Patient seen for well child visit. Reports shortness of breath. O: BP 163/81, HR 91. A: Patient with a history of depression. P: Adjust medication dose and recheck in 4 weeks."
N00813,P0186,E01338,2024-10-08,SOAP,"S: Patient seen for physical therapy. Reports feeling well. O: BP 105/86, HR 102. A: Patient with a history of type 2 diabetes. P: Reinforce diet and exercise counseling."
N00814,P0188,E04825,2025-08-03,SOAP,"S: Patient seen for chronic disease check. Reports mild fatigue. O: BP 142/70, HR 84. A: Patient with a history of asthma. P: Continue current medications."
N00815,P0380,E01000,2024-08-15,SOAP,"S: Patient seen for urgent care visit. Reports poor sleep. O: BP 109/76, HR 91. A: Patient with a history of chronic kidney disease. P: Order labs and follow up in 2 weeks."
N00816,P0289,E02588,2024-09-07,SOAP,"S: Patient seen for well child visit. Reports mild fatigue. O: BP 133/79, HR 96. A: Patient with a history of heart failure. P: Reinforce diet and exercise counseling."
N00817,P0365,E03806,2025-02-15,SOAP,"S: Patient seen for well child visit. Reports intermittent pain. O: BP 162/79, HR 61. A: Patient with a history of hypertension. P: Reinforce diet and exercise counseling."
N00818,P0149,E00945,2024-05-29,SOAP,"S: Patient seen for emergency room admission. Reports mild fatigue. O: BP 155/76, HR 86. A: Patient with no significant chronic conditions. P: Reinforce diet and exercise counseling."
N00819,P0203,E03286,2024-09-04,SOAP,"S: Patient seen for emergency room admission. Reports feeling well. O: BP 122/92, HR 94. A: Patient with a history of hyperlipidemia. P: Reinforce diet and exercise counseling."
N00820,P0155,E02043,2025-02-10,SOAP,"S: Patient seen for outpatient procedure. Reports mild fatigue. O: BP 142/85, HR 73. A: Patient with no significant chronic conditions. P: Refer to specialist."
N00821,P0405,E00809,2023-01-17,SOAP,"S: Patient seen for annual wellness visit. Reports poor sleep. O: BP 138/74, HR 73. A: Patient with a history of chronic kidney disease. P: Order labs and follow up in 2 weeks."
N00822,P0180,E03911,2025-04-17,SOAP,"S: Patient seen for medication review. Reports feeling well. O: BP 133/75, HR 98. A: Patient with a history of obesity. P: Adjust medication dose and recheck in 4 weeks."
N00823,P0063,E00868,2023-07-30,SOAP,"S: Patient seen for urgent care visit. Reports poor sleep. O: BP 131/71, HR 101. A: Patient with a history of hypertension. P: Refer to specialist."
N00824,P0101,E02599,2023-05-31,SOAP,"S: Patient seen for imaging study. Reports intermittent pain. O: BP 132/75, HR 72. A: Patient with a history of depression. P: Continue current medications."
N00825,P0441,E00929,2024-12-15,SOAP,"S: Patient seen for follow-up visit. Reports shortness of breath. O: BP 136/66, HR 62. A: Patient with a history of depression. P: Continue current medications."
N00826,P0246,E00767,2025-06-28,SOAP,"S: Patient seen for urgent care visit. Reports intermittent pain. O: BP 129/96, HR 60. A: Patient with a history of type 2 diabetes. P: Reinforce diet and exercise counseling."
N00827,P0470,E00547,2024-10-03,SOAP,"S: Patient seen for annual wellness visit. Reports intermittent pain. O: BP 150/69, HR 67. A: Patient with a history of obesity. P: Continue current medications."
N00828,P0018,E02115,2024-11-08,SOAP,"S: Patient seen for well child visit. Reports feeling well. O: BP 121/83, HR 86. A: Patient with a history of COPD. P: Reinforce diet and exercise counseling."
N00829,P0427,E01332,2025-04-24,SOAP,"S: Patient seen for hospital admission. Reports mild fatigue. O: BP 107/77, HR 84. A: Patient with a history of COPD. P: Continue current medications."
N00830,P0133,E02156,2025-08-05,SOAP,"S: Patient seen for imaging study. Reports intermittent pain. O: BP 140/93, HR 77. A: Patient with a history of chronic kidney disease. P: Adjust medication dose and recheck in 4 weeks."
N00831,P0246,E00951,2024-07-08,SOAP,"S: Patient seen for ed visit for chest pain. Reports intermittent pain. O: BP 130/76, HR 71. A: Patient with a history of type 2 diabetes. P: Reinforce diet and exercise counseling."
N00832,P0275,E01288,2024-12-08,SOAP,"S: Patient seen for annual wellness visit. Reports poor sleep. O: BP 146/92, HR 102. A: Patient with a history of COPD. P: Order labs and follow up in 2 weeks."
N00833,P0083,E04265,2024-10-11,SOAP,"S: Patient seen for chronic disease check. Reports shortness of breath. O: BP 164/79, HR 66. A: Patient with no significant chronic conditions. P: Continue current medications."
N00834,P0383,E04492,2025-12-04,SOAP,"S: Patient seen for chronic disease check. Reports shortness of breath. O: BP 131/66, HR 103. A: Patient with a history of depression. P: Order labs and follow up in 2 weeks."
N00835,P0475,E02554,2025-02-10,SOAP,"S: Patient seen for annual wellness visit. Reports mild fatigue. O: BP 144/86, HR 98. A: Patient with a history of hypertension. P: Order labs and follow up in 2 weeks."
N00836,P0179,E02985,2024-03-03,SOAP,"S: Patient seen for chronic disease check. Reports mild fatigue. O: BP 131/68, HR 85. A: Patient with no significant chronic conditions. P: Continue current medications."
N00837,P0210,E02502,2024-06-21,SOAP,"S: Patient seen for chronic disease check. Reports shortness of breath. O: BP 123/69, HR 102. A: Patient with a history of COPD. P: Refer to specialist."
N00838,P0052,E03412,2025-07-31,SOAP,"S: Patient seen for physical therapy. Reports poor sleep. O: BP 140/81, HR 99. A: Patient with a history of COPD. P: Order labs and follow up in 2 weeks."
N00839,P0347,E03602,2025-01-15,SOAP,"S: Patient seen for well child visit. Reports shortness of breath. O: BP 130/80, HR 101. A: Patient with a history of chronic kidney disease. P: Adjust medication dose and recheck in 4 weeks."
N00840,P0150,E01777,2023-11-03,SOAP,"S: Patient seen for physical therapy. Reports shortness of breath. O: BP 152/88, HR 84. A: Patient with a history of asthma. P: Adjust medication dose and recheck in 4 weeks."
N00841,P0367,E00610,2023-07-30,SOAP,"S: Patient seen for physical therapy. Reports poor sleep. O: BP 122/87, HR 72. A: Patient with a history of asthma. P: Continue current medications."
N00842,P0360,E01671,2024-08-03,SOAP,"S: Patient seen for chronic disease check. Reports shortness of breath. O: BP 133/95, HR 103. A: Patient with no significant chronic conditions. P: Refer to specialist."
N00843,P0161,E03635,2024-11-08,SOAP,"S: Patient seen for outpatient procedure. Reports poor sleep. O: BP 128/73, HR 102. A: Patient with a history of obesity. P: Order labs and follow up in 2 weeks."
N00844,P0476,E04160,2023-10-28,SOAP,"S: Patient seen for medication review. Reports intermittent pain. O: BP 126/97, HR 72. A: Patient with a history of depression. P: Reinforce diet and exercise counseling."
N00845,P0232,E04578,2024-06-19,SOAP,"S: Patient seen for medication review. Reports feeling well. O: BP 139/97, HR 102. A: Patient with a history of obesity. P: Order labs and follow up in 2 weeks."
N00846,P0493,E04226,2025-03-23,SOAP,"S: Patient seen for follow-up visit. Reports shortness of breath. O: BP 123/84, HR 92. A: Patient with a history of heart failure. P: Adjust medication dose and recheck in 4 weeks."
N00847,P0132,E00758,2024-02-27,SOAP,"S: Patient seen for emergency room admission. Reports mild fatigue. O: BP 117/89, HR 60. A: Patient with a history of type 2 diabetes. P: Reinforce diet and exercise counseling."
N00848,P0422,E00005,2023-01-19,SOAP,"S: Patient seen for urgent care visit. Reports mild fatigue. O: BP 122/82, HR 78. A: Patient with a history of type 2 diabetes. P: Refer to specialist."
N00849,P0246,E03358,2024-06-03,SOAP,"S: Patient seen for medication review. Reports mild fatigue. O: BP 127/89, HR 89. A: Patient with a history of type 2 diabetes. P: Continue current medications."
N00850,P0092,E03296,2024-05-15,SOAP,"S: Patient seen for chronic disease check. Reports mild fatigue. O: BP 112/95, HR 91. A: Patient with a history of heart failure. P: Continue current medications."
N00851,P0301,E02632,2024-03-19,SOAP,"S: Patient seen for annual wellness visit. Reports poor sleep. O: BP 126/99, HR 62. A: Patient with a history of hypertension. P: Adjust medication dose and recheck in 4 weeks."
N00852,P0392,E02542,2025-04-02,SOAP,"S: Patient seen for well child visit. Reports feeling well. O: BP 151/65, HR 72. A: Patient with a history of COPD. P: Order labs and follow up in 2 weeks."
N00853,P0265,E02601,2024-03-06,SOAP,"S: Patient seen for medication review. Reports shortness of breath. O: BP 118/75, HR 95. A: Patient with no significant chronic conditions. P: Order labs and follow up in 2 weeks."
N00854,P0340,E00439,2023-01-09,SOAP,"S: Patient seen for follow-up visit. Reports feeling well. O: BP 119/97, HR 104. A: Patient with a history of asthma. P: Refer to specialist."
N00855,P0388,E02883,2025-06-28,SOAP,"S: Patient seen for annual wellness visit. Reports intermittent pain. O: BP 118/96, HR 74. A: Patient with a history of asthma. P: Continue current medications."
N00856,P0252,E03897,2024-07-10,SOAP,"S: Patient seen for urgent care visit. Reports mild fatigue. O: BP 132/65, HR 90. A: Patient with no significant chronic conditions. P: Continue current medications."
N00857,P0211,E00041,2023-03-30,SOAP,"S: Patient seen for annual wellness visit. Reports intermittent pain. O: BP 125/72, HR 58. A: Patient with a history of hypertension. P: Order labs and follow up in 2 weeks."
N00858,P0098,E01574,2025-09-17,SOAP,"S: Patient seen for physical therapy. Reports shortness of breath. O: BP 154/71, HR 97. A: Patient with a history of depression. P: Reinforce diet and exercise counseling."
N00859,P0236,E02083,2024-01-19,SOAP,"S: Patient seen for annual wellness visit. Reports shortness of breath. O: BP 163/65, HR 89. A: Patient with a history of depression. P: Reinforce diet and exercise counseling."
N00860,P0477,E00061,2024-08-08,SOAP,"S: Patient seen for urgent care visit. Reports mild fatigue. O: BP 144/78, HR 101. A: Patient with a history of hyperlipidemia. P: Reinforce diet and exercise counseling."
N00861,P0233,E01002,2025-06-17,SOAP,"S: Patient seen for chronic disease check. Reports mild fatigue. O: BP 113/84, HR 60. A: Patient with a history of osteoarthritis. P: Continue current medications."
N00862,P0229,E00744,2023-06-03,SOAP,"S: Patient seen for ed visit for chest pain. Reports shortness of breath. O: BP 155/88, HR 95. A: Patient with a history of obesity. P: Adjust medication dose and recheck in 4 weeks."
N00863,P0332,E04039,2025-03-18,SOAP,"S: Patient seen for follow-up visit. Reports mild fatigue. O: BP 127/67, HR 62. A: Patient with a history of obesity. P: Refer to specialist."
N00864,P0330,E04543,2025-12-25,SOAP,"S: Patient seen for imaging study. Reports intermittent pain. O: BP 133/88, HR 81. A: Patient with a history of obesity. P: Order labs and follow up in 2 weeks."
N00865,P0347,E04859,2023-01-05,SOAP,"S: Patient seen for follow-up visit. Reports shortness of breath. O: BP 124/98, HR 82. A: Patient with a history of chronic kidney disease. P: Refer to specialist."
N00866,P0455,E03781,2025-09-08,SOAP,"S: Patient seen for follow-up visit. Reports mild fatigue. O: BP 140/69, HR 58. A: Patient with a history of chronic kidney disease. P: Adjust medication dose and recheck in 4 weeks."
N00867,P0337,E04246,2023-12-13,SOAP,"S: Patient seen for well child visit. Reports feeling well. O: BP 155/86, HR 83. A: Patient with a history of obesity. P: Order labs and follow up in 2 weeks."
N00868,P0487,E03170,2025-07-06,SOAP,"S: Patient seen for imaging study. Reports intermittent pain. O: BP 125/95, HR 71. A: Patient with a history of depression. P: Continue current medications."
N00869,P0420,E00855,2023-12-09,SOAP,"S: Patient seen for well child visit. Reports intermittent pain. O: BP 112/68, HR 94. A: Patient with a history of depression. P: Reinforce diet and exercise counseling."
N00870,P0207,E01690,2025-05-11,SOAP,"S: Patient seen for urgent care visit. Reports feeling well. O: BP 154/66, HR 85. A: Patient with a history of obesity. P: Order labs and follow up in 2 weeks."
N00871,P0266,E04701,2024-10-17,SOAP,"S: Patient seen for medication review. Reports feeling well. O: BP 131/69, HR 100. A: Patient with no significant chronic conditions. P: Order labs and follow up in 2 weeks."
N00872,P0269,E04176,2025-10-02,SOAP,"S: Patient seen for medication review. Reports mild fatigue. O: BP 110/93, HR 82. A: Patient with no significant chronic conditions. P: Refer to specialist."
N00873,P0112,E00849,2023-10-11,SOAP,"S: Patient seen for annual wellness visit. Reports feeling well. O: BP 156/75, HR 76. A: Patient with no significant chronic conditions. P: Order labs and follow up in 2 weeks."
N00874,P0083,E01030,2024-11-09,SOAP,"S: Patient seen for emergency room admission. Reports intermittent pain. O: BP 129/94, HR 102. A: Patient with no significant chronic conditions. P: Refer to specialist."
N00875,P0438,E03703,2024-07-31,SOAP,"S: Patient seen for urgent care visit. Reports feeling well. O: BP 137/70, HR 76. A: Patient with a history of obesity. P: Reinforce diet and exercise counseling."
N00876,P0016,E01747,2023-12-10,SOAP,"S: Patient seen for physical therapy. Reports mild fatigue. O: BP 153/89, HR 97. A: Patient with a history of heart failure. P: Adjust medication dose and recheck in 4 weeks."
N00877,P0185,E04514,2023-03-29,SOAP,"S: Patient seen for annual wellness visit. Reports intermittent pain. O: BP 134/86, HR 81. A: Patient with a history of depression. P: Order labs and follow up in 2 weeks."
N00878,P0380,E00742,2025-12-19,SOAP,"S: Patient seen for urgent care visit. Reports shortness of breath. O: BP 155/66, HR 82. A: Patient with a history of chronic kidney disease. P: Refer to specialist."
N00879,P0378,E00720,2025-03-17,SOAP,"S: Patient seen for physical therapy. Reports mild fatigue. O: BP 122/76, HR 84. A: Patient with a history of heart failure. P: Reinforce diet and exercise counseling."
N00880,P0277,E03728,2025-07-31,SOAP,"S: Patient seen for follow-up visit. Reports intermittent pain. O: BP 117/80, HR 91. A: Patient with a history of hypertension. P: Continue current medications."
N00881,P0338,E01330,2025-01-14,SOAP,"S: Patient seen for urgent care visit. Reports mild fatigue. O: BP 157/84, HR 96. A: Patient with a history of asthma. P: Reinforce diet and exercise counseling."
N00882,P0020,E00243,2025-01-24,SOAP,"S: Patient seen for medication review. Reports shortness of breath. O: BP 142/90, HR 82. A: Patient with no significant chronic conditions. P: Reinforce diet and exercise counseling."
N00883,P0490,E02003,2024-02-01,SOAP,"S: Patient seen for well child visit. Reports poor sleep. O: BP 150/72, HR 90. A: Patient with no significant chronic conditions. P: Continue current medications."
N00884,P0399,E02605,2023-05-27,SOAP,"S: Patient seen for urgent care visit. Reports intermittent pain. O: BP 138/67, HR 76. A: Patient with a history of osteoarthritis. P: Order labs and follow up in 2 weeks."
N00885,P0355,E03852,2024-09-15,SOAP,"S: Patient seen for medication review. Reports intermittent pain. O: BP 145/66, HR 70. A: Patient with a history of heart failure. P: Continue current medications."
N00886,P0049,E03119,2025-08-02,SOAP,"S: Patient seen for annual wellness visit. Reports mild fatigue. O: BP 124/98, HR 86. A: Patient with a history of osteoarthritis. P: Order labs and follow up in 2 weeks."
N00887,P0345,E02930,2025-05-13,SOAP,"S: Patient seen for well child visit. Reports intermittent pain. O: BP 111/73, HR 82. A: Patient with no significant chronic conditions. P: Refer to specialist."
N00888,P0159,E03457,2024-06-04,SOAP,"S: Patient seen for imaging study. Reports poor sleep. O: BP 161/80, HR 86. A: Patient with a history of hypertension. P: Continue current medications."
N00889,P0112,E02127,2025-12-27,SOAP,"S: Patient seen for admission for pneumonia. Reports feeling well. O: BP 160/75, HR 68. A: Patient with no significant chronic conditions. P: Reinforce diet and exercise counseling."
N00890,P0334,E04756,2023-03-12,SOAP,"S: Patient seen for physical therapy. Reports mild fatigue. O: BP 161/66, HR 96. A: Patient with a history of chronic kidney disease. P: Reinforce diet and exercise counseling."
N00891,P0359,E00252,2024-01-06,SOAP,"S: Patient seen for annual wellness visit. Reports intermittent pain. O: BP 118/69, HR 101. A: Patient with a history of type 2 diabetes. P: Refer to specialist."
N00892,P0257,E00522,2023-10-19,SOAP,"S: Patient seen for annual wellness visit. Reports feeling well. O: BP 155/77, HR 75. A: Patient with a history of hyperlipidemia. P: Adjust medication dose and recheck in 4 weeks."
N00893,P0345,E04259,2025-05-28,SOAP,"S: Patient seen for annual wellness visit. Reports intermittent pain. O: BP 158/93, HR 96. A: Patient with no significant chronic conditions. P: Refer to specialist."
N00894,P0069,E04177,2025-11-03,SOAP,"S: Patient seen for imaging study. Reports poor sleep. O: BP 106/67, HR 88. A: Patient with a history of chronic kidney disease. P: Reinforce diet and exercise counseling."
N00895,P0151,E02382,2023-06-14,SOAP,"S: Patient seen for medication review. Reports intermittent pain. O: BP 130/89, HR 93. A: Patient with a history of obesity. P: Adjust medication dose and recheck in 4 weeks."
N00896,P0404,E01064,2023-09-04,SOAP,"S: Patient seen for annual wellness visit. Reports mild fatigue. O: BP 120/68, HR 82. A: Patient with a history of chronic kidney disease. P: Order labs and follow up in 2 weeks."
N00897,P0499,E03268,2024-07-28,SOAP,"S: Patient seen for well child visit. Reports shortness of breath. O: BP 127/93, HR 91. A: Patient with a history of heart failure. P: Adjust medication dose and recheck in 4 weeks."
N00898,P0113,E00469,2024-11-25,SOAP,"S: Patient seen for chronic disease check. Reports shortness of breath. O: BP 149/69, HR 99. A: Patient with a history of obesity. P: Adjust medication dose and recheck in 4 weeks."
N00899,P0187,E03586,2023-03-08,SOAP,"S: Patient seen for ed visit for chest pain. Reports feeling well. O: BP 155/68, HR 76. A: Patient with a history of asthma. P: Refer to specialist."
N00900,P0048,E01217,2023-05-16,SOAP,"S: Patient seen for chronic disease check. Reports mild fatigue. O: BP 130/96, HR 87. A: Patient with a history of heart failure. P: Continue current medications."
N00901,P0485,E04410,2025-03-29,SOAP,"S: Patient seen for chronic disease check. Reports shortness of breath. O: BP 136/88, HR 95. A: Patient with a history of type 2 diabetes. P: Order labs and follow up in 2 weeks."
N00902,P0007,E00616,2025-07-28,SOAP,"S: Patient seen for chronic disease check. Reports mild fatigue. O: BP 151/73, HR 75. A: Patient with a history of hyperlipidemia. P: Adjust medication dose and recheck in 4 weeks."
N00903,P0261,E01008,2023-02-26,SOAP,"S: Patient seen for urgent care visit. Reports shortness of breath. O: BP 135/78, HR 87. A: Patient with a history of type 2 diabetes. P: Reinforce diet and exercise counseling."
N00904,P0065,E03451,2023-09-28,SOAP,"S: Patient seen for well child visit. Reports poor sleep. O: BP 131/95, HR 78. A: Patient with no significant chronic conditions. P: Continue current medications."
N00905,P0136,E02296,2025-02-03,SOAP,"S: Patient seen for annual wellness visit. Reports shortness of breath. O: BP 142/72, HR 66. A: Patient with a history of hyperlipidemia. P: Refer to specialist."
N00906,P0145,E00843,2024-01-05,SOAP,"S: Patient seen for well child visit. Reports poor sleep. O: BP 124/86, HR 74. A: Patient with no significant chronic conditions. P: Continue current medications."
N00907,P0223,E01111,2024-07-30,SOAP,"S: Patient seen for well child visit. Reports mild fatigue. O: BP 139/82, HR 77. A: Patient with a history of depression. P: Continue current medications."
N00908,P0358,E03123,2024-02-29,SOAP,"S: Patient seen for well child visit. Reports poor sleep. O: BP 164/98, HR 66. A: Patient with no significant chronic conditions. P: Adjust medication dose and recheck in 4 weeks."
N00909,P0397,E02821,2023-01-09,SOAP,"S: Patient seen for urgent care visit. Reports poor sleep. O: BP 133/90, HR 94. A: Patient with a history of COPD. P: Order labs and follow up in 2 weeks."
N00910,P0051,E00707,2023-12-16,SOAP,"S: Patient seen for ed visit for chest pain. Reports feeling well. O: BP 120/89, HR 82. A: Patient with a history of hypertension. P: Refer to specialist."
N00911,P0251,E04580,2025-12-28,SOAP,"S: Patient seen for well child visit. Reports intermittent pain. O: BP 154/99, HR 91. A: Patient with no significant chronic conditions. P: Order labs and follow up in 2 weeks."
N00912,P0025,E03934,2025-01-05,SOAP,"S: Patient seen for hospital admission. Reports poor sleep. O: BP 143/90, HR 96. A: Patient with a history of hyperlipidemia. P: Order labs and follow up in 2 weeks."
N00913,P0174,E04538,2025-03-28,SOAP,"S: Patient seen for annual wellness visit. Reports poor sleep. O: BP 154/95, HR 91. A: Patient with a history of heart failure. P: Continue current medications."
N00914,P0208,E02898,2024-03-05,SOAP,"S: Patient seen for follow-up visit. Reports mild fatigue. O: BP 141/70, HR 77. A: Patient with no significant chronic conditions. P: Order labs and follow up in 2 weeks."
N00915,P0251,E04042,2025-09-16,SOAP,"S: Patient seen for medication review. Reports poor sleep. O: BP 149/80, HR 78. A: Patient with no significant chronic conditions. P: Continue current medications."
N00916,P0499,E04469,2023-05-20,SOAP,"S: Patient seen for admission for pneumonia. Reports feeling well. O: BP 152/83, HR 97. A: Patient with a history of heart failure. P: Reinforce diet and exercise counseling."
N00917,P0485,E04795,2023-04-16,SOAP,"S: Patient seen for chronic disease check. Reports intermittent pain. O: BP 155/83, HR 74. A: Patient with a history of type 2 diabetes. P: Continue current medications."
N00918,P0081,E03426,2023-04-07,SOAP,"S: Patient seen for physical therapy. Reports intermittent pain. O: BP 116/94, HR 61. A: Patient with a history of obesity. P: Order labs and follow up in 2 weeks."
N00919,P0263,E00501,2023-08-30,SOAP,"S: Patient seen for emergency room admission. Reports mild fatigue. O: BP 128/84, HR 75. A: Patient with a history of type 2 diabetes. P: Order labs and follow up in 2 weeks."
N00920,P0204,E01039,2025-07-04,SOAP,"S: Patient seen for urgent care visit. Reports mild fatigue. O: BP 135/91, HR 62. A: Patient with a history of obesity. P: Refer to specialist."
N00921,P0082,E03599,2023-11-30,SOAP,"S: Patient seen for imaging study. Reports poor sleep. O: BP 126/81, HR 87. A: Patient with a history of osteoarthritis. P: Continue current medications."
N00922,P0222,E04301,2024-08-21,SOAP,"S: Patient seen for well child visit. Reports poor sleep. O: BP 135/82, HR 61. A: Patient with a history of heart failure. P: Adjust medication dose and recheck in 4 weeks."
N00923,P0301,E01299,2023-12-22,SOAP,"S: Patient seen for physical therapy. Reports intermittent pain. O: BP 110/80, HR 97. A: Patient with a history of hypertension. P: Order labs and follow up in 2 weeks."
N00924,P0148,E03595,2024-11-09,SOAP,"S: Patient seen for annual wellness visit. Reports intermittent pain. O: BP 129/65, HR 73. A: Patient with a history of osteoarthritis. P: Continue current medications."
N00925,P0239,E01195,2023-11-08,SOAP,"S: Patient seen for medication review. Reports poor sleep. O: BP 115/66, HR 72. A: Patient with a history of depression. P: Order labs and follow up in 2 weeks."
N00926,P0003,E02699,2024-02-18,SOAP,"S: Patient seen for well child visit. Reports shortness of breath. O: BP 138/72, HR 101. A: Patient with a history of asthma. P: Refer to specialist."
N00927,P0141,E01622,2023-11-18,SOAP,"S: Patient seen for annual wellness visit. Reports poor sleep. O: BP 146/88, HR 92. A: Patient with a history of hypertension. P: Continue current medications."
N00928,P0390,E03862,2023-02-20,SOAP,"S: Patient seen for outpatient procedure. Reports shortness of breath. O: BP 134/65, HR 104. A: Patient with a history of COPD. P: Order labs and follow up in 2 weeks."
N00929,P0404,E01788,2024-03-20,SOAP,"S: Patient seen for outpatient procedure. Reports intermittent pain. O: BP 106/71, HR 70. A: Patient with a history of chronic kidney disease. P: Order labs and follow up in 2 weeks."
N00930,P0467,E00592,2024-08-04,SOAP,"S: Patient seen for hospital admission. Reports poor sleep. O: BP 118/76, HR 78. A: Patient with a history of asthma. P: Reinforce diet and exercise counseling."
N00931,P0438,E01126,2024-03-07,SOAP,"S: Patient seen for imaging study. Reports shortness of breath. O: BP 158/95, HR 102. A: Patient with a history of obesity. P: Order labs and follow up in 2 weeks."
N00932,P0090,E03726,2023-11-17,SOAP,"S: Patient seen for chronic disease check. Reports shortness of breath. O: BP 157/80, HR 63. A: Patient with a history of type 2 diabetes. P: Refer to specialist."
N00933,P0099,E04220,2024-02-08,SOAP,"S: Patient seen for annual wellness visit. Reports shortness of breath. O: BP 109/98, HR 83. A: Patient with a history of obesity. P: Order labs and follow up in 2 weeks."
N00934,P0381,E02164,2023-06-01,SOAP,"S: Patient seen for imaging study. Reports shortness of breath. O: BP 131/93, HR 91. A: Patient with no significant chronic conditions. P: Adjust medication dose and recheck in 4 weeks."
N00935,P0179,E04715,2023-06-13,SOAP,"S: Patient seen for emergency room admission. Reports feeling well. O: BP 130/79, HR 72. A: Patient with no significant chronic conditions. P: Order labs and follow up in 2 weeks."
N00936,P0248,E00520,2024-04-23,SOAP,"S: Patient seen for annual wellness visit. Reports shortness of breath. O: BP 118/99, HR 65. A: Patient with a history of asthma. P: Reinforce diet and exercise counseling."
N00937,P0327,E00938,2024-02-14,SOAP,"S: Patient seen for medication review. Reports feeling well. O: BP 117/74, HR 84. A: Patient with a history of chronic kidney disease. P: Adjust medication dose and recheck in 4 weeks."
N00938,P0227,E03901,2025-12-18,SOAP,"S: Patient seen for well child visit. Reports intermittent pain. O: BP 148/98, HR 84. A: Patient with no significant chronic conditions. P: Adjust medication dose and recheck in 4 weeks."
N00939,P0358,E03453,2023-11-08,SOAP,"S: Patient seen for well child visit. Reports feeling well. O: BP 144/81, HR 83. A: Patient with no significant chronic conditions. P: Refer to specialist."
N00940,P0195,E00256,2025-03-09,SOAP,"S: Patient seen for imaging study. Reports intermittent pain. O: BP 156/82, HR 94. A: Patient with a history of hyperlipidemia. P: Order labs and follow up in 2 weeks."
N00941,P0368,E02639,2025-03-08,SOAP,"S: Patient seen for chronic disease check. Reports shortness of breath. O: BP 106/85, HR 72. A: Patient with a history of type 2 diabetes. P: Order labs and follow up in 2 weeks."
N00942,P0224,E01743,2023-11-12,SOAP,"S: Patient seen for follow-up visit. Reports intermittent pain. O: BP 122/80, HR 74. A: Patient with a history of osteoarthritis. P: Order labs and follow up in 2 weeks."
N00943,P0281,E03665,2024-06-18,SOAP,"S: Patient seen for ed visit for chest pain. Reports intermittent pain. O: BP 123/71, HR 66. A: Patient with a history of hyperlipidemia. P: Reinforce diet and exercise counseling."
N00944,P0268,E03614,2025-02-08,SOAP,"S: Patient seen for follow-up visit. Reports shortness of breath. O: BP 129/75, HR 61. A: Patient with a history of COPD. P: Continue current medications."
N00945,P0102,E01204,2025-02-18,SOAP,"S: Patient seen for annual wellness visit. Reports feeling well. O: BP 159/69, HR 102. A: Patient with a history of depression. P: Reinforce diet and exercise counseling."
N00946,P0392,E04374,2023-04-05,SOAP,"S: Patient seen for outpatient procedure. Reports poor sleep. O: BP 144/80, HR 74. A: Patient with a history of COPD. P: Adjust medication dose and recheck in 4 weeks."
N00947,P0031,E03041,2023-03-07,SOAP,"S: Patient seen for chronic disease check. Reports mild fatigue. O: BP 139/65, HR 59. A: Patient with a history of osteoarthritis. P: Reinforce diet and exercise counseling."
N00948,P0144,E00301,2025-08-11,SOAP,"S: Patient seen for well child visit. Reports mild fatigue. O: BP 157/66, HR 80. A: Patient with a history of obesity. P: Reinforce diet and exercise counseling."
N00949,P0170,E03263,2023-11-02,SOAP,"S: Patient seen for medication review. Reports shortness of breath. O: BP 125/66, HR 76. A: Patient with no significant chronic conditions. P: Adjust medication dose and recheck in 4 weeks."
N00950,P0080,E04388,2023-01-10,SOAP,"S: Patient seen for ed visit for chest pain. Reports shortness of breath. O: BP 138/92, HR 97. A: Patient with a history of hyperlipidemia. P: Refer to specialist."
N00951,P0045,E01732,2025-01-19,SOAP,"S: Patient seen for admission for pneumonia. Reports poor sleep. O: BP 107/67, HR 63. A: Patient with a history of hyperlipidemia. P: Order labs and follow up in 2 weeks."
N00952,P0135,E03771,2025-01-21,SOAP,"S: Patient seen for urgent care visit. Reports mild fatigue. O: BP 161/78, HR 70. A: Patient with no significant chronic conditions. P: Reinforce diet and exercise counseling."
N00953,P0162,E02094,2024-09-16,SOAP,"S: Patient seen for annual wellness visit. Reports intermittent pain. O: BP 113/84, HR 58. A: Patient with a history of asthma. P: Continue current medications."
N00954,P0292,E04913,2025-09-07,SOAP,"S: Patient seen for annual wellness visit. Reports feeling well. O: BP 164/85, HR 98. A: Patient with no significant chronic conditions. P: Refer to specialist."
N00955,P0458,E01640,2025-01-30,SOAP,"S: Patient seen for follow-up visit. Reports intermittent pain. O: BP 137/82, HR 102. A: Patient with no significant chronic conditions. P: Order labs and follow up in 2 weeks."
N00956,P0366,E00225,2024-10-29,SOAP,"S: Patient seen for urgent care visit. Reports shortness of breath. O: BP 132/98, HR 84. A: Patient with no significant chronic conditions. P: Adjust medication dose and recheck in 4 weeks."
N00957,P0183,E04356,2023-08-17,SOAP,"S: Patient seen for medication review. Reports mild fatigue. O: BP 135/93, HR 104. A: Patient with a history of chronic kidney disease. P: Continue current medications."
N00958,P0302,E02124,2024-05-11,SOAP,"S: Patient seen for well child visit. Reports mild fatigue. O: BP 156/80, HR 72. A: Patient with a history of type 2 diabetes. P: Reinforce diet and exercise counseling."
N00959,P0181,E03305,2025-08-17,SOAP,"S: Patient seen for emergency room admission. Reports intermittent pain. O: BP 132/84, HR 67. A: Patient with a history of COPD. P: Adjust medication dose and recheck in 4 weeks."
N00960,P0499,E03889,2025-03-10,SOAP,"S: Patient seen for annual wellness visit. Reports feeling well. O: BP 140/82, HR 74. A: Patient with a history of heart failure. P: Continue current medications."
N00961,P0109,E04198,2024-10-15,SOAP,"S: Patient seen for medication review. Reports shortness of breath. O: BP 130/89, HR 63. A: Patient with a history of heart failure. P: Refer to specialist."
N00962,P0334,E02448,2025-05-22,SOAP,"S: Patient seen for emergency room admission. Reports mild fatigue. O: BP 161/88, HR 61. A: Patient with a history of chronic kidney disease. P: Order labs and follow up in 2 weeks."
N00963,P0175,E03314,2025-11-27,SOAP,"S: Patient seen for admission for pneumonia. Reports intermittent pain. O: BP 109/65, HR 71. A: Patient with a history of heart failure. P: Order labs and follow up in 2 weeks."
N00964,P0328,E01425,2023-12-23,SOAP,"S: Patient seen for chronic disease check. Reports poor sleep. O: BP 124/69, HR 98. A: Patient with a history of depression. P: Continue current medications."
N00965,P0133,E00401,2024-07-22,SOAP,"S: Patient seen for urgent care visit. Reports mild fatigue. O: BP 147/76, HR 98. A: Patient with a history of chronic kidney disease. P: Order labs and follow up in 2 weeks."
N00966,P0182,E02572,2025-05-20,SOAP,"S: Patient seen for well child visit. Reports intermittent pain. O: BP 157/73, HR 71. A: Patient with a history of depression. P: Order labs and follow up in 2 weeks."
N00967,P0262,E02875,2024-04-02,SOAP,"S: Patient seen for imaging study. Reports shortness of breath. O: BP 128/88, HR 76. A: Patient with no significant chronic conditions. P: Refer to specialist."
N00968,P0142,E01385,2025-01-15,SOAP,"S: Patient seen for physical therapy. Reports feeling well. O: BP 113/68, HR 72. A: Patient with a history of hyperlipidemia. P: Order labs and follow up in 2 weeks."
N00969,P0384,E02513,2024-01-01,SOAP,"S: Patient seen for well child visit. Reports intermittent pain. O: BP 152/91, HR 87. A: Patient with a history of type 2 diabetes. P: Reinforce diet and exercise counseling."
N00970,P0146,E04157,2025-01-17,SOAP,"S: Patient seen for chronic disease check. Reports shortness of breath. O: BP 121/84, HR 101. A: Patient with a history of hyperlipidemia. P: Adjust medication dose and recheck in 4 weeks."
N00971,P0246,E00976,2024-03-22,SOAP,"S: Patient seen for outpatient procedure. Reports feeling well. O: BP 160/97, HR 97. A: Patient with a history of type 2 diabetes. P: Continue current medications."
N00972,P0017,E01144,2025-04-12,SOAP,"S: Patient seen for outpatient procedure. Reports poor sleep. O: BP 162/72, HR 77. A: Patient with a history of obesity. P: Adjust medication dose and recheck in 4 weeks."
N00973,P0360,E03766,2024-02-15,SOAP,"S: Patient seen for annual wellness visit. Reports intermittent pain. O: BP 118/86, HR 98. A: Patient with no significant chronic conditions. P: Adjust medication dose and recheck in 4 weeks."
N00974,P0170,E04617,2024-05-27,SOAP,"S: Patient seen for urgent care visit. Reports mild fatigue. O: BP 126/92, HR 66. A: Patient with no significant chronic conditions. P: Refer to specialist."
N00975,P0434,E04895,2025-03-18,SOAP,"S: Patient seen for chronic disease check. Reports shortness of breath. O: BP 156/65, HR 89. A: Patient with a history of obesity. P: Reinforce diet and exercise counseling."
N00976,P0212,E01602,2024-08-11,SOAP,"S: Patient seen for well child visit. Reports feeling well. O: BP 158/80, HR 90. A: Patient with a history of hypertension. P: Reinforce diet and exercise counseling."
N00977,P0206,E01305,2023-10-18,SOAP,"S: Patient seen for well child visit. Reports shortness of breath. O: BP 155/86, HR 62. A: Patient with a history of hyperlipidemia. P: Refer to specialist."
N00978,P0284,E00602,2025-01-25,SOAP,"S: Patient seen for well child visit. Reports intermittent pain. O: BP 154/67, HR 87. A: Patient with no significant chronic conditions. P: Adjust medication dose and recheck in 4 weeks."
N00979,P0355,E00265,2024-10-24,SOAP,"S: Patient seen for ed visit for chest pain. Reports poor sleep. O: BP 110/97, HR 78. A: Patient with a history of heart failure. P: Refer to specialist."
N00980,P0236,E03464,2024-09-18,SOAP,"S: Patient seen for ed visit for chest pain. Reports intermittent pain. O: BP 149/99, HR 66. A: Patient with a history of depression. P: Continue current medications."
N00981,P0121,E03087,2024-02-08,SOAP,"S: Patient seen for well child visit. Reports feeling well. O: BP 153/87, HR 100. A: Patient with a history of hyperlipidemia. P: Refer to specialist."
N00982,P0066,E02029,2024-03-01,SOAP,"S: Patient seen for annual wellness visit. Reports intermittent pain. O: BP 131/87, HR 62. A: Patient with a history of depression. P: Refer to specialist."
N00983,P0349,E04774,2023-08-15,SOAP,"S: Patient seen for follow-up visit. Reports feeling well. O: BP 130/66, HR 100. A: Patient with a history of COPD. P: Adjust medication dose and recheck in 4 weeks."
N00984,P0473,E01740,2025-04-02,SOAP,"S: Patient seen for annual wellness visit. Reports feeling well. O: BP 111/87, HR 95. A: Patient with a history of osteoarthritis. P: Order labs and follow up in 2 weeks."
N00985,P0305,E01054,2024-12-18,SOAP,"S: Patient seen for well child visit. Reports mild fatigue. O: BP 145/93, HR 67. A: Patient with a history of COPD. P: Order labs and follow up in 2 weeks."
N00986,P0158,E01331,2023-10-17,SOAP,"S: Patient seen for well child visit. Reports mild fatigue. O: BP 155/65, HR 72. A: Patient with a history of obesity. P: Refer to specialist."
N00987,P0316,E00772,2025-01-08,SOAP,"S: Patient seen for follow-up visit. Reports intermittent pain. O: BP 139/82, HR 82. A: Patient with a history of asthma. P: Continue current medications."
N00988,P0478,E04115,2025-02-25,SOAP,"S: Patient seen for ed visit for chest pain. Reports mild fatigue. O: BP 153/81, HR 75. A: Patient with a history of type 2 diabetes. P: Refer to specialist."
N00989,P0393,E03791,2025-08-02,SOAP,"S: Patient seen for well child visit. Reports poor sleep. O: BP 106/85, HR 74. A: Patient with a history of asthma. P: Adjust medication dose and recheck in 4 weeks."
N00990,P0008,E00957,2024-05-26,SOAP,"S: Patient seen for ed visit for chest pain. Reports feeling well. O: BP 142/75, HR 104. A: Patient with no significant chronic conditions. P: Continue current medications."
N00991,P0425,E00404,2025-12-11,SOAP,"S: Patient seen for follow-up visit. Reports feeling well. O: BP 141/87, HR 61. A: Patient with a history of obesity. P: Adjust medication dose and recheck in 4 weeks."
N00992,P0085,E03878,2025-11-10,SOAP,"S: Patient seen for well child visit. Reports poor sleep. O: BP 136/80, HR 58. A: Patient with a history of chronic kidney disease. P: Order labs and follow up in 2 weeks."
N00993,P0269,E01775,2025-03-01,SOAP,"S: Patient seen for imaging study. Reports mild fatigue. O: BP 142/66, HR 60. A: Patient with no significant chronic conditions. P: Refer to specialist."
N00994,P0258,E03081,2025-03-23,SOAP,"S: Patient seen for follow-up visit. Reports intermittent pain. O: BP 145/78, HR 69. A: Patient with no significant chronic conditions. P: Adjust medication dose and recheck in 4 weeks."
N00995,P0013,E03548,2023-12-22,SOAP,"S: Patient seen for physical therapy. Reports mild fatigue. O: BP 161/89, HR 67. A: Patient with a history of asthma. P: Reinforce diet and exercise counseling."
N00996,P0031,E04362,2023-12-20,SOAP,"S: Patient seen for chronic disease check. Reports intermittent pain. O: BP 148/88, HR 103. A: Patient with a history of osteoarthritis. P: Continue current medications."
N00997,P0087,E02378,2024-10-12,SOAP,"S: Patient seen for annual wellness visit. Reports intermittent pain. O: BP 164/89, HR 67. A: Patient with a history of osteoarthritis. P: Refer to specialist."
N00998,P0015,E03247,2024-01-08,SOAP,"S: Patient seen for well child visit. Reports intermittent pain. O: BP 143/96, HR 81. A: Patient with a history of asthma. P: Reinforce diet and exercise counseling."
N00999,P0072,E04237,2024-06-02,SOAP,"S: Patient seen for chronic disease check. Reports intermittent pain. O: BP 151/93, HR 92. A: Patient with a history of hyperlipidemia. P: Order labs and follow up in 2 weeks."
N01000,P0213,E00040,2023-08-21,SOAP,"S: Patient seen for urgent care visit. Reports mild fatigue. O: BP 143/80, HR 96. A: Patient with no significant chronic conditions. P: Adjust medication dose and recheck in 4 weeks."
N01001,P0163,E01762,2024-06-28,SOAP,"S: Patient seen for annual wellness visit. Reports intermittent pain. O: BP 118/69, HR 59. A: Patient with a history of osteoarthritis. P: Reinforce diet and exercise counseling."
N01002,P0262,E00139,2023-11-13,SOAP,"S: Patient seen for follow-up visit. Reports intermittent pain. O: BP 110/99, HR 90. A: Patient with no significant chronic conditions. P: Reinforce diet and exercise counseling."
N01003,P0314,E03192,2024-08-10,SOAP,"S: Patient seen for well child visit. Reports intermittent pain. O: BP 153/93, HR 93. A: Patient with a history of obesity. P: Reinforce diet and exercise counseling."
N01004,P0118,E04723,2023-12-30,SOAP,"S: Patient seen for chronic disease check. Reports poor sleep. O: BP 163/76, HR 91. A: Patient with a history of asthma. P: Order labs and follow up in 2 weeks."
N01005,P0102,E02645,2023-05-19,SOAP,"S: Patient seen for physical therapy. Reports poor sleep. O: BP 126/95, HR 69. A: Patient with a history of depression. P: Continue current medications."
N01006,P0230,E03365,2024-06-14,SOAP,"S: Patient seen for chronic disease check. Reports mild fatigue. O: BP 143/93, HR 91. A: Patient with a history of chronic kidney disease. P: Reinforce diet and exercise counseling."
N01007,P0393,E01180,2024-02-19,SOAP,"S: Patient seen for well child visit. Reports feeling well. O: BP 148/69, HR 93. A: Patient with a history of asthma. P: Adjust medication dose and recheck in 4 weeks."
N01008,P0366,E00424,2024-06-29,SOAP,"S: Patient seen for well child visit. Reports poor sleep. O: BP 132/88, HR 98. A: Patient with no significant chronic conditions. P: Reinforce diet and exercise counseling."
N01009,P0206,E00394,2025-11-21,SOAP,"S: Patient seen for annual wellness visit. Reports poor sleep. O: BP 123/90, HR 98. A: Patient with a history of hyperlipidemia. P: Reinforce diet and exercise counseling."
N01010,P0293,E02831,2025-04-01,SOAP,"S: Patient seen for well child visit. Reports shortness of breath. O: BP 153/83, HR 79. A: Patient with a history of type 2 diabetes. P: Continue current medications."
N01011,P0292,E03612,2024-12-31,SOAP,"S: Patient seen for hospital admission. Reports mild fatigue. O: BP 147/85, HR 101. A: Patient with no significant chronic conditions. P: Order labs and follow up in 2 weeks."
N01012,P0165,E00874,2025-09-15,SOAP,"S: Patient seen for urgent care visit. Reports shortness of breath. O: BP 105/78, HR 68. A: Patient with no significant chronic conditions. P: Order labs and follow up in 2 weeks."
N01013,P0311,E01949,2023-02-01,SOAP,"S: Patient seen for medication review. Reports feeling well. O: BP 139/97, HR 86. A: Patient with a history of obesity. P: Order labs and follow up in 2 weeks."
N01014,P0205,E03803,2025-07-25,SOAP,"S: Patient seen for well child visit. Reports poor sleep. O: BP 133/86, HR 61. A: Patient with a history of osteoarthritis. P: Refer to specialist."
N01015,P0137,E02676,2025-09-21,SOAP,"S: Patient seen for medication review. Reports poor sleep. O: BP 160/67, HR 100. A: Patient with no significant chronic conditions. P: Reinforce diet and exercise counseling."
N01016,P0409,E04341,2024-12-26,SOAP,"S: Patient seen for chronic disease check. Reports feeling well. O: BP 136/86, HR 100. A: Patient with a history of hypertension. P: Adjust medication dose and recheck in 4 weeks."
N01017,P0439,E03815,2025-06-30,SOAP,"S: Patient seen for physical therapy. Reports feeling well. O: BP 121/90, HR 95. A: Patient with a history of heart failure. P: Adjust medication dose and recheck in 4 weeks."
N01018,P0333,E00917,2023-07-19,SOAP,"S: Patient seen for well child visit. Reports shortness of breath. O: BP 123/78, HR 95. A: Patient with a history of hyperlipidemia. P: Continue current medications."
N01019,P0027,E02630,2023-03-27,SOAP,"S: Patient seen for follow-up visit. Reports shortness of breath. O: BP 157/81, HR 92. A: Patient with a history of osteoarthritis. P: Continue current medications."
N01020,P0236,E04195,2024-11-18,SOAP,"S: Patient seen for chronic disease check. Reports shortness of breath. O: BP 136/77, HR 97. A: Patient with a history of depression. P: Refer to specialist."
N01021,P0426,E01191,2025-11-15,SOAP,"S: Patient seen for follow-up visit. Reports feeling well. O: BP 114/84, HR 98. A: Patient with a history of chronic kidney disease. P: Adjust medication dose and recheck in 4 weeks."
N01022,P0385,E02625,2025-03-10,SOAP,"S: Patient seen for well child visit. Reports intermittent pain. O: BP 105/95, HR 73. A: Patient with a history of obesity. P: Refer to specialist."
N01023,P0237,E01742,2025-12-25,SOAP,"S: Patient seen for medication review. Reports poor sleep. O: BP 135/70, HR 92. A: Patient with a history of depression. P: Continue current medications."
N01024,P0039,E04926,2024-01-09,SOAP,"S: Patient seen for imaging study. Reports feeling well. O: BP 112/69, HR 69. A: Patient with a history of depression. P: Reinforce diet and exercise counseling."
N01025,P0291,E03625,2025-03-11,SOAP,"S: Patient seen for annual wellness visit. Reports mild fatigue. O: BP 153/90, HR 89. A: Patient with a history of depression. P: Continue current medications."
N01026,P0051,E03235,2024-06-30,SOAP,"S: Patient seen for well child visit. Reports poor sleep. O: BP 148/69, HR 83. A: Patient with a history of hypertension. P: Adjust medication dose and recheck in 4 weeks."
N01027,P0184,E04255,2024-06-10,SOAP,"S: Patient seen for well child visit. Reports intermittent pain. O: BP 164/73, HR 85. A: Patient with a history of osteoarthritis. P: Reinforce diet and exercise counseling."
N01028,P0094,E02592,2024-04-20,SOAP,"S: Patient seen for well child visit. Reports shortness of breath. O: BP 131/91, HR 75. A: Patient with a history of heart failure. P: Continue current medications."
N01029,P0287,E00431,2024-01-03,SOAP,"S: Patient seen for well child visit. Reports feeling well. O: BP 106/96, HR 102. A: Patient with a history of type 2 diabetes. P: Order labs and follow up in 2 weeks."
N01030,P0072,E03101,2024-08-14,SOAP,"S: Patient seen for well child visit. Reports mild fatigue. O: BP 127/76, HR 86. A: Patient with a history of hyperlipidemia. P: Reinforce diet and exercise counseling."
N01031,P0090,E02801,2025-11-24,SOAP,"S: Patient seen for follow-up visit. Reports shortness of breath. O: BP 128/73, HR 102. A: Patient with a history of type 2 diabetes. P: Refer to specialist."
N01032,P0358,E00049,2024-04-14,SOAP,"S: Patient seen for medication review. Reports poor sleep. O: BP 120/71, HR 101. A: Patient with no significant chronic conditions. P: Continue current medications."
N01033,P0311,E03877,2025-11-26,SOAP,"S: Patient seen for chronic disease check. Reports feeling well. O: BP 146/65, HR 62. A: Patient with a history of obesity. P: Adjust medication dose and recheck in 4 weeks."
N01034,P0087,E04581,2024-10-21,SOAP,"S: Patient seen for medication review. Reports feeling well. O: BP 145/98, HR 72. A: Patient with a history of osteoarthritis. P: Order labs and follow up in 2 weeks."
N01035,P0061,E02226,2023-03-06,SOAP,"S: Patient seen for urgent care visit. Reports feeling well. O: BP 126/75, HR 94. A: Patient with a history of asthma. P: Adjust medication dose and recheck in 4 weeks."
N01036,P0493,E02452,2023-01-29,SOAP,"S: Patient seen for admission for pneumonia. Reports feeling well. O: BP 158/96, HR 76. A: Patient with a history of heart failure. P: Continue current medications."
N01037,P0484,E03473,2025-07-05,SOAP,"S: Patient seen for ed visit for chest pain. Reports shortness of breath. O: BP 161/89, HR 103. A: Patient with no significant chronic conditions. P: Continue current medications."
N01038,P0307,E02802,2025-04-23,SOAP,"S: Patient seen for annual wellness visit. Reports mild fatigue. O: BP 107/89, HR 59. A: Patient with a history of COPD. P: Refer to specialist."
N01039,P0093,E00187,2023-09-27,SOAP,"S: Patient seen for well child visit. Reports mild fatigue. O: BP 140/80, HR 64. A: Patient with a history of COPD. P: Refer to specialist."
N01040,P0431,E02618,2023-03-29,SOAP,"S: Patient seen for follow-up visit. Reports shortness of breath. O: BP 113/78, HR 66. A: Patient with no significant chronic conditions. P: Order labs and follow up in 2 weeks."
N01041,P0281,E01981,2023-12-29,SOAP,"S: Patient seen for medication review. Reports shortness of breath. O: BP 158/81, HR 75. A: Patient with a history of hyperlipidemia. P: Refer to specialist."
N01042,P0033,E02194,2023-12-01,SOAP,"S: Patient seen for annual wellness visit. Reports feeling well. O: BP 107/89, HR 61. A: Patient with no significant chronic conditions. P: Order labs and follow up in 2 weeks."
N01043,P0201,E01755,2023-02-22,SOAP,"S: Patient seen for chronic disease check. Reports feeling well. O: BP 132/94, HR 99. A: Patient with a history of chronic kidney disease. P: Order labs and follow up in 2 weeks."
N01044,P0335,E02362,2025-07-03,SOAP,"S: Patient seen for annual wellness visit. Reports shortness of breath. O: BP 163/94, HR 91. A: Patient with a history of heart failure. P: Adjust medication dose and recheck in 4 weeks."
N01045,P0326,E03423,2024-12-02,SOAP,"S: Patient seen for medication review. Reports poor sleep. O: BP 115/69, HR 74. A: Patient with a history of chronic kidney disease. P: Reinforce diet and exercise counseling."
N01046,P0299,E02804,2025-05-29,SOAP,"S: Patient seen for follow-up visit. Reports poor sleep. O: BP 112/67, HR 61. A: Patient with no significant chronic conditions. P: Continue current medications."
N01047,P0408,E03070,2023-03-20,SOAP,"S: Patient seen for well child visit. Reports mild fatigue. O: BP 156/66, HR 90. A: Patient with a history of heart failure. P: Order labs and follow up in 2 weeks."
N01048,P0180,E01316,2023-04-26,SOAP,"S: Patient seen for chronic disease check. Reports shortness of breath. O: BP 144/99, HR 104. A: Patient with a history of obesity. P: Refer to specialist."
N01049,P0351,E01855,2025-11-16,SOAP,"S: Patient seen for physical therapy. Reports feeling well. O: BP 146/71, HR 87. A: Patient with a history of heart failure. P: Continue current medications."
N01050,P0486,E03063,2024-03-16,SOAP,"S: Patient seen for annual wellness visit. Reports intermittent pain. O: BP 154/90, HR 75. A: Patient with a history of asthma. P: Continue current medications."
N01051,P0460,E01540,2025-10-01,SOAP,"S: Patient seen for medication review. Reports shortness of breath. O: BP 152/86, HR 92. A: Patient with a history of obesity. P: Order labs and follow up in 2 weeks."
N01052,P0160,E00220,2024-02-10,SOAP,"S: Patient seen for chronic disease check. Reports shortness of breath. O: BP 153/88, HR 86. A: Patient with a history of osteoarthritis. P: Refer to specialist."
N01053,P0471,E00457,2024-01-19,SOAP,"S: Patient seen for ed visit for chest pain. Reports feeling well. O: BP 161/79, HR 104. A: Patient with no significant chronic conditions. P: Reinforce diet and exercise counseling."
N01054,P0031,E02284,2024-11-02,SOAP,"S: Patient seen for physical therapy. Reports shortness of breath. O: BP 145/94, HR 104. A: Patient with a history of osteoarthritis. P: Adjust medication dose and recheck in 4 weeks."
N01055,P0393,E03280,2023-04-11,SOAP,"S: Patient seen for well child visit. Reports poor sleep. O: BP 153/82, HR 89. A: Patient with a history of asthma. P: Refer to specialist."
N01056,P0384,E03138,2023-12-27,SOAP,"S: Patient seen for physical therapy. Reports feeling well. O: BP 158/66, HR 95. A: Patient with a history of type 2 diabetes. P: Reinforce diet and exercise counseling."
N01057,P0472,E02159,2025-08-18,SOAP,"S: Patient seen for follow-up visit. Reports poor sleep. O: BP 142/78, HR 88. A: Patient with no significant chronic conditions. P: Reinforce diet and exercise counseling."
N01058,P0129,E04411,2025-03-18,SOAP,"S: Patient seen for follow-up visit. Reports intermittent pain. O: BP 139/90, HR 78. A: Patient with a history of depression. P: Reinforce diet and exercise counseling."
N01059,P0261,E00057,2024-11-24,SOAP,"S: Patient seen for medication review. Reports mild fatigue. O: BP 154/67, HR 92. A: Patient with a history of type 2 diabetes. P: Adjust medication dose and recheck in 4 weeks."
N01060,P0314,E01124,2025-08-01,SOAP,"S: Patient seen for well child visit. Reports intermittent pain. O: BP 125/78, HR 70. A: Patient with a history of obesity. P: Continue current medications."
N01061,P0183,E00437,2025-09-20,SOAP,"S: Patient seen for hospital admission. Reports mild fatigue. O: BP 106/81, HR 97. A: Patient with a history of chronic kidney disease. P: Refer to specialist."
N01062,P0087,E02849,2023-11-07,SOAP,"S: Patient seen for annual wellness visit. Reports mild fatigue. O: BP 106/94, HR 60. A: Patient with a history of osteoarthritis. P: Reinforce diet and exercise counseling."
N01063,P0081,E04451,2024-11-07,SOAP,"S: Patient seen for chronic disease check. Reports feeling well. O: BP 114/90, HR 87. A: Patient with a history of obesity. P: Continue current medications."
N01064,P0062,E01322,2023-03-14,SOAP,"S: Patient seen for ed visit for chest pain. Reports intermittent pain. O: BP 121/93, HR 80. A: Patient with a history of COPD. P: Refer to specialist."
N01065,P0062,E02597,2024-10-13,SOAP,"S: Patient seen for imaging study. Reports poor sleep. O: BP 132/83, HR 103. A: Patient with a history of COPD. P: Adjust medication dose and recheck in 4 weeks."
N01066,P0055,E03518,2025-03-16,SOAP,"S: Patient seen for outpatient procedure. Reports shortness of breath. O: BP 118/98, HR 66. A: Patient with a history of obesity. P: Continue current medications."
N01067,P0443,E01140,2023-11-27,SOAP,"S: Patient seen for annual wellness visit. Reports feeling well. O: BP 111/95, HR 67. A: Patient with a history of osteoarthritis. P: Refer to specialist."
N01068,P0029,E02617,2025-08-17,SOAP,"S: Patient seen for emergency room admission. Reports feeling well. O: BP 117/87, HR 90. A: Patient with no significant chronic conditions. P: Adjust medication dose and recheck in 4 weeks."
N01069,P0029,E01162,2025-12-06,SOAP,"S: Patient seen for medication review. Reports feeling well. O: BP 135/76, HR 82. A: Patient with no significant chronic conditions. P: Adjust medication dose and recheck in 4 weeks."
N01070,P0204,E02001,2023-05-01,SOAP,"S: Patient seen for chronic disease check. Reports mild fatigue. O: BP 160/66, HR 92. A: Patient with a history of obesity. P: Adjust medication dose and recheck in 4 weeks."
N01071,P0350,E01256,2024-05-24,SOAP,"S: Patient seen for chronic disease check. Reports intermittent pain. O: BP 140/65, HR 92. A: Patient with a history of hyperlipidemia. P: Continue current medications."
N01072,P0364,E03432,2025-07-31,SOAP,"S: Patient seen for annual wellness visit. Reports shortness of breath. O: BP 161/70, HR 64. A: Patient with a history of osteoarthritis. P: Reinforce diet and exercise counseling."
N01073,P0201,E02042,2024-09-19,SOAP,"S: Patient seen for admission for pneumonia. Reports intermittent pain. O: BP 137/66, HR 77. A: Patient with a history of chronic kidney disease. P: Adjust medication dose and recheck in 4 weeks."
N01074,P0149,E00985,2023-02-22,SOAP,"S: Patient seen for ed visit for chest pain. Reports mild fatigue. O: BP 108/90, HR 78. A: Patient with no significant chronic conditions. P: Refer to specialist."
N01075,P0140,E04030,2025-12-09,SOAP,"S: Patient seen for outpatient procedure. Reports shortness of breath. O: BP 113/70, HR 64. A: Patient with a history of asthma. P: Order labs and follow up in 2 weeks."
N01076,P0224,E01096,2024-05-16,SOAP,"S: Patient seen for well child visit. Reports shortness of breath. O: BP 111/90, HR 91. A: Patient with a history of osteoarthritis. P: Adjust medication dose and recheck in 4 weeks."
N01077,P0468,E02876,2023-02-21,SOAP,"S: Patient seen for medication review. Reports feeling well. O: BP 141/98, HR 64. A: Patient with a history of chronic kidney disease. P: Continue current medications."
N01078,P0493,E00913,2023-02-26,SOAP,"S: Patient seen for chronic disease check. Reports shortness of breath. O: BP 162/92, HR 72. A: Patient with a history of heart failure. P: Order labs and follow up in 2 weeks."
N01079,P0130,E04284,2025-10-23,SOAP,"S: Patient seen for follow-up visit. Reports mild fatigue. O: BP 110/86, HR 67. A: Patient with a history of depression. P: Refer to specialist."
N01080,P0052,E02681,2023-11-18,SOAP,"S: Patient seen for annual wellness visit. Reports shortness of breath. O: BP 117/93, HR 65. A: Patient with a history of COPD. P: Order labs and follow up in 2 weeks."
N01081,P0291,E03399,2025-04-17,SOAP,"S: Patient seen for chronic disease check. Reports feeling well. O: BP 133/65, HR 83. A: Patient with a history of depression. P: Continue current medications."
N01082,P0441,E04214,2025-06-29,SOAP,"S: Patient seen for well child visit. Reports shortness of breath. O: BP 138/92, HR 75. A: Patient with a history of depression. P: Reinforce diet and exercise counseling."
N01083,P0497,E03509,2024-06-20,SOAP,"S: Patient seen for annual wellness visit. Reports intermittent pain. O: BP 111/83, HR 88. A: Patient with no significant chronic conditions. P: Order labs and follow up in 2 weeks."
N01084,P0032,E04816,2024-07-23,SOAP,"S: Patient seen for outpatient procedure. Reports intermittent pain. O: BP 160/84, HR 85. A: Patient with a history of COPD. P: Adjust medication dose and recheck in 4 weeks."
N01085,P0458,E01921,2024-04-15,SOAP,"S: Patient seen for annual wellness visit. Reports poor sleep. O: BP 126/77, HR 98. A: Patient with no significant chronic conditions. P: Reinforce diet and exercise counseling."
N01086,P0121,E01019,2025-09-18,SOAP,"S: Patient seen for outpatient procedure. Reports intermittent pain. O: BP 116/86, HR 69. A: Patient with a history of hyperlipidemia. P: Order labs and follow up in 2 weeks."
N01087,P0315,E01770,2023-06-19,SOAP,"S: Patient seen for emergency room admission. Reports shortness of breath. O: BP 133/89, HR 92. A: Patient with a history of type 2 diabetes. P: Refer to specialist."
N01088,P0305,E03110,2023-12-10,SOAP,"S: Patient seen for annual wellness visit. Reports poor sleep. O: BP 145/96, HR 103. A: Patient with a history of COPD. P: Reinforce diet and exercise counseling."
N01089,P0126,E02470,2023-03-25,SOAP,"S: Patient seen for chronic disease check. Reports mild fatigue. O: BP 148/88, HR 63. A: Patient with a history of asthma. P: Order labs and follow up in 2 weeks."
N01090,P0224,E01958,2023-11-30,SOAP,"S: Patient seen for well child visit. Reports shortness of breath. O: BP 107/79, HR 104. A: Patient with a history of osteoarthritis. P: Order labs and follow up in 2 weeks."
N01091,P0461,E00142,2023-07-15,SOAP,"S: Patient seen for physical therapy. Reports mild fatigue. O: BP 147/95, HR 59. A: Patient with a history of hypertension. P: Adjust medication dose and recheck in 4 weeks."
N01092,P0029,E00385,2024-05-22,SOAP,"S: Patient seen for physical therapy. Reports intermittent pain. O: BP 148/66, HR 97. A: Patient with no significant chronic conditions. P: Continue current medications."
N01093,P0243,E02724,2025-10-26,SOAP,"S: Patient seen for annual wellness visit. Reports feeling well. O: BP 148/93, HR 99. A: Patient with a history of hyperlipidemia. P: Refer to specialist."
N01094,P0192,E01748,2024-01-09,SOAP,"S: Patient seen for well child visit. Reports intermittent pain. O: BP 146/71, HR 97. A: Patient with a history of depression. P: Continue current medications."
N01095,P0176,E02057,2023-02-15,SOAP,"S: Patient seen for well child visit. Reports shortness of breath. O: BP 151/79, HR 67. A: Patient with a history of asthma. P: Reinforce diet and exercise counseling."
N01096,P0451,E03162,2025-09-09,SOAP,"S: Patient seen for admission for pneumonia. Reports feeling well. O: BP 146/84, HR 89. A: Patient with a history of depression. P: Adjust medication dose and recheck in 4 weeks."
N01097,P0417,E01476,2025-03-16,SOAP,"S: Patient seen for chronic disease check. Reports mild fatigue. O: BP 126/91, HR 62. A: Patient with no significant chronic conditions. P: Order labs and follow up in 2 weeks."
N01098,P0334,E00640,2025-05-18,SOAP,"S: Patient seen for follow-up visit. Reports intermittent pain. O: BP 145/87, HR 101. A: Patient with a history of chronic kidney disease. P: Continue current medications."
N01099,P0386,E03425,2024-09-21,SOAP,"S: Patient seen for physical therapy. Reports mild fatigue. O: BP 156/97, HR 76. A: Patient with a history of hypertension. P: Adjust medication dose and recheck in 4 weeks."
N01100,P0055,E04376,2025-02-12,SOAP,"S: Patient seen for chronic disease check. Reports shortness of breath. O: BP 113/66, HR 85. A: Patient with a history of obesity. P: Continue current medications."
N01101,P0228,E01487,2025-02-26,SOAP,"S: Patient seen for chronic disease check. Reports poor sleep. O: BP 152/97, HR 63. A: Patient with a history of osteoarthritis. P: Adjust medication dose and recheck in 4 weeks."
N01102,P0411,E04420,2024-06-22,SOAP,"S: Patient seen for ed visit for chest pain. Reports shortness of breath. O: BP 130/68, HR 100. A: Patient with no significant chronic conditions. P: Refer to specialist."
N01103,P0226,E00989,2024-02-04,SOAP,"S: Patient seen for chronic disease check. Reports feeling well. O: BP 164/99, HR 61. A: Patient with no significant chronic conditions. P: Adjust medication dose and recheck in 4 weeks."
N01104,P0188,E00314,2023-05-18,SOAP,"S: Patient seen for chronic disease check. Reports feeling well. O: BP 145/98, HR 71. A: Patient with a history of asthma. P: Refer to specialist."
N01105,P0229,E02727,2024-06-15,SOAP,"S: Patient seen for chronic disease check. Reports mild fatigue. O: BP 122/78, HR 84. A: Patient with a history of obesity. P: Refer to specialist."
N01106,P0032,E04536,2023-07-24,SOAP,"S: Patient seen for ed visit for chest pain. Reports intermittent pain. O: BP 132/98, HR 61. A: Patient with a history of COPD. P: Adjust medication dose and recheck in 4 weeks."
N01107,P0093,E03448,2025-05-16,SOAP,"S: Patient seen for hospital admission. Reports shortness of breath. O: BP 133/80, HR 76. A: Patient with a history of COPD. P: Reinforce diet and exercise counseling."
N01108,P0342,E02877,2024-03-30,SOAP,"S: Patient seen for well child visit. Reports mild fatigue. O: BP 123/81, HR 64. A: Patient with no significant chronic conditions. P: Order labs and follow up in 2 weeks."
N01109,P0153,E01982,2023-10-10,SOAP,"S: Patient seen for follow-up visit. Reports shortness of breath. O: BP 129/74, HR 64. A: Patient with a history of asthma. P: Order labs and follow up in 2 weeks."
N01110,P0057,E03265,2023-11-12,SOAP,"S: Patient seen for chronic disease check. Reports shortness of breath. O: BP 152/83, HR 73. A: Patient with no significant chronic conditions. P: Reinforce diet and exercise counseling."
N01111,P0388,E03534,2024-01-04,SOAP,"S: Patient seen for annual wellness visit. Reports poor sleep. O: BP 131/83, HR 89. A: Patient with a history of asthma. P: Continue current medications."
N01112,P0490,E01310,2025-03-26,SOAP,"S: Patient seen for physical therapy. Reports mild fatigue. O: BP 143/77, HR 66. A: Patient with no significant chronic conditions. P: Refer to specialist."
N01113,P0104,E00200,2024-06-05,SOAP,"S: Patient seen for physical therapy. Reports poor sleep. O: BP 120/84, HR 91. A: Patient with no significant chronic conditions. P: Order labs and follow up in 2 weeks."
N01114,P0043,E01041,2025-08-27,SOAP,"S: Patient seen for annual wellness visit. Reports feeling well. O: BP 143/76, HR 95. A: Patient with a history of depression. P: Order labs and follow up in 2 weeks."
N01115,P0325,E00017,2025-02-03,SOAP,"S: Patient seen for annual wellness visit. Reports feeling well. O: BP 131/75, HR 93. A: Patient with a history of heart failure. P: Refer to specialist."
N01116,P0370,E03257,2025-12-03,SOAP,"S: Patient seen for physical therapy. Reports feeling well. O: BP 140/84, HR 80. A: Patient with a history of hypertension. P: Reinforce diet and exercise counseling."
N01117,P0058,E02309,2024-12-15,SOAP,"S: Patient seen for ed visit for chest pain. Reports poor sleep. O: BP 155/74, HR 82. A: Patient with no significant chronic conditions. P: Refer to specialist."
N01118,P0336,E00878,2025-10-30,SOAP,"S: Patient seen for well child visit. Reports shortness of breath. O: BP 135/78, HR 72. A: Patient with a history of hypertension. P: Adjust medication dose and recheck in 4 weeks."
N01119,P0347,E01941,2023-03-13,SOAP,"S: Patient seen for urgent care visit. Reports mild fatigue. O: BP 126/98, HR 64. A: Patient with a history of chronic kidney disease. P: Continue current medications."
N01120,P0114,E00076,2023-09-20,SOAP,"S: Patient seen for urgent care visit. Reports poor sleep. O: BP 163/94, HR 83. A: Patient with a history of depression. P: Adjust medication dose and recheck in 4 weeks."
N01121,P0074,E00339,2025-08-30,SOAP,"S: Patient seen for well child visit. Reports mild fatigue. O: BP 122/65, HR 74. A: Patient with a history of depression. P: Order labs and follow up in 2 weeks."
N01122,P0272,E03736,2025-08-20,SOAP,"S: Patient seen for chronic disease check. Reports poor sleep. O: BP 133/81, HR 74. A: Patient with a history of obesity. P: Continue current medications."
N01123,P0430,E03951,2025-10-02,SOAP,"S: Patient seen for follow-up visit. Reports shortness of breath. O: BP 126/76, HR 66. A: Patient with a history of type 2 diabetes. P: Order labs and follow up in 2 weeks."
N01124,P0173,E00474,2024-04-09,SOAP,"S: Patient seen for chronic disease check. Reports shortness of breath. O: BP 159/90, HR 91. A: Patient with no significant chronic conditions. P: Refer to specialist."
N01125,P0201,E04043,2025-11-26,SOAP,"S: Patient seen for well child visit. Reports feeling well. O: BP 131/76, HR 62. A: Patient with a history of chronic kidney disease. P: Refer to specialist."
N01126,P0011,E01342,2025-01-12,SOAP,"S: Patient seen for chronic disease check. Reports intermittent pain. O: BP 109/94, HR 64. A: Patient with a history of heart failure. P: Order labs and follow up in 2 weeks."
N01127,P0378,E02546,2023-01-13,SOAP,"S: Patient seen for ed visit for chest pain. Reports intermittent pain. O: BP 149/74, HR 98. A: Patient with a history of heart failure. P: Adjust medication dose and recheck in 4 weeks."
N01128,P0294,E04936,2025-06-22,SOAP,"S: Patient seen for chronic disease check. Reports intermittent pain. O: BP 125/81, HR 99. A: Patient with a history of hypertension. P: Reinforce diet and exercise counseling."
N01129,P0063,E02282,2024-05-08,SOAP,"S: Patient seen for annual wellness visit. Reports feeling well. O: BP 150/85, HR 58. A: Patient with a history of hypertension. P: Order labs and follow up in 2 weeks."
N01130,P0222,E02345,2023-01-20,SOAP,"S: Patient seen for annual wellness visit. Reports intermittent pain. O: BP 156/93, HR 74. A: Patient with a history of heart failure. P: Continue current medications."
N01131,P0187,E02853,2023-05-14,SOAP,"S: Patient seen for well child visit. Reports poor sleep. O: BP 107/96, HR 84. A: Patient with a history of asthma. P: Refer to specialist."
N01132,P0025,E01834,2024-08-12,SOAP,"S: Patient seen for urgent care visit. Reports intermittent pain. O: BP 139/94, HR 91. A: Patient with a history of hyperlipidemia. P: Order labs and follow up in 2 weeks."
N01133,P0175,E01101,2023-01-04,SOAP,"S: Patient seen for follow-up visit. Reports feeling well. O: BP 119/99, HR 100. A: Patient with a history of heart failure. P: Refer to specialist."
N01134,P0137,E04060,2024-10-08,SOAP,"S: Patient seen for emergency room admission. Reports feeling well. O: BP 116/94, HR 85. A: Patient with no significant chronic conditions. P: Adjust medication dose and recheck in 4 weeks."
N01135,P0055,E00074,2023-06-10,SOAP,"S: Patient seen for annual wellness visit. Reports shortness of breath. O: BP 139/80, HR 70. A: Patient with a history of obesity. P: Continue current medications."
N01136,P0003,E03022,2024-01-12,SOAP,"S: Patient seen for physical therapy. Reports poor sleep. O: BP 123/99, HR 69. A: Patient with a history of asthma. P: Refer to specialist."
N01137,P0013,E04834,2024-03-07,SOAP,"S: Patient seen for imaging study. Reports intermittent pain. O: BP 128/73, HR 76. A: Patient with a history of asthma. P: Adjust medication dose and recheck in 4 weeks."
N01138,P0117,E01469,2024-10-25,SOAP,"S: Patient seen for chronic disease check. Reports poor sleep. O: BP 112/89, HR 58. A: Patient with no significant chronic conditions. P: Reinforce diet and exercise counseling."
N01139,P0295,E00693,2023-11-27,SOAP,"S: Patient seen for annual wellness visit. Reports intermittent pain. O: BP 156/80, HR 77. A: Patient with a history of heart failure. P: Adjust medication dose and recheck in 4 weeks."
N01140,P0430,E02313,2023-07-24,SOAP,"S: Patient seen for imaging study. Reports shortness of breath. O: BP 132/87, HR 77. A: Patient with a history of type 2 diabetes. P: Continue current medications."
N01141,P0146,E00088,2025-11-11,SOAP,"S: Patient seen for chronic disease check. Reports feeling well. O: BP 156/81, HR 64. A: Patient with a history of hyperlipidemia. P: Order labs and follow up in 2 weeks."
N01142,P0102,E03875,2025-05-27,SOAP,"S: Patient seen for outpatient procedure. Reports poor sleep. O: BP 146/71, HR 60. A: Patient with a history of depression. P: Continue current medications."
N01143,P0416,E02967,2024-06-06,SOAP,"S: Patient seen for physical therapy. Reports intermittent pain. O: BP 148/94, HR 72. A: Patient with a history of heart failure. P: Continue current medications."
N01144,P0124,E03228,2023-04-17,SOAP,"S: Patient seen for hospital admission. Reports feeling well. O: BP 145/75, HR 94. A: Patient with no significant chronic conditions. P: Reinforce diet and exercise counseling."
N01145,P0279,E02692,2023-10-16,SOAP,"S: Patient seen for annual wellness visit. Reports mild fatigue. O: BP 156/85, HR 91. A: Patient with a history of COPD. P: Reinforce diet and exercise counseling."
N01146,P0062,E03843,2024-11-28,SOAP,"S: Patient seen for outpatient procedure. Reports intermittent pain. O: BP 140/65, HR 101. A: Patient with a history of COPD. P: Refer to specialist."
N01147,P0224,E01452,2025-05-14,SOAP,"S: Patient seen for medication review. Reports mild fatigue. O: BP 134/95, HR 62. A: Patient with a history of osteoarthritis. P: Continue current medications."
N01148,P0173,E00134,2025-12-29,SOAP,"S: Patient seen for imaging study. Reports shortness of breath. O: BP 136/71, HR 78. A: Patient with no significant chronic conditions. P: Adjust medication dose and recheck in 4 weeks."
N01149,P0455,E02454,2024-03-18,SOAP,"S: Patient seen for urgent care visit. Reports poor sleep. O: BP 126/77, HR 96. A: Patient with a history of chronic kidney disease. P: Order labs and follow up in 2 weeks."
N01150,P0050,E01435,2024-01-27,SOAP,"S: Patient seen for hospital admission. Reports poor sleep. O: BP 111/93, HR 76. A: Patient with no significant chronic conditions. P: Continue current medications."
N01151,P0471,E01979,2025-12-21,SOAP,"S: Patient seen for well child visit. Reports shortness of breath. O: BP 141/81, HR 58. A: Patient with no significant chronic conditions. P: Refer to specialist."
N01152,P0195,E03776,2024-09-10,SOAP,"S: Patient seen for physical therapy. Reports feeling well. O: BP 147/77, HR 59. A: Patient with a history of hyperlipidemia. P: Reinforce diet and exercise counseling."
N01153,P0221,E02337,2025-04-08,SOAP,"S: Patient seen for medication review. Reports poor sleep. O: BP 151/75, HR 68. A: Patient with a history of chronic kidney disease. P: Reinforce diet and exercise counseling."
N01154,P0004,E00628,2025-10-03,SOAP,"S: Patient seen for annual wellness visit. Reports feeling well. O: BP 160/90, HR 74. A: Patient with a history of depression. P: Reinforce diet and exercise counseling."
N01155,P0200,E03906,2024-04-26,SOAP,"S: Patient seen for annual wellness visit. Reports poor sleep. O: BP 144/89, HR 78. A: Patient with a history of hypertension. P: Continue current medications."
N01156,P0013,E00277,2024-05-03,SOAP,"S: Patient seen for physical therapy. Reports intermittent pain. O: BP 107/74, HR 102. A: Patient with a history of asthma. P: Reinforce diet and exercise counseling."
N01157,P0350,E02174,2024-06-11,SOAP,"S: Patient seen for medication review. Reports mild fatigue. O: BP 134/91, HR 74. A: Patient with a history of hyperlipidemia. P: Reinforce diet and exercise counseling."
N01158,P0159,E01094,2023-10-17,SOAP,"S: Patient seen for urgent care visit. Reports mild fatigue. O: BP 157/91, HR 98. A: Patient with a history of hypertension. P: Refer to specialist."
N01159,P0265,E01831,2025-01-20,SOAP,"S: Patient seen for annual wellness visit. Reports poor sleep. O: BP 133/73, HR 91. A: Patient with no significant chronic conditions. P: Refer to specialist."
N01160,P0487,E02990,2023-10-12,SOAP,"S: Patient seen for follow-up visit. Reports mild fatigue. O: BP 120/89, HR 78. A: Patient with a history of depression. P: Continue current medications."
N01161,P0236,E03847,2024-09-21,SOAP,"S: Patient seen for annual wellness visit. Reports mild fatigue. O: BP 131/67, HR 58. A: Patient with a history of depression. P: Order labs and follow up in 2 weeks."
N01162,P0181,E01600,2024-05-12,SOAP,"S: Patient seen for well child visit. Reports feeling well. O: BP 128/99, HR 59. A: Patient with a history of COPD. P: Reinforce diet and exercise counseling."
N01163,P0058,E01632,2025-03-19,SOAP,"S: Patient seen for follow-up visit. Reports poor sleep. O: BP 154/97, HR 58. A: Patient with no significant chronic conditions. P: Continue current medications."
N01164,P0166,E02070,2024-02-04,SOAP,"S: Patient seen for follow-up visit. Reports mild fatigue. O: BP 105/65, HR 79. A: Patient with no significant chronic conditions. P: Continue current medications."
N01165,P0029,E00204,2024-09-05,SOAP,"S: Patient seen for urgent care visit. Reports shortness of breath. O: BP 139/74, HR 92. A: Patient with no significant chronic conditions. P: Adjust medication dose and recheck in 4 weeks."
N01166,P0033,E01625,2023-11-22,SOAP,"S: Patient seen for urgent care visit. Reports poor sleep. O: BP 152/95, HR 98. A: Patient with no significant chronic conditions. P: Order labs and follow up in 2 weeks."
N01167,P0327,E00842,2023-07-31,SOAP,"S: Patient seen for hospital admission. Reports mild fatigue. O: BP 108/77, HR 58. A: Patient with a history of chronic kidney disease. P: Adjust medication dose and recheck in 4 weeks."
N01168,P0427,E03036,2025-06-08,SOAP,"S: Patient seen for follow-up visit. Reports feeling well. O: BP 108/99, HR 62. A: Patient with a history of COPD. P: Order labs and follow up in 2 weeks."
N01169,P0281,E03600,2025-07-22,SOAP,"S: Patient seen for annual wellness visit. Reports poor sleep. O: BP 152/75, HR 68. A: Patient with a history of hyperlipidemia. P: Order labs and follow up in 2 weeks."
N01170,P0086,E02484,2023-05-09,SOAP,"S: Patient seen for imaging study. Reports poor sleep. O: BP 134/89, HR 99. A: Patient with no significant chronic conditions. P: Adjust medication dose and recheck in 4 weeks."
N01171,P0078,E02481,2025-11-07,SOAP,"S: Patient seen for outpatient procedure. Reports mild fatigue. O: BP 112/88, HR 75. A: Patient with no significant chronic conditions. P: Order labs and follow up in 2 weeks."
N01172,P0204,E04475,2024-07-13,SOAP,"S: Patient seen for chronic disease check. Reports intermittent pain. O: BP 159/69, HR 95. A: Patient with a history of obesity. P: Continue current medications."
N01173,P0244,E03653,2023-08-23,SOAP,"S: Patient seen for emergency room admission. Reports feeling well. O: BP 133/65, HR 101. A: Patient with a history of asthma. P: Reinforce diet and exercise counseling."
N01174,P0099,E04864,2023-02-21,SOAP,"S: Patient seen for annual wellness visit. Reports shortness of breath. O: BP 151/73, HR 97. A: Patient with a history of obesity. P: Adjust medication dose and recheck in 4 weeks."
N01175,P0370,E03994,2025-06-01,SOAP,"S: Patient seen for urgent care visit. Reports poor sleep. O: BP 124/74, HR 100. A: Patient with a history of hypertension. P: Adjust medication dose and recheck in 4 weeks."
N01176,P0217,E00316,2023-05-10,SOAP,"S: Patient seen for annual wellness visit. Reports shortness of breath. O: BP 118/86, HR 92. A: Patient with a history of chronic kidney disease. P: Reinforce diet and exercise counseling."
N01177,P0406,E01745,2023-04-17,SOAP,"S: Patient seen for well child visit. Reports intermittent pain. O: BP 142/75, HR 103. A: Patient with a history of depression. P: Adjust medication dose and recheck in 4 weeks."
N01178,P0253,E02603,2025-06-28,SOAP,"S: Patient seen for follow-up visit. Reports mild fatigue. O: BP 140/99, HR 89. A: Patient with no significant chronic conditions. P: Order labs and follow up in 2 weeks."
N01179,P0346,E00389,2025-10-14,SOAP,"S: Patient seen for well child visit. Reports poor sleep. O: BP 125/87, HR 96. A: Patient with a history of type 2 diabetes. P: Refer to specialist."
N01180,P0433,E00371,2023-09-09,SOAP,"S: Patient seen for admission for pneumonia. Reports feeling well. O: BP 144/74, HR 72. A: Patient with a history of chronic kidney disease. P: Continue current medications."
N01181,P0442,E02445,2025-12-15,SOAP,"S: Patient seen for well child visit. Reports intermittent pain. O: BP 128/98, HR 90. A: Patient with no significant chronic conditions. P: Adjust medication dose and recheck in 4 weeks."
N01182,P0355,E01419,2023-05-14,SOAP,"S: Patient seen for well child visit. Reports shortness of breath. O: BP 159/74, HR 90. A: Patient with a history of heart failure. P: Refer to specialist."
N01183,P0304,E03531,2024-07-26,SOAP,"S: Patient seen for medication review. Reports intermittent pain. O: BP 130/78, HR 99. A: Patient with a history of chronic kidney disease. P: Adjust medication dose and recheck in 4 weeks."
N01184,P0491,E01104,2024-01-03,SOAP,"S: Patient seen for hospital admission. Reports poor sleep. O: BP 111/92, HR 63. A: Patient with no significant chronic conditions. P: Reinforce diet and exercise counseling."
N01185,P0450,E04432,2025-10-09,SOAP,"S: Patient seen for well child visit. Reports feeling well. O: BP 127/85, HR 93. A: Patient with a history of hyperlipidemia. P: Reinforce diet and exercise counseling."
N01186,P0240,E04838,2025-11-15,SOAP,"S: Patient seen for hospital admission. Reports intermittent pain. O: BP 118/66, HR 102. A: Patient with no significant chronic conditions. P: Order labs and follow up in 2 weeks."
N01187,P0040,E04681,2024-05-01,SOAP,"S: Patient seen for imaging study. Reports poor sleep. O: BP 131/70, HR 75. A: Patient with a history of hyperlipidemia. P: Adjust medication dose and recheck in 4 weeks."
N01188,P0473,E02954,2024-10-12,SOAP,"S: Patient seen for chronic disease check. Reports poor sleep. O: BP 147/68, HR 101. A: Patient with a history of osteoarthritis. P: Reinforce diet and exercise counseling."
N01189,P0310,E02965,2023-01-09,SOAP,"S: Patient seen for ed visit for chest pain. Reports intermittent pain. O: BP 109/92, HR 87. A: Patient with a history of heart failure. P: Reinforce diet and exercise counseling."
N01190,P0201,E03778,2024-02-28,SOAP,"S: Patient seen for hospital admission. Reports intermittent pain. O: BP 145/75, HR 99. A: Patient with a history of chronic kidney disease. P: Reinforce diet and exercise counseling."
N01191,P0091,E03681,2023-04-09,SOAP,"S: Patient seen for well child visit. Reports mild fatigue. O: BP 134/97, HR 97. A: Patient with a history of depression. P: Continue current medications."
N01192,P0099,E02607,2023-03-17,SOAP,"S: Patient seen for admission for pneumonia. Reports intermittent pain. O: BP 126/81, HR 92. A: Patient with a history of obesity. P: Continue current medications."
N01193,P0398,E03397,2023-09-27,SOAP,"S: Patient seen for chronic disease check. Reports feeling well. O: BP 140/72, HR 88. A: Patient with a history of chronic kidney disease. P: Continue current medications."
N01194,P0315,E03233,2024-10-02,SOAP,"S: Patient seen for medication review. Reports poor sleep. O: BP 122/86, HR 91. A: Patient with a history of type 2 diabetes. P: Adjust medication dose and recheck in 4 weeks."
N01195,P0141,E01562,2025-05-03,SOAP,"S: Patient seen for medication review. Reports poor sleep. O: BP 152/95, HR 75. A: Patient with a history of hypertension. P: Refer to specialist."
N01196,P0486,E00728,2024-06-28,SOAP,"S: Patient seen for chronic disease check. Reports intermittent pain. O: BP 107/67, HR 94. A: Patient with a history of asthma. P: Reinforce diet and exercise counseling."
N01197,P0076,E04878,2025-09-28,SOAP,"S: Patient seen for hospital admission. Reports shortness of breath. O: BP 116/98, HR 83. A: Patient with a history of chronic kidney disease. P: Adjust medication dose and recheck in 4 weeks."
N01198,P0337,E04323,2023-03-06,SOAP,"S: Patient seen for chronic disease check. Reports poor sleep. O: BP 158/66, HR 89. A: Patient with a history of obesity. P: Refer to specialist."
N01199,P0095,E02101,2023-01-02,SOAP,"S: Patient seen for well child visit. Reports feeling well. O: BP 158/68, HR 93. A: Patient with a history of heart failure. P: Adjust medication dose and recheck in 4 weeks."
N01200,P0375,E04435,2023-12-18,SOAP,"S: Patient seen for urgent care visit. Reports intermittent pain. O: BP 134/66, HR 63. A: Patient with a history of osteoarthritis. P: Continue current medications."
N01201,P0387,E03654,2024-04-18,SOAP,"S: Patient seen for outpatient procedure. Reports shortness of breath. O: BP 123/78, HR 100. A: Patient with no significant chronic conditions. P: Reinforce diet and exercise counseling."
N01202,P0044,E03656,2025-05-05,SOAP,"S: Patient seen for annual wellness visit. Reports shortness of breath. O: BP 125/74, HR 100. A: Patient with a history of chronic kidney disease. P: Refer to specialist."
N01203,P0091,E02505,2024-09-02,SOAP,"S: Patient seen for annual wellness visit. Reports mild fatigue. O: BP 126/87, HR 102. A: Patient with a history of depression. P: Reinforce diet and exercise counseling."
N01204,P0012,E00107,2023-07-29,SOAP,"S: Patient seen for well child visit. Reports shortness of breath. O: BP 137/66, HR 102. A: Patient with a history of depression. P: Refer to specialist."
N01205,P0125,E02092,2025-09-07,SOAP,"S: Patient seen for urgent care visit. Reports intermittent pain. O: BP 132/65, HR 58. A: Patient with a history of heart failure. P: Reinforce diet and exercise counseling."
N01206,P0105,E02183,2024-04-01,SOAP,"S: Patient seen for outpatient procedure. Reports intermittent pain. O: BP 149/72, HR 66. A: Patient with a history of hyperlipidemia. P: Continue current medications."
N01207,P0320,E04351,2024-06-26,SOAP,"S: Patient seen for well child visit. Reports shortness of breath. O: BP 159/74, HR 75. A: Patient with a history of hyperlipidemia. P: Adjust medication dose and recheck in 4 weeks."
N01208,P0388,E03053,2023-03-25,SOAP,"S: Patient seen for chronic disease check. Reports intermittent pain. O: BP 144/83, HR 88. A: Patient with a history of asthma. P: Adjust medication dose and recheck in 4 weeks."
N01209,P0375,E02688,2024-06-07,SOAP,"S: Patient seen for well child visit. Reports feeling well. O: BP 113/87, HR 65. A: Patient with a history of osteoarthritis. P: Continue current medications."
N01210,P0048,E00221,2025-08-17,SOAP,"S: Patient seen for urgent care visit. Reports feeling well. O: BP 130/93, HR 66. A: Patient with a history of heart failure. P: Reinforce diet and exercise counseling."
N01211,P0221,E01613,2023-02-03,SOAP,"S: Patient seen for hospital admission. Reports intermittent pain. O: BP 154/92, HR 61. A: Patient with a history of chronic kidney disease. P: Refer to specialist."
N01212,P0418,E02058,2025-03-28,SOAP,"S: Patient seen for chronic disease check. Reports intermittent pain. O: BP 156/95, HR 102. A: Patient with a history of depression. P: Reinforce diet and exercise counseling."
N01213,P0334,E03273,2025-10-06,SOAP,"S: Patient seen for well child visit. Reports mild fatigue. O: BP 158/83, HR 92. A: Patient with a history of chronic kidney disease. P: Order labs and follow up in 2 weeks."
N01214,P0445,E00825,2025-10-19,SOAP,"S: Patient seen for well child visit. Reports shortness of breath. O: BP 123/94, HR 82. A: Patient with a history of chronic kidney disease. P: Order labs and follow up in 2 weeks."
N01215,P0016,E04669,2025-10-01,SOAP,"S: Patient seen for urgent care visit. Reports feeling well. O: BP 148/99, HR 71. A: Patient with a history of heart failure. P: Adjust medication dose and recheck in 4 weeks."
N01216,P0221,E04746,2024-10-30,SOAP,"S: Patient seen for follow-up visit. Reports shortness of breath. O: BP 113/99, HR 96. A: Patient with a history of chronic kidney disease. P: Refer to specialist."
N01217,P0021,E00503,2023-08-30,SOAP,"S: Patient seen for chronic disease check. Reports poor sleep. O: BP 111/68, HR 60. A: Patient with a history of COPD. P: Continue current medications."
N01218,P0062,E00615,2023-08-05,SOAP,"S: Patient seen for well child visit. Reports mild fatigue. O: BP 122/94, HR 77. A: Patient with a history of COPD. P: Order labs and follow up in 2 weeks."
N01219,P0390,E02736,2023-03-17,SOAP,"S: Patient seen for urgent care visit. Reports poor sleep. O: BP 105/81, HR 66. A: Patient with a history of COPD. P: Continue current medications."
N01220,P0444,E03366,2023-05-05,SOAP,"S: Patient seen for imaging study. Reports mild fatigue. O: BP 115/77, HR 58. A: Patient with a history of asthma. P: Continue current medications."
N01221,P0488,E00483,2025-01-10,SOAP,"S: Patient seen for emergency room admission. Reports poor sleep. O: BP 135/87, HR 87. A: Patient with a history of obesity. P: Refer to specialist."
N01222,P0485,E01886,2025-05-14,SOAP,"S: Patient seen for annual wellness visit. Reports mild fatigue. O: BP 154/92, HR 93. A: Patient with a history of type 2 diabetes. P: Adjust medication dose and recheck in 4 weeks."
N01223,P0089,E02387,2025-03-29,SOAP,"S: Patient seen for annual wellness visit. Reports poor sleep. O: BP 159/95, HR 82. A: Patient with a history of type 2 diabetes. P: Adjust medication dose and recheck in 4 weeks."
N01224,P0102,E01361,2024-01-23,SOAP,"S: Patient seen for annual wellness visit. Reports shortness of breath. O: BP 128/87, HR 80. A: Patient with a history of depression. P: Refer to specialist."
N01225,P0089,E02469,2024-12-14,SOAP,"S: Patient seen for emergency room admission. Reports intermittent pain. O: BP 137/91, HR 93. A: Patient with a history of type 2 diabetes. P: Adjust medication dose and recheck in 4 weeks."
N01226,P0192,E00572,2025-08-08,SOAP,"S: Patient seen for medication review. Reports shortness of breath. O: BP 161/99, HR 81. A: Patient with a history of depression. P: Refer to specialist."
N01227,P0323,E04534,2023-12-01,SOAP,"S: Patient seen for physical therapy. Reports shortness of breath. O: BP 153/89, HR 75. A: Patient with a history of obesity. P: Continue current medications."
N01228,P0432,E02271,2024-01-02,SOAP,"S: Patient seen for medication review. Reports shortness of breath. O: BP 138/75, HR 100. A: Patient with a history of COPD. P: Reinforce diet and exercise counseling."
N01229,P0458,E00609,2024-03-18,SOAP,"S: Patient seen for physical therapy. Reports intermittent pain. O: BP 160/97, HR 88. A: Patient with no significant chronic conditions. P: Order labs and follow up in 2 weeks."
N01230,P0155,E03189,2025-01-01,SOAP,"S: Patient seen for annual wellness visit. Reports mild fatigue. O: BP 107/68, HR 61. A: Patient with no significant chronic conditions. P: Continue current medications."
N01231,P0092,E04241,2023-04-17,SOAP,"S: Patient seen for urgent care visit. Reports intermittent pain. O: BP 127/81, HR 83. A: Patient with a history of heart failure. P: Adjust medication dose and recheck in 4 weeks."
N01232,P0360,E03608,2024-08-27,SOAP,"S: Patient seen for follow-up visit. Reports intermittent pain. O: BP 159/80, HR 73. A: Patient with no significant chronic conditions. P: Refer to specialist."
N01233,P0206,E00657,2023-10-12,SOAP,"S: Patient seen for physical therapy. Reports shortness of breath. O: BP 144/97, HR 80. A: Patient with a history of hyperlipidemia. P: Refer to specialist."
N01234,P0479,E04450,2024-03-01,SOAP,"S: Patient seen for physical therapy. Reports poor sleep. O: BP 121/97, HR 76. A: Patient with no significant chronic conditions. P: Adjust medication dose and recheck in 4 weeks."
N01235,P0253,E03898,2024-04-23,SOAP,"S: Patient seen for urgent care visit. Reports shortness of breath. O: BP 105/83, HR 65. A: Patient with no significant chronic conditions. P: Refer to specialist."
N01236,P0366,E04827,2025-05-30,SOAP,"S: Patient seen for medication review. Reports intermittent pain. O: BP 107/86, HR 100. A: Patient with no significant chronic conditions. P: Refer to specialist."
N01237,P0462,E00760,2025-10-12,SOAP,"S: Patient seen for follow-up visit. Reports mild fatigue. O: BP 153/77, HR 88. A: Patient with a history of chronic kidney disease. P: Order labs and follow up in 2 weeks."
N01238,P0042,E01349,2023-03-06,SOAP,"S: Patient seen for medication review. Reports shortness of breath. O: BP 143/86, HR 99. A: Patient with no significant chronic conditions. P: Continue current medications."
N01239,P0194,E01599,2024-07-17,SOAP,"S: Patient seen for outpatient procedure. Reports feeling well. O: BP 138/71, HR 95. A: Patient with no significant chronic conditions. P: Continue current medications."
N01240,P0031,E01991,2025-05-05,SOAP,"S: Patient seen for annual wellness visit. Reports feeling well. O: BP 117/99, HR 99. A: Patient with a history of osteoarthritis. P: Order labs and follow up in 2 weeks."
N01241,P0486,E04959,2023-04-11,SOAP,"S: Patient seen for medication review. Reports intermittent pain. O: BP 146/87, HR 78. A: Patient with a history of asthma. P: Order labs and follow up in 2 weeks."
N01242,P0004,E00562,2023-06-01,SOAP,"S: Patient seen for follow-up visit. Reports intermittent pain. O: BP 115/76, HR 94. A: Patient with a history of depression. P: Reinforce diet and exercise counseling."
N01243,P0439,E03819,2023-02-09,SOAP,"S: Patient seen for ed visit for chest pain. Reports feeling well. O: BP 147/77, HR 73. A: Patient with a history of heart failure. P: Reinforce diet and exercise counseling."
N01244,P0218,E00010,2024-02-26,SOAP,"S: Patient seen for urgent care visit. Reports intermittent pain. O: BP 109/94, HR 87. A: Patient with no significant chronic conditions. P: Adjust medication dose and recheck in 4 weeks."
N01245,P0006,E03378,2025-02-15,SOAP,"S: Patient seen for urgent care visit. Reports feeling well. O: BP 138/65, HR 64. A: Patient with a history of hypertension. P: Continue current medications."
N01246,P0496,E03814,2025-08-23,SOAP,"S: Patient seen for medication review. Reports shortness of breath. O: BP 149/94, HR 76. A: Patient with a history of type 2 diabetes. P: Order labs and follow up in 2 weeks."
N01247,P0251,E02902,2023-06-23,SOAP,"S: Patient seen for physical therapy. Reports shortness of breath. O: BP 108/81, HR 92. A: Patient with no significant chronic conditions. P: Adjust medication dose and recheck in 4 weeks."
N01248,P0222,E03413,2025-09-16,SOAP,"S: Patient seen for follow-up visit. Reports feeling well. O: BP 160/98, HR 79. A: Patient with a history of heart failure. P: Reinforce diet and exercise counseling."
N01249,P0172,E03883,2023-10-28,SOAP,"S: Patient seen for annual wellness visit. Reports mild fatigue. O: BP 133/71, HR 74. A: Patient with a history of hyperlipidemia. P: Reinforce diet and exercise counseling."
N01250,P0300,E04944,2023-03-17,SOAP,"S: Patient seen for physical therapy. Reports shortness of breath. O: BP 141/82, HR 88. A: Patient with a history of depression. P: Adjust medication dose and recheck in 4 weeks."
N01251,P0287,E04933,2023-04-24,SOAP,"S: Patient seen for urgent care visit. Reports poor sleep. O: BP 118/84, HR 88. A: Patient with a history of type 2 diabetes. P: Refer to specialist."
N01252,P0111,E01410,2024-11-14,SOAP,"S: Patient seen for urgent care visit. Reports poor sleep. O: BP 139/78, HR 103. A: Patient with a history of depression. P: Order labs and follow up in 2 weeks."
N01253,P0279,E03100,2025-12-10,SOAP,"S: Patient seen for urgent care visit. Reports shortness of breath. O: BP 110/90, HR 98. A: Patient with a history of COPD. P: Reinforce diet and exercise counseling."
N01254,P0099,E03800,2024-05-07,SOAP,"S: Patient seen for annual wellness visit. Reports poor sleep. O: BP 147/95, HR 87. A: Patient with a history of obesity. P: Continue current medications."
N01255,P0311,E04416,2025-08-15,SOAP,"S: Patient seen for well child visit. Reports intermittent pain. O: BP 151/85, HR 91. A: Patient with a history of obesity. P: Order labs and follow up in 2 weeks."
N01256,P0111,E00505,2025-09-28,SOAP,"S: Patient seen for annual wellness visit. Reports poor sleep. O: BP 123/77, HR 63. A: Patient with a history of depression. P: Continue current medications."
N01257,P0433,E04017,2025-01-15,SOAP,"S: Patient seen for urgent care visit. Reports shortness of breath. O: BP 145/85, HR 68. A: Patient with a history of chronic kidney disease. P: Reinforce diet and exercise counseling."
N01258,P0494,E00717,2025-12-08,SOAP,"S: Patient seen for annual wellness visit. Reports shortness of breath. O: BP 158/67, HR 98. A: Patient with no significant chronic conditions. P: Continue current medications."
N01259,P0061,E02823,2023-09-08,SOAP,"S: Patient seen for well child visit. Reports intermittent pain. O: BP 117/69, HR 66. A: Patient with a history of asthma. P: Continue current medications."
N01260,P0298,E01887,2025-06-20,SOAP,"S: Patient seen for chronic disease check. Reports feeling well. O: BP 128/85, HR 102. A: Patient with a history of depression. P: Order labs and follow up in 2 weeks."
N01261,P0242,E02865,2023-11-15,SOAP,"S: Patient seen for medication review. Reports intermittent pain. O: BP 108/73, HR 98. A: Patient with a history of hypertension. P: Order labs and follow up in 2 weeks."
N01262,P0310,E00476,2023-04-14,SOAP,"S: Patient seen for outpatient procedure. Reports intermittent pain. O: BP 164/86, HR 97. A: Patient with a history of heart failure. P: Reinforce diet and exercise counseling."
N01263,P0243,E01070,2023-08-01,SOAP,"S: Patient seen for physical therapy. Reports poor sleep. O: BP 153/93, HR 85. A: Patient with a history of hyperlipidemia. P: Refer to specialist."
N01264,P0118,E04930,2025-05-16,SOAP,"S: Patient seen for medication review. Reports intermittent pain. O: BP 128/71, HR 98. A: Patient with a history of asthma. P: Reinforce diet and exercise counseling."
N01265,P0166,E00777,2024-01-08,SOAP,"S: Patient seen for admission for pneumonia. Reports shortness of breath. O: BP 138/70, HR 72. A: Patient with no significant chronic conditions. P: Adjust medication dose and recheck in 4 weeks."
N01266,P0397,E04029,2025-06-25,SOAP,"S: Patient seen for follow-up visit. Reports shortness of breath. O: BP 138/80, HR 86. A: Patient with a history of COPD. P: Continue current medications."
N01267,P0100,E03241,2025-10-13,SOAP,"S: Patient seen for outpatient procedure. Reports feeling well. O: BP 155/98, HR 102. A: Patient with a history of hyperlipidemia. P: Adjust medication dose and recheck in 4 weeks."
N01268,P0426,E00715,2025-05-20,SOAP,"S: Patient seen for outpatient procedure. Reports intermittent pain. O: BP 142/84, HR 64. A: Patient with a history of chronic kidney disease. P: Adjust medication dose and recheck in 4 weeks."
N01269,P0453,E02035,2023-06-01,SOAP,"S: Patient seen for urgent care visit. Reports mild fatigue. O: BP 153/81, HR 78. A: Patient with a history of hypertension. P: Adjust medication dose and recheck in 4 weeks."
N01270,P0487,E04380,2025-07-05,SOAP,"S: Patient seen for well child visit. Reports mild fatigue. O: BP 117/76, HR 81. A: Patient with a history of depression. P: Reinforce diet and exercise counseling."
N01271,P0262,E03754,2023-05-26,SOAP,"S: Patient seen for urgent care visit. Reports feeling well. O: BP 152/76, HR 76. A: Patient with no significant chronic conditions. P: Reinforce diet and exercise counseling."
N01272,P0485,E02026,2024-05-31,SOAP,"S: Patient seen for well child visit. Reports intermittent pain. O: BP 158/96, HR 62. A: Patient with a history of type 2 diabetes. P: Refer to specialist."
N01273,P0109,E04481,2024-08-25,SOAP,"S: Patient seen for physical therapy. Reports shortness of breath. O: BP 116/94, HR 75. A: Patient with a history of heart failure. P: Continue current medications."
N01274,P0452,E04488,2023-12-06,SOAP,"S: Patient seen for chronic disease check. Reports intermittent pain. O: BP 111/83, HR 96. A: Patient with no significant chronic conditions. P: Adjust medication dose and recheck in 4 weeks."
N01275,P0278,E00826,2024-11-18,SOAP,"S: Patient seen for chronic disease check. Reports poor sleep. O: BP 157/91, HR 70. A: Patient with a history of COPD. P: Adjust medication dose and recheck in 4 weeks."
N01276,P0188,E01293,2025-10-02,SOAP,"S: Patient seen for annual wellness visit. Reports shortness of breath. O: BP 149/68, HR 67. A: Patient with a history of asthma. P: Adjust medication dose and recheck in 4 weeks."
N01277,P0404,E04656,2024-01-30,SOAP,"S: Patient seen for well child visit. Reports feeling well. O: BP 134/81, HR 98. A: Patient with a history of chronic kidney disease. P: Adjust medication dose and recheck in 4 weeks."
N01278,P0065,E02015,2025-06-30,SOAP,"S: Patient seen for annual wellness visit. Reports mild fatigue. O: BP 138/69, HR 60. A: Patient with no significant chronic conditions. P: Continue current medications."
N01279,P0401,E00953,2025-12-30,SOAP,"S: Patient seen for urgent care visit. Reports feeling well. O: BP 154/96, HR 82. A: Patient with a history of obesity. P: Order labs and follow up in 2 weeks."
N01280,P0153,E02866,2024-07-12,SOAP,"S: Patient seen for well child visit. Reports intermittent pain. O: BP 122/78, HR 71. A: Patient with a history of asthma. P: Adjust medication dose and recheck in 4 weeks."
N01281,P0378,E02008,2023-03-23,SOAP,"S: Patient seen for urgent care visit. Reports shortness of breath. O: BP 105/76, HR 99. A: Patient with a history of heart failure. P: Refer to specialist."
N01282,P0368,E03535,2025-09-05,SOAP,"S: Patient seen for well child visit. Reports mild fatigue. O: BP 120/88, HR 83. A: Patient with a history of type 2 diabetes. P: Order labs and follow up in 2 weeks."
N01283,P0130,E01042,2024-11-22,SOAP,"S: Patient seen for medication review. Reports feeling well. O: BP 150/90, HR 98. A: Patient with a history of depression. P: Refer to specialist."
N01284,P0269,E00737,2024-04-18,SOAP,"S: Patient seen for follow-up visit. Reports poor sleep. O: BP 156/96, HR 60. A: Patient with no significant chronic conditions. P: Adjust medication dose and recheck in 4 weeks."
N01285,P0329,E04657,2025-10-01,SOAP,"S: Patient seen for physical therapy. Reports intermittent pain. O: BP 114/71, HR 81. A: Patient with no significant chronic conditions. P: Adjust medication dose and recheck in 4 weeks."
N01286,P0358,E00415,2023-05-16,SOAP,"S: Patient seen for well child visit. Reports intermittent pain. O: BP 148/79, HR 80. A: Patient with no significant chronic conditions. P: Continue current medications."
N01287,P0302,E02770,2023-05-29,SOAP,"S: Patient seen for medication review. Reports shortness of breath. O: BP 113/77, HR 100. A: Patient with a history of type 2 diabetes. P: Continue current medications."
N01288,P0199,E03670,2025-03-25,SOAP,"S: Patient seen for outpatient procedure. Reports poor sleep. O: BP 128/67, HR 74. A: Patient with a history of hypertension. P: Order labs and follow up in 2 weeks."
N01289,P0152,E01268,2023-02-12,SOAP,"S: Patient seen for well child visit. Reports poor sleep. O: BP 128/75, HR 82. A: Patient with no significant chronic conditions. P: Refer to specialist."
N01290,P0022,E02960,2023-02-27,SOAP,"S: Patient seen for outpatient procedure. Reports mild fatigue. O: BP 157/80, HR 79. A: Patient with no significant chronic conditions. P: Continue current medications."
N01291,P0348,E00619,2023-09-30,SOAP,"S: Patient seen for ed visit for chest pain. Reports shortness of breath. O: BP 114/75, HR 74. A: Patient with no significant chronic conditions. P: Refer to specialist."
N01292,P0247,E04893,2023-10-06,SOAP,"S: Patient seen for outpatient procedure. Reports intermittent pain. O: BP 164/88, HR 73. A: Patient with no significant chronic conditions. P: Continue current medications."
N01293,P0474,E02496,2024-10-15,SOAP,"S: Patient seen for well child visit. Reports shortness of breath. O: BP 162/69, HR 65. A: Patient with a history of osteoarthritis. P: Continue current medications."
N01294,P0078,E01035,2025-03-12,SOAP,"S: Patient seen for well child visit. Reports poor sleep. O: BP 106/65, HR 75. A: Patient with no significant chronic conditions. P: Adjust medication dose and recheck in 4 weeks."
N01295,P0414,E00759,2025-03-20,SOAP,"S: Patient seen for ed visit for chest pain. Reports poor sleep. O: BP 163/73, HR 88. A: Patient with a history of hypertension. P: Refer to specialist."
N01296,P0400,E00143,2024-11-15,SOAP,"S: Patient seen for annual wellness visit. Reports mild fatigue. O: BP 117/82, HR 61. A: Patient with a history of asthma. P: Refer to specialist."
N01297,P0260,E01800,2025-06-16,SOAP,"S: Patient seen for ed visit for chest pain. Reports shortness of breath. O: BP 107/88, HR 84. A: Patient with a history of osteoarthritis. P: Reinforce diet and exercise counseling."
N01298,P0167,E02433,2024-01-06,SOAP,"S: Patient seen for outpatient procedure. Reports mild fatigue. O: BP 119/86, HR 81. A: Patient with a history of obesity. P: Reinforce diet and exercise counseling."
N01299,P0043,E04494,2025-05-24,SOAP,"S: Patient seen for follow-up visit. Reports shortness of breath. O: BP 120/97, HR 81. A: Patient with a history of depression. P: Refer to specialist."
N01300,P0074,E03672,2025-12-08,SOAP,"S: Patient seen for chronic disease check. Reports poor sleep. O: BP 109/98, HR 67. A: Patient with a history of depression. P: Reinforce diet and exercise counseling."
N01301,P0103,E01971,2025-08-04,SOAP,"S: Patient seen for annual wellness visit. Reports intermittent pain. O: BP 161/78, HR 97. A: Patient with a history of type 2 diabetes. P: Reinforce diet and exercise counseling."
N01302,P0311,E04273,2023-01-23,SOAP,"S: Patient seen for chronic disease check. Reports shortness of breath. O: BP 124/98, HR 82. A: Patient with a history of obesity. P: Reinforce diet and exercise counseling."
N01303,P0236,E00459,2025-09-23,SOAP,"S: Patient seen for physical therapy. Reports poor sleep. O: BP 107/67, HR 80. A: Patient with a history of depression. P: Reinforce diet and exercise counseling."
N01304,P0455,E01514,2025-06-06,SOAP,"S: Patient seen for physical therapy. Reports shortness of breath. O: BP 150/78, HR 70. A: Patient with a history of chronic kidney disease. P: Refer to specialist."
N01305,P0001,E02661,2024-01-22,SOAP,"S: Patient seen for well child visit. Reports feeling well. O: BP 134/73, HR 83. A: Patient with a history of osteoarthritis. P: Reinforce diet and exercise counseling."
N01306,P0260,E02082,2023-03-13,SOAP,"S: Patient seen for follow-up visit. Reports feeling well. O: BP 141/83, HR 58. A: Patient with a history of osteoarthritis. P: Order labs and follow up in 2 weeks."
N01307,P0461,E01866,2024-05-23,SOAP,"S: Patient seen for medication review. Reports intermittent pain. O: BP 134/88, HR 59. A: Patient with a history of hypertension. P: Refer to specialist."
N01308,P0373,E00269,2025-07-02,SOAP,"S: Patient seen for annual wellness visit. Reports shortness of breath. O: BP 156/85, HR 58. A: Patient with no significant chronic conditions. P: Continue current medications."
N01309,P0153,E02530,2023-06-28,SOAP,"S: Patient seen for emergency room admission. Reports shortness of breath. O: BP 148/90, HR 80. A: Patient with a history of asthma. P: Refer to specialist."
N01310,P0193,E02904,2024-07-29,SOAP,"S: Patient seen for physical therapy. Reports poor sleep. O: BP 143/67, HR 99. A: Patient with a history of chronic kidney disease. P: Refer to specialist."
N01311,P0017,E02525,2024-03-27,SOAP,"S: Patient seen for medication review. Reports intermittent pain. O: BP 139/90, HR 95. A: Patient with a history of obesity. P: Order labs and follow up in 2 weeks."
N01312,P0157,E01178,2024-12-25,SOAP,"S: Patient seen for chronic disease check. Reports mild fatigue. O: BP 115/77, HR 68. A: Patient with a history of depression. P: Order labs and follow up in 2 weeks."
N01313,P0012,E00588,2023-03-07,SOAP,"S: Patient seen for chronic disease check. Reports mild fatigue. O: BP 107/81, HR 73. A: Patient with a history of depression. P: Refer to specialist."
N01314,P0019,E01403,2025-10-03,SOAP,"S: Patient seen for well child visit. Reports feeling well. O: BP 130/80, HR 102. A: Patient with a history of hyperlipidemia. P: Continue current medications."
N01315,P0401,E00207,2024-10-06,SOAP,"S: Patient seen for urgent care visit. Reports poor sleep. O: BP 111/67, HR 85. A: Patient with a history of obesity. P: Continue current medications."
N01316,P0204,E03521,2023-03-16,SOAP,"S: Patient seen for well child visit. Reports shortness of breath. O: BP 158/71, HR 73. A: Patient with a history of obesity. P: Reinforce diet and exercise counseling."
N01317,P0035,E02714,2025-05-21,SOAP,"S: Patient seen for medication review. Reports mild fatigue. O: BP 126/70, HR 100. A: Patient with a history of hypertension. P: Order labs and follow up in 2 weeks."
N01318,P0243,E03763,2024-06-20,SOAP,"S: Patient seen for physical therapy. Reports intermittent pain. O: BP 150/74, HR 61. A: Patient with a history of hyperlipidemia. P: Continue current medications."
N01319,P0017,E02321,2024-04-29,SOAP,"S: Patient seen for follow-up visit. Reports poor sleep. O: BP 130/71, HR 66. A: Patient with a history of obesity. P: Adjust medication dose and recheck in 4 weeks."
N01320,P0500,E00557,2024-02-17,SOAP,"S: Patient seen for well child visit. Reports mild fatigue. O: BP 115/91, HR 101. A: Patient with a history of type 2 diabetes. P: Adjust medication dose and recheck in 4 weeks."
N01321,P0216,E02717,2024-03-26,SOAP,"S: Patient seen for well child visit. Reports intermittent pain. O: BP 105/73, HR 98. A: Patient with a history of osteoarthritis. P: Continue current medications."
N01322,P0129,E04213,2023-12-14,SOAP,"S: Patient seen for urgent care visit. Reports intermittent pain. O: BP 124/73, HR 67. A: Patient with a history of depression. P: Refer to specialist."
N01323,P0329,E04527,2025-06-25,SOAP,"S: Patient seen for medication review. Reports poor sleep. O: BP 114/75, HR 76. A: Patient with no significant chronic conditions. P: Refer to specialist."
N01324,P0369,E01352,2024-01-31,SOAP,"S: Patient seen for well child visit. Reports feeling well. O: BP 114/79, HR 102. A: Patient with a history of type 2 diabetes. P: Adjust medication dose and recheck in 4 weeks."
N01325,P0289,E00927,2024-09-12,SOAP,"S: Patient seen for chronic disease check. Reports feeling well. O: BP 105/66, HR 64. A: Patient with a history of heart failure. P: Adjust medication dose and recheck in 4 weeks."
N01326,P0455,E03564,2025-08-02,SOAP,"S: Patient seen for physical therapy. Reports mild fatigue. O: BP 133/98, HR 96. A: Patient with a history of chronic kidney disease. P: Adjust medication dose and recheck in 4 weeks."
N01327,P0296,E02626,2025-09-22,SOAP,"S: Patient seen for well child visit. Reports poor sleep. O: BP 147/75, HR 74. A: Patient with a history of hypertension. P: Adjust medication dose and recheck in 4 weeks."
N01328,P0148,E04086,2024-05-23,SOAP,"S: Patient seen for outpatient procedure. Reports intermittent pain. O: BP 108/96, HR 94. A: Patient with a history of osteoarthritis. P: Adjust medication dose and recheck in 4 weeks."
N01329,P0490,E00009,2025-12-28,SOAP,"S: Patient seen for urgent care visit. Reports mild fatigue. O: BP 126/79, HR 68. A: Patient with no significant chronic conditions. P: Continue current medications."
N01330,P0078,E03537,2024-02-06,SOAP,"S: Patient seen for ed visit for chest pain. Reports intermittent pain. O: BP 129/72, HR 98. A: Patient with no significant chronic conditions. P: Reinforce diet and exercise counseling."
N01331,P0450,E03945,2024-12-08,SOAP,"S: Patient seen for imaging study. Reports shortness of breath. O: BP 116/82, HR 102. A: Patient with a history of hyperlipidemia. P: Order labs and follow up in 2 weeks."
N01332,P0472,E02354,2025-11-20,SOAP,"S: Patient seen for follow-up visit. Reports intermittent pain. O: BP 131/96, HR 82. A: Patient with no significant chronic conditions. P: Reinforce diet and exercise counseling."
N01333,P0187,E04941,2024-02-05,SOAP,"S: Patient seen for urgent care visit. Reports feeling well. O: BP 162/99, HR 96. A: Patient with a history of asthma. P: Refer to specialist."
N01334,P0394,E01471,2023-10-13,SOAP,"S: Patient seen for physical therapy. Reports shortness of breath. O: BP 142/88, HR 71. A: Patient with a history of COPD. P: Order labs and follow up in 2 weeks."
N01335,P0331,E03742,2025-12-16,SOAP,"S: Patient seen for follow-up visit. Reports feeling well. O: BP 162/82, HR 58. A: Patient with a history of osteoarthritis. P: Order labs and follow up in 2 weeks."
N01336,P0205,E03475,2025-12-01,SOAP,"S: Patient seen for physical therapy. Reports mild fatigue. O: BP 105/94, HR 60. A: Patient with a history of osteoarthritis. P: Reinforce diet and exercise counseling."
N01337,P0256,E03028,2023-02-10,SOAP,"S: Patient seen for imaging study. Reports feeling well. O: BP 130/80, HR 73. A: Patient with no significant chronic conditions. P: Reinforce diet and exercise counseling."
N01338,P0150,E04523,2025-09-29,SOAP,"S: Patient seen for chronic disease check. Reports feeling well. O: BP 113/96, HR 70. A: Patient with a history of asthma. P: Order labs and follow up in 2 weeks."
N01339,P0167,E02243,2024-04-01,SOAP,"S: Patient seen for follow-up visit. Reports intermittent pain. O: BP 132/95, HR 104. A: Patient with a history of obesity. P: Continue current medications."
N01340,P0182,E02014,2023-06-09,SOAP,"S: Patient seen for follow-up visit. Reports shortness of breath. O: BP 109/96, HR 70. A: Patient with a history of depression. P: Adjust medication dose and recheck in 4 weeks."
N01341,P0028,E02025,2024-03-13,SOAP,"S: Patient seen for annual wellness visit. Reports mild fatigue. O: BP 142/74, HR 76. A: Patient with a history of hyperlipidemia. P: Order labs and follow up in 2 weeks."
N01342,P0278,E02490,2023-03-26,SOAP,"S: Patient seen for medication review. Reports poor sleep. O: BP 147/99, HR 94. A: Patient with a history of COPD. P: Refer to specialist."
N01343,P0269,E03946,2025-03-31,SOAP,"S: Patient seen for admission for pneumonia. Reports shortness of breath. O: BP 160/94, HR 70. A: Patient with no significant chronic conditions. P: Order labs and follow up in 2 weeks."
N01344,P0114,E02893,2024-11-23,SOAP,"S: Patient seen for outpatient procedure. Reports mild fatigue. O: BP 149/84, HR 70. A: Patient with a history of depression. P: Reinforce diet and exercise counseling."
N01345,P0431,E02486,2025-06-23,SOAP,"S: Patient seen for annual wellness visit. Reports mild fatigue. O: BP 109/82, HR 85. A: Patient with no significant chronic conditions. P: Reinforce diet and exercise counseling."
N01346,P0321,E03983,2025-12-22,SOAP,"S: Patient seen for well child visit. Reports poor sleep. O: BP 115/75, HR 69. A: Patient with a history of chronic kidney disease. P: Adjust medication dose and recheck in 4 weeks."
N01347,P0224,E04399,2023-06-12,SOAP,"S: Patient seen for well child visit. Reports poor sleep. O: BP 159/79, HR 70. A: Patient with a history of osteoarthritis. P: Adjust medication dose and recheck in 4 weeks."
N01348,P0009,E01210,2024-07-16,SOAP,"S: Patient seen for hospital admission. Reports feeling well. O: BP 117/97, HR 78. A: Patient with no significant chronic conditions. P: Reinforce diet and exercise counseling."
N01349,P0271,E04564,2024-07-23,SOAP,"S: Patient seen for annual wellness visit. Reports mild fatigue. O: BP 118/86, HR 96. A: Patient with no significant chronic conditions. P: Adjust medication dose and recheck in 4 weeks."
N01350,P0374,E03211,2024-01-16,SOAP,"S: Patient seen for annual wellness visit. Reports shortness of breath. O: BP 114/96, HR 101. A: Patient with a history of chronic kidney disease. P: Continue current medications."
N01351,P0035,E00747,2025-12-08,SOAP,"S: Patient seen for chronic disease check. Reports poor sleep. O: BP 160/83, HR 60. A: Patient with a history of hypertension. P: Continue current medications."
N01352,P0023,E02002,2024-05-09,SOAP,"S: Patient seen for urgent care visit. Reports intermittent pain. O: BP 124/69, HR 68. A: Patient with no significant chronic conditions. P: Continue current medications."
N01353,P0134,E04261,2025-09-24,SOAP,"S: Patient seen for annual wellness visit. Reports intermittent pain. O: BP 164/75, HR 69. A: Patient with a history of heart failure. P: Refer to specialist."
N01354,P0452,E03779,2025-03-27,SOAP,"S: Patient seen for emergency room admission. Reports mild fatigue. O: BP 121/88, HR 82. A: Patient with no significant chronic conditions. P: Reinforce diet and exercise counseling."
N01355,P0414,E02397,2023-01-28,SOAP,"S: Patient seen for well child visit. Reports feeling well. O: BP 138/79, HR 94. A: Patient with a history of hypertension. P: Order labs and follow up in 2 weeks."
N01356,P0464,E04280,2025-07-18,SOAP,"S: Patient seen for urgent care visit. Reports intermittent pain. O: BP 107/82, HR 84. A: Patient with no significant chronic conditions. P: Adjust medication dose and recheck in 4 weeks."
N01357,P0226,E01859,2025-02-04,SOAP,"S: Patient seen for hospital admission. Reports poor sleep. O: BP 149/77, HR 70. A: Patient with no significant chronic conditions. P: Adjust medication dose and recheck in 4 weeks."
N01358,P0396,E00611,2024-02-18,SOAP,"S: Patient seen for follow-up visit. Reports intermittent pain. O: BP 112/87, HR 70. A: Patient with no significant chronic conditions. P: Order labs and follow up in 2 weeks."
N01359,P0270,E00912,2024-10-03,SOAP,"S: Patient seen for chronic disease check. Reports poor sleep. O: BP 157/79, HR 71. A: Patient with a history of obesity. P: Refer to specialist."
N01360,P0073,E02133,2024-12-29,SOAP,"S: Patient seen for emergency room admission. Reports shortness of breath. O: BP 137/88, HR 97. A: Patient with a history of obesity. P: Reinforce diet and exercise counseling."
N01361,P0337,E02956,2025-12-15,SOAP,"S: Patient seen for annual wellness visit. Reports poor sleep. O: BP 106/86, HR 73. A: Patient with a history of obesity. P: Continue current medications."
N01362,P0477,E02568,2024-09-02,SOAP,"S: Patient seen for physical therapy. Reports poor sleep. O: BP 145/82, HR 79. A: Patient with a history of hyperlipidemia. P: Continue current medications."
N01363,P0127,E00408,2023-10-24,SOAP,"S: Patient seen for admission for pneumonia. Reports shortness of breath. O: BP 128/87, HR 61. A: Patient with a history of chronic kidney disease. P: Reinforce diet and exercise counseling."
N01364,P0246,E04824,2025-04-21,SOAP,"S: Patient seen for imaging study. Reports mild fatigue. O: BP 127/95, HR 66. A: Patient with a history of type 2 diabetes. P: Reinforce diet and exercise counseling."
N01365,P0164,E02790,2023-09-21,SOAP,"S: Patient seen for chronic disease check. Reports mild fatigue. O: BP 152/77, HR 58. A: Patient with no significant chronic conditions. P: Adjust medication dose and recheck in 4 weeks."
N01366,P0376,E03215,2024-11-26,SOAP,"S: Patient seen for imaging study. Reports shortness of breath. O: BP 105/91, HR 62. A: Patient with a history of COPD. P: Continue current medications."
N01367,P0496,E00293,2025-10-15,SOAP,"S: Patient seen for emergency room admission. Reports shortness of breath. O: BP 143/84, HR 90. A: Patient with a history of type 2 diabetes. P: Reinforce diet and exercise counseling."
N01368,P0481,E04533,2025-06-19,SOAP,"S: Patient seen for urgent care visit. Reports shortness of breath. O: BP 148/94, HR 76. A: Patient with a history of chronic kidney disease. P: Refer to specialist."
N01369,P0258,E04566,2024-05-29,SOAP,"S: Patient seen for annual wellness visit. Reports intermittent pain. O: BP 115/71, HR 75. A: Patient with no significant chronic conditions. P: Order labs and follow up in 2 weeks."
N01370,P0457,E03772,2025-05-01,SOAP,"S: Patient seen for chronic disease check. Reports mild fatigue. O: BP 152/88, HR 99. A: Patient with no significant chronic conditions. P: Reinforce diet and exercise counseling."
N01371,P0480,E00349,2024-02-01,SOAP,"S: Patient seen for annual wellness visit. Reports intermittent pain. O: BP 107/89, HR 94. A: Patient with no significant chronic conditions. P: Order labs and follow up in 2 weeks."
N01372,P0019,E04710,2025-03-04,SOAP,"S: Patient seen for admission for pneumonia. Reports mild fatigue. O: BP 134/65, HR 69. A: Patient with a history of hyperlipidemia. P: Adjust medication dose and recheck in 4 weeks."
N01373,P0227,E01314,2023-03-26,SOAP,"S: Patient seen for follow-up visit. Reports mild fatigue. O: BP 148/88, HR 98. A: Patient with no significant chronic conditions. P: Refer to specialist."
N01374,P0439,E00425,2024-03-17,SOAP,"S: Patient seen for well child visit. Reports feeling well. O: BP 155/72, HR 100. A: Patient with a history of heart failure. P: Refer to specialist."
N01375,P0081,E04775,2025-05-30,SOAP,"S: Patient seen for chronic disease check. Reports intermittent pain. O: BP 127/91, HR 69. A: Patient with a history of obesity. P: Continue current medications."
N01376,P0025,E02703,2024-04-02,SOAP,"S: Patient seen for chronic disease check. Reports feeling well. O: BP 114/92, HR 100. A: Patient with a history of hyperlipidemia. P: Refer to specialist."
N01377,P0177,E02608,2023-06-11,SOAP,"S: Patient seen for chronic disease check. Reports shortness of breath. O: BP 131/97, HR 59. A: Patient with a history of chronic kidney disease. P: Order labs and follow up in 2 weeks."
N01378,P0271,E04130,2023-02-14,SOAP,"S: Patient seen for follow-up visit. Reports intermittent pain. O: BP 108/85, HR 94. A: Patient with no significant chronic conditions. P: Reinforce diet and exercise counseling."
N01379,P0347,E03629,2024-03-07,SOAP,"S: Patient seen for annual wellness visit. Reports intermittent pain. O: BP 135/67, HR 73. A: Patient with a history of chronic kidney disease. P: Order labs and follow up in 2 weeks."
N01380,P0270,E02686,2023-09-21,SOAP,"S: Patient seen for well child visit. Reports shortness of breath. O: BP 157/82, HR 68. A: Patient with a history of obesity. P: Adjust medication dose and recheck in 4 weeks."
N01381,P0247,E00850,2023-07-08,SOAP,"S: Patient seen for well child visit. Reports intermittent pain. O: BP 153/77, HR 103. A: Patient with no significant chronic conditions. P: Refer to specialist."
N01382,P0122,E00208,2024-09-11,SOAP,"S: Patient seen for follow-up visit. Reports feeling well. O: BP 132/85, HR 75. A: Patient with a history of depression. P: Adjust medication dose and recheck in 4 weeks."
N01383,P0048,E00438,2024-08-04,SOAP,"S: Patient seen for well child visit. Reports mild fatigue. O: BP 131/69, HR 76. A: Patient with a history of heart failure. P: Adjust medication dose and recheck in 4 weeks."
N01384,P0096,E00121,2024-10-24,SOAP,"S: Patient seen for medication review. Reports intermittent pain. O: BP 160/68, HR 102. A: Patient with a history of hypertension. P: Adjust medication dose and recheck in 4 weeks."
N01385,P0104,E01948,2023-10-16,SOAP,"S: Patient seen for well child visit. Reports shortness of breath. O: BP 109/87, HR 67. A: Patient with no significant chronic conditions. P: Adjust medication dose and recheck in 4 weeks."
N01386,P0325,E01345,2023-06-20,SOAP,"S: Patient seen for chronic disease check. Reports mild fatigue. O: BP 155/72, HR 60. A: Patient with a history of heart failure. P: Refer to specialist."
N01387,P0454,E00769,2023-10-18,SOAP,"S: Patient seen for urgent care visit. Reports feeling well. O: BP 126/91, HR 92. A: Patient with a history of heart failure. P: Reinforce diet and exercise counseling."
N01388,P0012,E01528,2024-07-11,SOAP,"S: Patient seen for medication review. Reports feeling well. O: BP 144/88, HR 73. A: Patient with a history of depression. P: Adjust medication dose and recheck in 4 weeks."
N01389,P0423,E03134,2024-05-30,SOAP,"S: Patient seen for well child visit. Reports mild fatigue. O: BP 115/88, HR 68. A: Patient with a history of hypertension. P: Continue current medications."
N01390,P0216,E02771,2023-02-03,SOAP,"S: Patient seen for medication review. Reports intermittent pain. O: BP 142/93, HR 76. A: Patient with a history of osteoarthritis. P: Order labs and follow up in 2 weeks."
N01391,P0166,E00182,2024-01-02,SOAP,"S: Patient seen for follow-up visit. Reports poor sleep. O: BP 134/68, HR 85. A: Patient with no significant chronic conditions. P: Order labs and follow up in 2 weeks."
N01392,P0406,E00730,2023-11-15,SOAP,"S: Patient seen for annual wellness visit. Reports shortness of breath. O: BP 123/83, HR 68. A: Patient with a history of depression. P: Order labs and follow up in 2 weeks."
N01393,P0385,E03558,2025-03-25,SOAP,"S: Patient seen for annual wellness visit. Reports shortness of breath. O: BP 145/79, HR 60. A: Patient with a history of obesity. P: Reinforce diet and exercise counseling."
N01394,P0443,E04841,2023-04-24,SOAP,"S: Patient seen for well child visit. Reports feeling well. O: BP 134/98, HR 63. A: Patient with a history of osteoarthritis. P: Order labs and follow up in 2 weeks."
N01395,P0444,E01659,2023-02-17,SOAP,"S: Patient seen for ed visit for chest pain. Reports feeling well. O: BP 151/67, HR 64. A: Patient with a history of asthma. P: Continue current medications."
N01396,P0201,E02363,2025-12-23,SOAP,"S: Patient seen for well child visit. Reports intermittent pain. O: BP 158/83, HR 91. A: Patient with a history of chronic kidney disease. P: Adjust medication dose and recheck in 4 weeks."
N01397,P0412,E01143,2024-11-09,SOAP,"S: Patient seen for outpatient procedure. Reports intermittent pain. O: BP 130/84, HR 66. A: Patient with a history of hyperlipidemia. P: Continue current medications."
N01398,P0089,E02152,2024-06-13,SOAP,"S: Patient seen for emergency room admission. Reports feeling well. O: BP 152/97, HR 88. A: Patient with a history of type 2 diabetes. P: Continue current medications."
N01399,P0204,E03410,2023-01-22,SOAP,"S: Patient seen for chronic disease check. Reports poor sleep. O: BP 146/66, HR 59. A: Patient with a history of obesity. P: Refer to specialist."
N01400,P0035,E04983,2024-07-21,SOAP,"S: Patient seen for follow-up visit. Reports intermittent pain. O: BP 142/69, HR 61. A: Patient with a history of hypertension. P: Refer to specialist."
N01401,P0314,E04763,2024-02-13,SOAP,"S: Patient seen for physical therapy. Reports shortness of breath. O: BP 115/77, HR 102. A: Patient with a history of obesity. P: Continue current medications."
N01402,P0317,E01182,2024-07-15,SOAP,"S: Patient seen for chronic disease check. Reports intermittent pain. O: BP 163/76, HR 59. A: Patient with a history of COPD. P: Continue current medications."
N01403,P0230,E04923,2025-10-16,SOAP,"S: Patient seen for physical therapy. Reports poor sleep. O: BP 143/78, HR 59. A: Patient with a history of chronic kidney disease. P: Refer to specialist."
N01404,P0415,E02998,2025-12-24,SOAP,"S: Patient seen for emergency room admission. Reports intermittent pain. O: BP 108/81, HR 63. A: Patient with a history of depression. P: Order labs and follow up in 2 weeks."
N01405,P0402,E03592,2025-02-28,SOAP,"S: Patient seen for chronic disease check. Reports feeling well. O: BP 108/94, HR 60. A: Patient with a history of asthma. P: Adjust medication dose and recheck in 4 weeks."
N01406,P0495,E03627,2025-11-02,SOAP,"S: Patient seen for follow-up visit. Reports mild fatigue. O: BP 109/66, HR 80. A: Patient with no significant chronic conditions. P: Refer to specialist."
N01407,P0089,E04950,2025-02-05,SOAP,"S: Patient seen for imaging study. Reports feeling well. O: BP 118/70, HR 81. A: Patient with a history of type 2 diabetes. P: Refer to specialist."
N01408,P0274,E00865,2023-03-22,SOAP,"S: Patient seen for emergency room admission. Reports poor sleep. O: BP 134/85, HR 60. A: Patient with no significant chronic conditions. P: Reinforce diet and exercise counseling."
N01409,P0084,E03775,2023-04-14,SOAP,"S: Patient seen for physical therapy. Reports shortness of breath. O: BP 105/92, HR 86. A: Patient with no significant chronic conditions. P: Order labs and follow up in 2 weeks."
N01410,P0359,E03371,2025-06-17,SOAP,"S: Patient seen for emergency room admission. Reports feeling well. O: BP 122/72, HR 74. A: Patient with a history of type 2 diabetes. P: Refer to specialist."
N01411,P0292,E02988,2024-05-31,SOAP,"S: Patient seen for well child visit. Reports mild fatigue. O: BP 127/69, HR 79. A: Patient with no significant chronic conditions. P: Reinforce diet and exercise counseling."
N01412,P0167,E00517,2023-04-30,SOAP,"S: Patient seen for annual wellness visit. Reports feeling well. O: BP 141/87, HR 65. A: Patient with a history of obesity. P: Order labs and follow up in 2 weeks."
N01413,P0485,E04378,2024-10-06,SOAP,"S: Patient seen for follow-up visit. Reports mild fatigue. O: BP 164/94, HR 88. A: Patient with a history of type 2 diabetes. P: Refer to specialist."
N01414,P0414,E00935,2024-04-29,SOAP,"S: Patient seen for ed visit for chest pain. Reports mild fatigue. O: BP 109/86, HR 72. A: Patient with a history of hypertension. P: Continue current medications."
N01415,P0291,E03507,2023-09-12,SOAP,"S: Patient seen for urgent care visit. Reports shortness of breath. O: BP 112/71, HR 79. A: Patient with a history of depression. P: Reinforce diet and exercise counseling."
N01416,P0023,E00697,2024-01-21,SOAP,"S: Patient seen for annual wellness visit. Reports feeling well. O: BP 110/92, HR 69. A: Patient with no significant chronic conditions. P: Continue current medications."
N01417,P0253,E04856,2023-11-23,SOAP,"S: Patient seen for chronic disease check. Reports feeling well. O: BP 121/78, HR 81. A: Patient with no significant chronic conditions. P: Order labs and follow up in 2 weeks."
N01418,P0146,E02285,2023-10-05,SOAP,"S: Patient seen for follow-up visit. Reports mild fatigue. O: BP 121/72, HR 60. A: Patient with a history of hyperlipidemia. P: Reinforce diet and exercise counseling."
N01419,P0362,E04832,2025-08-17,SOAP,"S: Patient seen for physical therapy. Reports feeling well. O: BP 146/91, HR 78. A: Patient with a history of hypertension. P: Order labs and follow up in 2 weeks."
N01420,P0116,E03217,2025-09-11,SOAP,"S: Patient seen for urgent care visit. Reports intermittent pain. O: BP 149/96, HR 69. A: Patient with a history of heart failure. P: Continue current medications."
N01421,P0238,E01022,2023-08-21,SOAP,"S: Patient seen for hospital admission. Reports intermittent pain. O: BP 118/72, HR 102. A: Patient with no significant chronic conditions. P: Refer to specialist."
N01422,P0374,E02146,2023-11-23,SOAP,"S: Patient seen for emergency room admission. Reports shortness of breath. O: BP 117/96, HR 62. A: Patient with a history of chronic kidney disease. P: Continue current medications."
N01423,P0348,E03083,2023-05-21,SOAP,"S: Patient seen for chronic disease check. Reports mild fatigue. O: BP 105/93, HR 67. A: Patient with no significant chronic conditions. P: Adjust medication dose and recheck in 4 weeks."
N01424,P0226,E01318,2024-05-18,SOAP,"S: Patient seen for annual wellness visit. Reports feeling well. O: BP 139/84, HR 78. A: Patient with no significant chronic conditions. P: Refer to specialist."
N01425,P0048,E02884,2025-05-06,SOAP,"S: Patient seen for emergency room admission. Reports intermittent pain. O: BP 164/66, HR 93. A: Patient with a history of heart failure. P: Adjust medication dose and recheck in 4 weeks."
N01426,P0148,E03523,2024-07-29,SOAP,"S: Patient seen for well child visit. Reports shortness of breath. O: BP 151/67, HR 97. A: Patient with a history of osteoarthritis. P: Reinforce diet and exercise counseling."
N01427,P0157,E03299,2025-06-03,SOAP,"S: Patient seen for annual wellness visit. Reports poor sleep. O: BP 113/85, HR 72. A: Patient with a history of depression. P: Order labs and follow up in 2 weeks."
N01428,P0222,E01944,2025-03-09,SOAP,"S: Patient seen for hospital admission. Reports shortness of breath. O: BP 107/71, HR 101. A: Patient with a history of heart failure. P: Adjust medication dose and recheck in 4 weeks."
N01429,P0276,E04119,2023-10-12,SOAP,"S: Patient seen for annual wellness visit. Reports poor sleep. O: BP 152/80, HR 62. A: Patient with a history of asthma. P: Continue current medications."
N01430,P0180,E03147,2023-07-06,SOAP,"S: Patient seen for outpatient procedure. Reports feeling well. O: BP 154/82, HR 61. A: Patient with a history of obesity. P: Reinforce diet and exercise counseling."
N01431,P0045,E04479,2024-09-17,SOAP,"S: Patient seen for physical therapy. Reports poor sleep. O: BP 144/97, HR 65. A: Patient with a history of hyperlipidemia. P: Continue current medications."
N01432,P0165,E03130,2024-12-01,SOAP,"S: Patient seen for urgent care visit. Reports poor sleep. O: BP 133/72, HR 95. A: Patient with no significant chronic conditions. P: Adjust medication dose and recheck in 4 weeks."
N01433,P0143,E04890,2024-07-31,SOAP,"S: Patient seen for annual wellness visit. Reports mild fatigue. O: BP 138/98, HR 86. A: Patient with a history of hyperlipidemia. P: Adjust medication dose and recheck in 4 weeks."
N01434,P0105,E02358,2024-05-04,SOAP,"S: Patient seen for chronic disease check. Reports feeling well. O: BP 126/81, HR 97. A: Patient with a history of hyperlipidemia. P: Refer to specialist."
N01435,P0436,E01247,2025-06-04,SOAP,"S: Patient seen for imaging study. Reports intermittent pain. O: BP 121/77, HR 77. A: Patient with no significant chronic conditions. P: Adjust medication dose and recheck in 4 weeks."
N01436,P0439,E04892,2023-04-13,SOAP,"S: Patient seen for medication review. Reports feeling well. O: BP 114/90, HR 85. A: Patient with a history of heart failure. P: Refer to specialist."
N01437,P0358,E02396,2025-07-03,SOAP,"S: Patient seen for annual wellness visit. Reports mild fatigue. O: BP 135/80, HR 92. A: Patient with no significant chronic conditions. P: Refer to specialist."
N01438,P0292,E04991,2025-10-18,SOAP,"S: Patient seen for follow-up visit. Reports poor sleep. O: BP 159/90, HR 85. A: Patient with no significant chronic conditions. P: Order labs and follow up in 2 weeks."
N01439,P0030,E04651,2025-10-10,SOAP,"S: Patient seen for follow-up visit. Reports poor sleep. O: BP 109/70, HR 60. A: Patient with a history of COPD. P: Refer to specialist."
N01440,P0484,E04264,2025-06-26,SOAP,"S: Patient seen for emergency room admission. Reports feeling well. O: BP 154/75, HR 94. A: Patient with no significant chronic conditions. P: Refer to specialist."
N01441,P0174,E03915,2025-09-13,SOAP,"S: Patient seen for urgent care visit. Reports shortness of breath. O: BP 114/82, HR 70. A: Patient with a history of heart failure. P: Adjust medication dose and recheck in 4 weeks."
N01442,P0479,E01967,2025-02-03,SOAP,"S: Patient seen for chronic disease check. Reports shortness of breath. O: BP 136/95, HR 89. A: Patient with no significant chronic conditions. P: Continue current medications."
N01443,P0232,E03709,2023-05-22,SOAP,"S: Patient seen for urgent care visit. Reports poor sleep. O: BP 119/89, HR 87. A: Patient with a history of obesity. P: Reinforce diet and exercise counseling."
N01444,P0480,E02158,2024-06-24,SOAP,"S: Patient seen for emergency room admission. Reports poor sleep. O: BP 109/65, HR 89. A: Patient with no significant chronic conditions. P: Order labs and follow up in 2 weeks."
N01445,P0057,E01447,2023-06-07,SOAP,"S: Patient seen for outpatient procedure. Reports poor sleep. O: BP 149/73, HR 74. A: Patient with no significant chronic conditions. P: Continue current medications."
N01446,P0387,E02302,2023-08-18,SOAP,"S: Patient seen for admission for pneumonia. Reports poor sleep. O: BP 144/79, HR 98. A: Patient with no significant chronic conditions. P: Continue current medications."
N01447,P0183,E01801,2025-03-18,SOAP,"S: Patient seen for well child visit. Reports feeling well. O: BP 150/79, HR 70. A: Patient with a history of chronic kidney disease. P: Refer to specialist."
N01448,P0479,E04556,2023-06-08,SOAP,"S: Patient seen for well child visit. Reports intermittent pain. O: BP 134/76, HR 61. A: Patient with no significant chronic conditions. P: Continue current medications."
N01449,P0429,E04760,2023-01-04,SOAP,"S: Patient seen for annual wellness visit. Reports mild fatigue. O: BP 147/80, HR 85. A: Patient with a history of osteoarthritis. P: Reinforce diet and exercise counseling."
N01450,P0300,E04224,2023-07-30,SOAP,"S: Patient seen for ed visit for chest pain. Reports feeling well. O: BP 158/89, HR 99. A: Patient with a history of depression. P: Order labs and follow up in 2 weeks."
N01451,P0251,E04720,2023-08-15,SOAP,"S: Patient seen for medication review. Reports feeling well. O: BP 110/93, HR 67. A: Patient with no significant chronic conditions. P: Adjust medication dose and recheck in 4 weeks."
N01452,P0154,E00695,2025-11-29,SOAP,"S: Patient seen for well child visit. Reports intermittent pain. O: BP 151/72, HR 101. A: Patient with a history of osteoarthritis. P: Reinforce diet and exercise counseling."
N01453,P0342,E00508,2024-10-28,SOAP,"S: Patient seen for chronic disease check. Reports shortness of breath. O: BP 146/90, HR 61. A: Patient with no significant chronic conditions. P: Adjust medication dose and recheck in 4 weeks."
N01454,P0420,E00923,2024-06-17,SOAP,"S: Patient seen for annual wellness visit. Reports shortness of breath. O: BP 142/92, HR 65. A: Patient with a history of depression. P: Reinforce diet and exercise counseling."
N01455,P0055,E00458,2023-02-06,SOAP,"S: Patient seen for follow-up visit. Reports feeling well. O: BP 140/82, HR 58. A: Patient with a history of obesity. P: Continue current medications."
N01456,P0173,E01738,2025-11-14,SOAP,"S: Patient seen for urgent care visit. Reports poor sleep. O: BP 106/76, HR 100. A: Patient with no significant chronic conditions. P: Adjust medication dose and recheck in 4 weeks."
N01457,P0006,E03342,2025-09-16,SOAP,"S: Patient seen for hospital admission. Reports shortness of breath. O: BP 162/95, HR 71. A: Patient with a history of hypertension. P: Order labs and follow up in 2 weeks."
N01458,P0215,E03034,2025-11-18,SOAP,"S: Patient seen for chronic disease check. Reports feeling well. O: BP 154/98, HR 84. A: Patient with a history of hypertension. P: Order labs and follow up in 2 weeks."
N01459,P0481,E02269,2025-07-26,SOAP,"S: Patient seen for ed visit for chest pain. Reports mild fatigue. O: BP 118/87, HR 60. A: Patient with a history of chronic kidney disease. P: Adjust medication dose and recheck in 4 weeks."
N01460,P0069,E04414,2025-10-23,SOAP,"S: Patient seen for chronic disease check. Reports shortness of breath. O: BP 149/90, HR 99. A: Patient with a history of chronic kidney disease. P: Order labs and follow up in 2 weeks."
N01461,P0266,E00576,2023-03-26,SOAP,"S: Patient seen for chronic disease check. Reports shortness of breath. O: BP 105/86, HR 80. A: Patient with no significant chronic conditions. P: Order labs and follow up in 2 weeks."
N01462,P0305,E03950,2025-04-25,SOAP,"S: Patient seen for ed visit for chest pain. Reports poor sleep. O: BP 146/66, HR 99. A: Patient with a history of COPD. P: Continue current medications."
N01463,P0050,E03696,2023-07-05,SOAP,"S: Patient seen for ed visit for chest pain. Reports intermittent pain. O: BP 158/68, HR 101. A: Patient with no significant chronic conditions. P: Continue current medications."
N01464,P0486,E00222,2024-06-12,SOAP,"S: Patient seen for well child visit. Reports feeling well. O: BP 140/78, HR 60. A: Patient with a history of asthma. P: Reinforce diet and exercise counseling."
N01465,P0341,E02113,2025-10-13,SOAP,"S: Patient seen for urgent care visit. Reports poor sleep. O: BP 116/88, HR 61. A: Patient with a history of obesity. P: Order labs and follow up in 2 weeks."
N01466,P0042,E00027,2023-10-14,SOAP,"S: Patient seen for urgent care visit. Reports poor sleep. O: BP 158/67, HR 80. A: Patient with no significant chronic conditions. P: Reinforce diet and exercise counseling."
N01467,P0449,E02529,2024-04-23,SOAP,"S: Patient seen for follow-up visit. Reports shortness of breath. O: BP 164/83, HR 77. A: Patient with a history of type 2 diabetes. P: Refer to specialist."
N01468,P0225,E03317,2025-02-23,SOAP,"S: Patient seen for imaging study. Reports poor sleep. O: BP 141/83, HR 62. A: Patient with a history of COPD. P: Continue current medications."
N01469,P0464,E02442,2025-07-09,SOAP,"S: Patient seen for chronic disease check. Reports intermittent pain. O: BP 118/91, HR 62. A: Patient with no significant chronic conditions. P: Adjust medication dose and recheck in 4 weeks."
N01470,P0220,E00857,2025-01-02,SOAP,"S: Patient seen for urgent care visit. Reports feeling well. O: BP 128/65, HR 102. A: Patient with a history of depression. P: Order labs and follow up in 2 weeks."
N01471,P0264,E01829,2024-02-29,SOAP,"S: Patient seen for annual wellness visit. Reports poor sleep. O: BP 145/67, HR 86. A: Patient with a history of hyperlipidemia. P: Adjust medication dose and recheck in 4 weeks."
N01472,P0498,E03845,2025-04-17,SOAP,"S: Patient seen for follow-up visit. Reports feeling well. O: BP 142/72, HR 98. A: Patient with a history of asthma. P: Order labs and follow up in 2 weeks."
N01473,P0191,E01526,2024-06-12,SOAP,"S: Patient seen for ed visit for chest pain. Reports feeling well. O: BP 152/84, HR 97. A: Patient with no significant chronic conditions. P: Reinforce diet and exercise counseling."
N01474,P0476,E03618,2025-03-17,SOAP,"S: Patient seen for medication review. Reports mild fatigue. O: BP 131/96, HR 91. A: Patient with a history of depression. P: Reinforce diet and exercise counseling."
N01475,P0460,E02559,2023-05-15,SOAP,"S: Patient seen for emergency room admission. Reports poor sleep. O: BP 105/80, HR 66. A: Patient with a history of obesity. P: Refer to specialist."
N01476,P0289,E00950,2023-03-14,SOAP,"S: Patient seen for emergency room admission. Reports shortness of breath. O: BP 133/82, HR 94. A: Patient with a history of heart failure. P: Continue current medications."
N01477,P0259,E00306,2025-12-23,SOAP,"S: Patient seen for annual wellness visit. Reports feeling well. O: BP 154/95, HR 85. A: Patient with a history of obesity. P: Continue current medications."
N01478,P0124,E01840,2025-08-30,SOAP,"S: Patient seen for urgent care visit. Reports intermittent pain. O: BP 128/66, HR 102. A: Patient with no significant chronic conditions. P: Order labs and follow up in 2 weeks."
N01479,P0448,E04085,2024-08-04,SOAP,"S: Patient seen for well child visit. Reports intermittent pain. O: BP 117/96, HR 79. A: Patient with a history of hyperlipidemia. P: Continue current medications."
N01480,P0201,E04483,2024-09-24,SOAP,"S: Patient seen for medication review. Reports feeling well. O: BP 126/93, HR 80. A: Patient with a history of chronic kidney disease. P: Adjust medication dose and recheck in 4 weeks."
N01481,P0143,E01236,2025-03-31,SOAP,"S: Patient seen for well child visit. Reports mild fatigue. O: BP 144/85, HR 61. A: Patient with a history of hyperlipidemia. P: Adjust medication dose and recheck in 4 weeks."
N01482,P0066,E01106,2025-02-25,SOAP,"S: Patient seen for medication review. Reports mild fatigue. O: BP 157/90, HR 60. A: Patient with a history of depression. P: Reinforce diet and exercise counseling."
N01483,P0262,E02927,2025-05-22,SOAP,"S: Patient seen for well child visit. Reports poor sleep. O: BP 108/78, HR 85. A: Patient with no significant chronic conditions. P: Adjust medication dose and recheck in 4 weeks."
N01484,P0238,E03965,2025-06-10,SOAP,"S: Patient seen for chronic disease check. Reports intermittent pain. O: BP 140/92, HR 86. A: Patient with no significant chronic conditions. P: Order labs and follow up in 2 weeks."
N01485,P0474,E02231,2025-01-28,SOAP,"S: Patient seen for hospital admission. Reports shortness of breath. O: BP 135/88, HR 71. A: Patient with a history of osteoarthritis. P: Refer to specialist."
N01486,P0018,E04503,2024-01-10,SOAP,"S: Patient seen for urgent care visit. Reports feeling well. O: BP 161/85, HR 73. A: Patient with a history of COPD. P: Refer to specialist."
N01487,P0407,E03223,2023-12-16,SOAP,"S: Patient seen for hospital admission. Reports shortness of breath. O: BP 123/77, HR 96. A: Patient with a history of obesity. P: Refer to specialist."
N01488,P0282,E04272,2025-07-01,SOAP,"S: Patient seen for follow-up visit. Reports shortness of breath. O: BP 105/98, HR 64. A: Patient with a history of obesity. P: Adjust medication dose and recheck in 4 weeks."
N01489,P0294,E03294,2024-07-21,SOAP,"S: Patient seen for physical therapy. Reports feeling well. O: BP 134/99, HR 60. A: Patient with a history of hypertension. P: Adjust medication dose and recheck in 4 weeks."
N01490,P0267,E01010,2025-07-18,SOAP,"S: Patient seen for annual wellness visit. Reports mild fatigue. O: BP 136/99, HR 63. A: Patient with a history of COPD. P: Continue current medications."
N01491,P0057,E04643,2025-01-17,SOAP,"S: Patient seen for imaging study. Reports feeling well. O: BP 105/80, HR 98. A: Patient with no significant chronic conditions. P: Continue current medications."
N01492,P0222,E00013,2025-03-08,SOAP,"S: Patient seen for medication review. Reports feeling well. O: BP 137/74, HR 73. A: Patient with a history of heart failure. P: Adjust medication dose and recheck in 4 weeks."
N01493,P0077,E04180,2023-09-04,SOAP,"S: Patient seen for well child visit. Reports feeling well. O: BP 157/90, HR 58. A: Patient with a history of chronic kidney disease. P: Refer to specialist."
N01494,P0310,E04493,2024-06-05,SOAP,"S: Patient seen for ed visit for chest pain. Reports poor sleep. O: BP 106/94, HR 80. A: Patient with a history of heart failure. P: Reinforce diet and exercise counseling."
N01495,P0279,E02614,2024-07-24,SOAP,"S: Patient seen for medication review. Reports poor sleep. O: BP 139/87, HR 65. A: Patient with a history of COPD. P: Order labs and follow up in 2 weeks."
N01496,P0068,E04089,2024-11-29,SOAP,"S: Patient seen for well child visit. Reports shortness of breath. O: BP 110/66, HR 89. A: Patient with no significant chronic conditions. P: Order labs and follow up in 2 weeks."
N01497,P0248,E02663,2024-10-19,SOAP,"S: Patient seen for medication review. Reports intermittent pain. O: BP 124/82, HR 96. A: Patient with a history of asthma. P: Order labs and follow up in 2 weeks."
N01498,P0452,E01793,2023-11-27,SOAP,"S: Patient seen for follow-up visit. Reports intermittent pain. O: BP 119/83, HR 100. A: Patient with no significant chronic conditions. P: Continue current medications."
N01499,P0170,E03033,2024-07-28,SOAP,"S: Patient seen for physical therapy. Reports feeling well. O: BP 132/74, HR 66. A: Patient with no significant chronic conditions. P: Order labs and follow up in 2 weeks."
N01500,P0214,E04605,2023-09-25,SOAP,"S: Patient seen for annual wellness visit. Reports shortness of breath. O: BP 149/93, HR 66. A: Patient with a history of heart failure. P: Adjust medication dose and recheck in 4 weeks."
