ENCOUNTER_ID,PATIENT_ID,START_TS,STOP_TS,ENCOUNTER_CLASS,DESCRIPTION,TOTAL_COST,PAYER_COVERAGE
E00001,P0079,2023-04-15 17:40:00,2023-04-15 22:40:00,emergency,ED visit for chest pain,5200.01,3620.35
E00002,P0294,2023-05-30 19:04:00,2023-05-30 22:04:00,ambulatory,Follow-up visit,267.11,0
E00003,P0267,2025-10-31 09:43:00,2025-10-31 13:43:00,wellness,Well child visit,176.89,94.95
E00004,P0114,2024-11-10 12:39:00,2024-11-10 15:39:00,emergency,ED visit for chest pain,2397.23,2154.28
E00005,P0422,2023-01-19 08:57:00,2023-01-19 11:57:00,urgentcare,Urgent care visit,350.55,309.73
E00006,P0350,2025-02-20 08:56:00,2025-02-20 12:56:00,emergency,ED visit for chest pain,2208.61,1126.13
E00007,P0265,2025-02-06 15:46:00,2025-02-06 20:46:00,urgentcare,Urgent care visit,350.5,0
E00008,P0152,2024-01-30 12:28:00,2024-01-30 17:28:00,emergency,Emergency room admission,1319.96,748.36
E00009,P0490,2025-12-28 07:07:00,2025-12-28 08:07:00,urgentcare,Urgent care visit,244.85,207.14
E00010,P0218,2024-02-26 16:10:00,2024-02-26 20:10:00,urgentcare,Urgent care visit,440.95,352.21
E00011,P0079,2024-11-10 07:38:00,2024-11-10 08:38:00,wellness,Annual wellness visit,101.72,83.18
E00012,P0286,2024-04-11 11:24:00,2024-04-11 15:24:00,wellness,Well child visit,152.09,0
E00013,P0222,2025-03-08 18:29:00,2025-03-08 19:29:00,ambulatory,Medication review,269.75,212.59
E00014,P0033,2023-04-04 18:57:00,2023-04-04 19:57:00,urgentcare,Urgent care visit,310.97,191.54
E00015,P0352,2023-06-27 11:48:00,2023-06-27 15:48:00,ambulatory,Medication review,226.8,116.2
E00016,P0081,2023-10-07 19:44:00,2023-10-07 23:44:00,ambulatory,Medication review,343.1,212.03
E00017,P0325,2025-02-03 07:11:00,2025-02-03 12:11:00,wellness,Annual wellness visit,229.96,126.32
E00018,P0003,2025-03-18 16:10:00,2025-03-18 21:10:00,ambulatory,Chronic disease check,385.15,224.94
E00019,P0380,2024-12-05 10:36:00,2024-12-05 14:36:00,emergency,Emergency room admission,5518.7,3114.65
E00020,P0114,2024-06-01 10:18:00,2024-06-01 11:18:00,outpatient,Physical therapy,698.99,587.78
E00021,P0436,2025-08-02 18:00:00,2025-08-02 23:00:00,urgentcare,Urgent care visit,182.92,109.8
E00022,P0102,2025-09-24 12:38:00,2025-09-24 15:38:00,outpatient,Physical therapy,582.07,345.64
E00023,P0146,2024-02-01 12:25:00,2024-02-01 16:25:00,outpatient,Physical therapy,1291.42,986.35
E00024,P0356,2025-01-16 12:23:00,2025-01-16 16:23:00,ambulatory,Chronic disease check,167.22,100.08
E00025,P0114,2025-06-12 11:43:00,2025-06-12 14:43:00,outpatient,Physical therapy,595.47,376.71
E00026,P0246,2025-01-04 12:12:00,2025-01-04 16:12:00,ambulatory,Follow-up visit,274.47,208.11
E00027,P0042,2023-10-14 16:11:00,2023-10-14 18:11:00,urgentcare,Urgent care visit,268.46,212.34
E00028,P0457,2025-11-04 17:46:00,2025-11-04 18:46:00,wellness,Well child visit,220.02,177.71
E00029,P0109,2024-06-17 16:16:00,2024-06-17 21:16:00,emergency,Emergency room admission,3307.73,2137.88
E00030,P0115,2024-08-18 09:17:00,2024-08-18 13:17:00,emergency,Emergency room admission,3455.73,2276.34
E00031,P0258,2024-05-04 17:28:00,2024-05-04 19:28:00,wellness,Annual wellness visit,211.15,143.26
E00032,P0092,2023-10-27 19:33:00,2023-10-27 23:33:00,ambulatory,Follow-up visit,382.97,0
E00033,P0113,2024-04-19 08:04:00,2024-04-19 11:04:00,urgentcare,Urgent care visit,316.25,242.7
E00034,P0266,2025-01-09 13:37:00,2025-01-09 17:37:00,emergency,Emergency room admission,5581.3,2879.74
E00035,P0333,2025-12-03 17:48:00,2025-12-03 20:48:00,ambulatory,Chronic disease check,353.76,258.76
E00036,P0292,2025-02-14 13:14:00,2025-02-14 18:14:00,wellness,Annual wellness visit,194.53,137.47
E00037,P0193,2024-04-01 15:48:00,2024-04-07 22:48:00,inpatient,Admission for pneumonia,17998.53,12504.38
E00038,P0247,2023-01-14 15:33:00,2023-01-14 17:33:00,emergency,Emergency room admission,3143.48,1668.67
E00039,P0330,2023-11-04 10:11:00,2023-11-04 12:11:00,wellness,Annual wellness visit,147.96,113.11
E00040,P0213,2023-08-21 15:13:00,2023-08-21 19:13:00,urgentcare,Urgent care visit,365.56,277.42
E00041,P0211,2023-03-30 09:10:00,2023-03-30 14:10:00,wellness,Annual wellness visit,184.78,138.92
E00042,P0021,2023-10-28 07:57:00,2023-10-28 09:57:00,emergency,Emergency room admission,2217.12,1566.74
E00043,P0208,2023-02-08 19:16:00,2023-02-08 22:16:00,ambulatory,Follow-up visit,385.23,261.83
E00044,P0242,2023-12-16 10:44:00,2023-12-16 14:44:00,emergency,Emergency room admission,3964.28,2970.37
E00045,P0262,2024-12-02 14:44:00,2024-12-02 19:44:00,wellness,Annual wellness visit,184.5,120.16
E00046,P0068,2024-02-19 15:55:00,2024-02-19 20:55:00,wellness,Annual wellness visit,199.5,148.07
E00047,P0091,2023-03-21 16:04:00,2023-03-21 21:04:00,ambulatory,Follow-up visit,330.67,229.12
E00048,P0067,2023-01-03 18:34:00,2023-01-03 22:34:00,emergency,ED visit for chest pain,3562.43,3027.82
E00049,P0358,2024-04-14 15:13:00,2024-04-14 19:13:00,ambulatory,Medication review,218.14,188.29
E00050,P0429,2023-07-20 14:15:00,2023-07-20 16:15:00,outpatient,Outpatient procedure,859.94,743.02
E00051,P0043,2025-04-16 11:23:00,2025-04-16 13:23:00,wellness,Annual wellness visit,90.88,66.45
E00052,P0061,2025-02-07 18:10:00,2025-02-07 20:10:00,ambulatory,Chronic disease check,312.57,207.4
E00053,P0055,2024-06-03 11:27:00,2024-06-03 16:27:00,wellness,Well child visit,157.77,117.5
E00054,P0349,2024-02-22 14:03:00,2024-02-22 19:03:00,ambulatory,Chronic disease check,339.46,194.0
E00055,P0287,2024-06-03 12:14:00,2024-06-03 17:14:00,ambulatory,Medication review,216.42,142.68
E00056,P0071,2023-09-01 19:45:00,2023-09-01 21:45:00,emergency,Emergency room admission,3177.63,1716.27
E00057,P0261,2024-11-24 16:23:00,2024-11-24 21:23:00,ambulatory,Medication review,315.18,164.15
E00058,P0200,2023-01-11 08:33:00,2023-01-14 21:33:00,inpatient,Admission for pneumonia,22036.73,11795.3
E00059,P0135,2023-06-13 17:23:00,2023-06-13 18:23:00,wellness,Well child visit,205.92,153.53
E00060,P0267,2023-04-28 09:59:00,2023-04-28 13:59:00,wellness,Annual wellness visit,160.24,134.64
E00061,P0477,2024-08-08 10:19:00,2024-08-08 11:19:00,urgentcare,Urgent care visit,502.78,375.11
E00062,P0346,2024-05-04 18:10:00,2024-05-04 19:10:00,wellness,Annual wellness visit,246.1,221.18
E00063,P0400,2025-03-20 13:55:00,2025-03-20 18:55:00,ambulatory,Follow-up visit,176.09,139.95
E00064,P0036,2024-08-05 19:23:00,2024-08-06 00:23:00,emergency,ED visit for chest pain,5566.55,3556.97
E00065,P0418,2024-02-03 14:45:00,2024-02-03 18:45:00,wellness,Well child visit,181.99,103.74
E00066,P0260,2023-05-29 15:35:00,2023-05-29 18:35:00,wellness,Annual wellness visit,144.39,118.57
E00067,P0490,2024-05-27 18:50:00,2024-05-27 22:50:00,wellness,Well child visit,244.57,197.61
E00068,P0388,2025-07-28 18:37:00,2025-07-28 22:37:00,ambulatory,Follow-up visit,371.03,257.05
E00069,P0133,2024-03-27 18:33:00,2024-03-27 20:33:00,wellness,Well child visit,218.03,192.34
E00070,P0265,2024-06-23 11:14:00,2024-06-23 14:14:00,ambulatory,Medication review,146.04,0
E00071,P0384,2023-06-05 16:27:00,2023-06-05 18:27:00,urgentcare,Urgent care visit,364.45,214.09
E00072,P0294,2024-01-25 15:30:00,2024-01-25 17:30:00,wellness,Annual wellness visit,127.58,0
E00073,P0447,2024-04-14 10:27:00,2024-04-14 12:27:00,wellness,Well child visit,223.81,125.87
E00074,P0055,2023-06-10 18:32:00,2023-06-10 22:32:00,wellness,Annual wellness visit,188.21,157.95
E00075,P0191,2025-10-05 16:48:00,2025-10-05 19:48:00,outpatient,Physical therapy,1379.77,844.57
E00076,P0114,2023-09-20 07:55:00,2023-09-20 12:55:00,urgentcare,Urgent care visit,509.67,446.4
E00077,P0017,2025-03-17 18:42:00,2025-03-17 20:42:00,ambulatory,Follow-up visit,248.01,193.27
E00078,P0236,2023-01-18 07:12:00,2023-01-18 09:12:00,ambulatory,Follow-up visit,226.24,142.57
E00079,P0314,2024-01-19 16:21:00,2024-01-19 19:21:00,emergency,ED visit for chest pain,2109.41,1863.48
E00080,P0176,2025-10-18 14:14:00,2025-10-18 16:14:00,ambulatory,Chronic disease check,237.35,153.34
E00081,P0206,2024-01-04 16:45:00,2024-01-04 18:45:00,wellness,Annual wellness visit,246.68,203.68
E00082,P0370,2024-04-27 16:28:00,2024-04-27 20:28:00,wellness,Annual wellness visit,227.01,126.75
E00083,P0492,2025-08-26 07:09:00,2025-08-26 09:09:00,outpatient,Outpatient procedure,1227.35,1102.44
E00084,P0435,2025-12-29 19:17:00,2025-12-29 22:17:00,outpatient,Imaging study,2027.73,1217.43
E00085,P0440,2025-03-26 08:41:00,2025-03-26 10:41:00,ambulatory,Chronic disease check,136.81,94.48
E00086,P0323,2024-11-16 11:26:00,2024-11-16 14:26:00,wellness,Well child visit,147.65,94.15
E00087,P0211,2024-02-12 16:50:00,2024-02-12 21:50:00,wellness,Annual wellness visit,193.98,172.98
E00088,P0146,2025-11-11 15:19:00,2025-11-11 19:19:00,ambulatory,Chronic disease check,369.1,275.15
E00089,P0238,2023-10-24 09:51:00,2023-10-24 12:51:00,outpatient,Physical therapy,1228.0,894.79
E00090,P0435,2023-06-12 09:45:00,2023-06-12 12:45:00,emergency,ED visit for chest pain,2063.91,1571.06
E00091,P0364,2025-03-20 11:37:00,2025-03-20 15:37:00,wellness,Well child visit,214.96,0
E00092,P0383,2025-07-11 14:03:00,2025-07-11 16:03:00,ambulatory,Follow-up visit,171.49,94.32
E00093,P0121,2023-06-13 10:35:00,2023-06-13 12:35:00,outpatient,Outpatient procedure,1173.5,616.69
E00094,P0450,2023-04-21 07:26:00,2023-04-21 11:26:00,ambulatory,Follow-up visit,266.72,144.45
E00095,P0317,2025-03-09 12:16:00,2025-03-09 14:16:00,wellness,Well child visit,129.58,87.76
E00096,P0065,2023-12-16 07:29:00,2023-12-16 08:29:00,wellness,Well child visit,196.17,165.9
E00097,P0240,2024-07-11 16:21:00,2024-07-18 09:21:00,inpatient,Hospital admission,10593.91,7800.64
E00098,P0234,2025-06-09 15:56:00,2025-06-09 20:56:00,outpatient,Imaging study,981.25,679.67
E00099,P0117,2025-06-23 12:15:00,2025-06-23 15:15:00,urgentcare,Urgent care visit,335.49,208.48
E00100,P0001,2023-10-07 12:52:00,2023-10-07 15:52:00,ambulatory,Follow-up visit,251.38,194.85
E00101,P0252,2025-09-04 12:06:00,2025-09-04 13:06:00,emergency,ED visit for chest pain,4805.93,3550.63
E00102,P0408,2025-02-04 10:13:00,2025-02-04 14:13:00,wellness,Well child visit,231.15,152.07
E00103,P0084,2025-03-09 13:27:00,2025-03-09 15:27:00,outpatient,Imaging study,878.56,659.03
E00104,P0265,2024-07-10 11:51:00,2024-07-10 16:51:00,urgentcare,Urgent care visit,513.96,0
E00105,P0097,2024-01-09 09:19:00,2024-01-09 12:19:00,emergency,ED visit for chest pain,1462.82,1092.86
E00106,P0140,2025-10-04 10:12:00,2025-10-04 13:12:00,outpatient,Outpatient procedure,342.67,304.25
E00107,P0012,2023-07-29 11:48:00,2023-07-29 14:48:00,wellness,Well child visit,110.01,87.0
E00108,P0120,2023-01-31 15:25:00,2023-01-31 17:25:00,wellness,Well child visit,144.71,117.84
E00109,P0256,2025-08-07 18:53:00,2025-08-10 02:53:00,inpatient,Hospital admission,17228.45,9000.41
E00110,P0398,2025-08-20 10:05:00,2025-08-20 12:05:00,ambulatory,Chronic disease check,370.8,306.61
E00111,P0425,2024-05-24 13:34:00,2024-05-24 17:34:00,wellness,Annual wellness visit,129.55,75.1
E00112,P0377,2025-12-03 18:21:00,2025-12-03 20:21:00,urgentcare,Urgent care visit,362.77,317.24
E00113,P0082,2023-03-28 19:42:00,2023-03-29 00:42:00,outpatient,Imaging study,1446.04,1001.37
E00114,P0153,2023-04-17 18:22:00,2023-04-17 20:22:00,wellness,Annual wellness visit,245.72,185.07
E00115,P0167,2024-07-19 16:58:00,2024-07-19 17:58:00,wellness,Annual wellness visit,153.33,77.21
E00116,P0022,2025-08-31 18:44:00,2025-08-31 23:44:00,ambulatory,Follow-up visit,163.4,97.96
E00117,P0256,2024-11-24 19:57:00,2024-11-24 20:57:00,wellness,Annual wellness visit,99.56,77.71
E00118,P0406,2025-09-26 10:58:00,2025-09-26 13:58:00,wellness,Well child visit,247.07,0
E00119,P0413,2024-01-31 07:21:00,2024-01-31 11:21:00,emergency,Emergency room admission,2726.65,1636.75
E00120,P0021,2025-06-15 16:32:00,2025-06-15 19:32:00,ambulatory,Chronic disease check,271.97,156.63
E00121,P0096,2024-10-24 19:29:00,2024-10-24 23:29:00,ambulatory,Medication review,197.09,170.64
E00122,P0284,2025-12-23 09:38:00,2025-12-23 13:38:00,wellness,Well child visit,137.31,98.4
E00123,P0233,2025-11-02 13:28:00,2025-11-02 15:28:00,wellness,Well child visit,231.27,187.42
E00124,P0123,2023-05-10 18:14:00,2023-05-10 23:14:00,ambulatory,Follow-up visit,349.33,0
E00125,P0269,2023-11-12 17:27:00,2023-11-12 20:27:00,outpatient,Physical therapy,1009.72,634.92
E00126,P0050,2023-05-17 07:44:00,2023-05-17 09:44:00,ambulatory,Follow-up visit,170.02,98.75
E00127,P0249,2023-03-07 16:44:00,2023-03-07 20:44:00,wellness,Well child visit,195.27,101.47
E00128,P0114,2023-05-26 07:13:00,2023-05-26 09:13:00,outpatient,Outpatient procedure,1742.65,1197.59
E00129,P0328,2025-05-01 13:17:00,2025-05-01 14:17:00,wellness,Well child visit,221.78,157.82
E00130,P0376,2024-09-14 08:19:00,2024-09-14 10:19:00,wellness,Annual wellness visit,243.69,131.71
E00131,P0119,2024-01-24 10:17:00,2024-01-24 15:17:00,ambulatory,Medication review,303.93,227.99
E00132,P0092,2025-04-30 19:44:00,2025-04-30 20:44:00,ambulatory,Medication review,334.56,0
E00133,P0184,2025-05-24 08:46:00,2025-05-24 10:46:00,outpatient,Physical therapy,2043.42,1349.93
E00134,P0173,2025-12-29 17:14:00,2025-12-29 21:14:00,outpatient,Imaging study,2353.74,1694.77
E00135,P0167,2025-04-24 17:48:00,2025-04-24 21:48:00,urgentcare,Urgent care visit,521.77,387.87
E00136,P0289,2025-02-07 16:23:00,2025-02-07 19:23:00,ambulatory,Chronic disease check,220.8,149.92
E00137,P0204,2023-03-12 11:51:00,2023-03-12 16:51:00,wellness,Annual wellness visit,92.61,83.1
E00138,P0155,2024-03-30 10:39:00,2024-03-30 13:39:00,wellness,Well child visit,93.47,81.1
E00139,P0262,2023-11-13 08:36:00,2023-11-13 09:36:00,ambulatory,Follow-up visit,248.9,138.23
E00140,P0188,2024-05-26 10:58:00,2024-05-26 13:58:00,emergency,Emergency room admission,5036.48,3667.54
E00141,P0292,2023-06-08 19:20:00,2023-06-08 22:20:00,emergency,Emergency room admission,4943.81,3437.48
E00142,P0461,2023-07-15 17:09:00,2023-07-15 20:09:00,outpatient,Physical therapy,382.22,249.44
E00143,P0400,2024-11-15 12:56:00,2024-11-15 16:56:00,wellness,Annual wellness visit,156.64,132.82
E00144,P0117,2023-01-24 17:49:00,2023-01-24 21:49:00,outpatient,Physical therapy,419.08,216.44
E00145,P0277,2024-10-31 15:34:00,2024-10-31 17:34:00,ambulatory,Medication review,162.9,129.12
E00146,P0202,2025-10-30 08:32:00,2025-11-03 16:32:00,inpatient,Admission for pneumonia,20685.81,11567.61
E00147,P0173,2023-04-11 16:21:00,2023-04-11 20:21:00,wellness,Well child visit,132.01,92.5
E00148,P0397,2023-10-04 15:12:00,2023-10-04 20:12:00,outpatient,Imaging study,735.84,559.9
E00149,P0101,2025-12-09 11:12:00,2025-12-09 13:12:00,ambulatory,Chronic disease check,140.06,88.15
E00150,P0474,2023-08-19 18:27:00,2023-08-19 22:27:00,ambulatory,Chronic disease check,238.59,137.47
E00151,P0177,2023-02-19 12:12:00,2023-02-19 14:12:00,ambulatory,Medication review,396.54,0
E00152,P0421,2025-06-24 17:38:00,2025-06-28 06:38:00,inpatient,Hospital admission,20975.76,12163.3
E00153,P0192,2023-06-25 08:55:00,2023-06-25 09:55:00,wellness,Annual wellness visit,128.89,109.23
E00154,P0420,2024-12-04 18:50:00,2024-12-04 19:50:00,wellness,Well child visit,138.82,70.67
E00155,P0108,2024-03-09 10:28:00,2024-03-09 15:28:00,outpatient,Imaging study,1451.18,1044.15
E00156,P0319,2023-10-17 18:51:00,2023-10-17 19:51:00,outpatient,Physical therapy,1128.53,802.07
E00157,P0131,2024-08-04 10:25:00,2024-08-04 15:25:00,wellness,Well child visit,133.41,101.65
E00158,P0005,2024-07-09 18:18:00,2024-07-09 21:18:00,wellness,Annual wellness visit,228.29,140.85
E00159,P0453,2024-04-18 13:29:00,2024-04-18 18:29:00,outpatient,Outpatient procedure,2448.55,2109.55
E00160,P0249,2025-12-24 08:30:00,2025-12-24 10:30:00,emergency,ED visit for chest pain,1914.26,1386.45
E00161,P0365,2024-05-21 16:02:00,2024-05-21 19:02:00,wellness,Well child visit,143.37,114.37
E00162,P0010,2024-12-21 13:03:00,2024-12-21 16:03:00,ambulatory,Medication review,186.14,113.61
E00163,P0032,2025-03-03 07:30:00,2025-03-03 12:30:00,outpatient,Outpatient procedure,2388.06,1338.95
E00164,P0460,2023-10-09 08:29:00,2023-10-09 12:29:00,ambulatory,Medication review,265.8,198.02
E00165,P0321,2025-05-04 11:06:00,2025-05-04 16:06:00,outpatient,Imaging study,636.05,549.48
E00166,P0169,2023-09-27 10:31:00,2023-09-27 12:31:00,ambulatory,Medication review,282.69,231.82
E00167,P0442,2025-12-08 09:18:00,2025-12-08 13:18:00,wellness,Annual wellness visit,249.31,190.1
E00168,P0290,2024-10-12 08:09:00,2024-10-12 13:09:00,emergency,Emergency room admission,3618.1,2075.54
E00169,P0430,2023-03-02 12:26:00,2023-03-02 16:26:00,emergency,ED visit for chest pain,5802.1,3929.19
E00170,P0479,2024-07-14 09:35:00,2024-07-14 11:35:00,urgentcare,Urgent care visit,198.05,101.1
E00171,P0314,2024-04-17 17:10:00,2024-04-17 19:10:00,outpatient,Outpatient procedure,808.01,520.12
E00172,P0353,2023-10-02 15:34:00,2023-10-02 20:34:00,urgentcare,Urgent care visit,360.94,207.03
E00173,P0199,2023-10-09 09:47:00,2023-10-09 11:47:00,ambulatory,Chronic disease check,183.36,147.75
E00174,P0008,2025-04-25 10:47:00,2025-04-25 12:47:00,emergency,Emergency room admission,4764.66,0
E00175,P0091,2025-06-18 17:31:00,2025-06-18 21:31:00,emergency,ED visit for chest pain,4408.1,3769.08
E00176,P0219,2023-03-27 17:22:00,2023-03-27 21:22:00,ambulatory,Chronic disease check,321.66,239.51
E00177,P0381,2025-12-11 17:56:00,2025-12-11 18:56:00,ambulatory,Chronic disease check,265.78,181.46
E00178,P0450,2024-05-18 15:51:00,2024-05-18 20:51:00,wellness,Annual wellness visit,153.3,110.85
E00179,P0265,2023-04-11 10:14:00,2023-04-11 13:14:00,urgentcare,Urgent care visit,347.8,0
E00180,P0397,2025-08-02 09:50:00,2025-08-02 13:50:00,urgentcare,Urgent care visit,282.49,219.21
E00181,P0463,2025-07-14 08:32:00,2025-07-14 13:32:00,wellness,Annual wellness visit,108.11,71.05
E00182,P0166,2024-01-02 14:44:00,2024-01-02 19:44:00,ambulatory,Follow-up visit,371.05,316.51
E00183,P0047,2023-12-02 19:15:00,2023-12-02 20:15:00,wellness,Well child visit,104.59,78.82
E00184,P0044,2025-02-25 19:24:00,2025-02-26 00:24:00,ambulatory,Follow-up visit,291.38,189.83
E00185,P0195,2023-12-16 12:43:00,2023-12-16 17:43:00,wellness,Annual wellness visit,229.41,129.58
E00186,P0075,2023-04-16 14:09:00,2023-04-16 17:09:00,wellness,Well child visit,139.52,85.88
E00187,P0093,2023-09-27 10:27:00,2023-09-27 11:27:00,wellness,Well child visit,189.61,95.73
E00188,P0255,2023-01-12 17:22:00,2023-01-12 21:22:00,emergency,ED visit for chest pain,2113.18,1440.12
E00189,P0227,2023-01-14 11:10:00,2023-01-14 16:10:00,wellness,Annual wellness visit,134.5,69.88
E00190,P0076,2024-12-15 07:37:00,2024-12-15 09:37:00,wellness,Well child visit,226.61,143.32
E00191,P0045,2025-05-03 10:02:00,2025-05-03 12:02:00,wellness,Annual wellness visit,197.53,175.11
E00192,P0384,2023-03-15 08:35:00,2023-03-15 11:35:00,ambulatory,Chronic disease check,210.39,174.23
E00193,P0389,2023-05-13 11:59:00,2023-05-13 15:59:00,ambulatory,Medication review,157.67,133.04
E00194,P0169,2025-12-10 10:34:00,2025-12-10 12:34:00,ambulatory,Follow-up visit,291.38,212.28
E00195,P0323,2023-06-29 15:15:00,2023-06-29 20:15:00,ambulatory,Medication review,381.49,234.57
E00196,P0312,2024-06-15 15:58:00,2024-06-15 20:58:00,urgentcare,Urgent care visit,597.76,0
E00197,P0475,2025-10-13 15:52:00,2025-10-13 19:52:00,wellness,Annual wellness visit,168.8,144.06
E00198,P0120,2024-02-01 07:01:00,2024-02-01 08:01:00,outpatient,Physical therapy,352.77,288.81
E00199,P0378,2025-04-29 14:03:00,2025-04-29 15:03:00,urgentcare,Urgent care visit,300.21,151.46
E00200,P0104,2024-06-05 08:09:00,2024-06-05 11:09:00,outpatient,Physical therapy,960.62,604.78
E00201,P0004,2024-11-13 12:49:00,2024-11-13 16:49:00,wellness,Annual wellness visit,205.9,171.48
E00202,P0100,2024-11-23 18:28:00,2024-11-23 22:28:00,ambulatory,Follow-up visit,376.53,285.51
E00203,P0247,2025-08-01 16:09:00,2025-08-01 19:09:00,wellness,Well child visit,164.0,142.86
E00204,P0029,2024-09-05 16:38:00,2024-09-05 19:38:00,urgentcare,Urgent care visit,399.83,233.22
E00205,P0351,2024-12-25 08:07:00,2024-12-25 10:07:00,ambulatory,Follow-up visit,198.53,126.2
E00206,P0193,2023-12-06 16:44:00,2023-12-06 21:44:00,outpatient,Physical therapy,1157.05,632.6
E00207,P0401,2024-10-06 19:06:00,2024-10-06 20:06:00,urgentcare,Urgent care visit,272.17,190.2
E00208,P0122,2024-09-11 10:41:00,2024-09-11 15:41:00,ambulatory,Follow-up visit,204.65,132.96
E00209,P0020,2023-07-09 14:34:00,2023-07-09 19:34:00,urgentcare,Urgent care visit,161.22,138.97
E00210,P0079,2025-09-17 19:30:00,2025-09-18 00:30:00,wellness,Well child visit,139.66,77.84
E00211,P0447,2025-11-23 18:32:00,2025-11-23 20:32:00,wellness,Annual wellness visit,122.83,83.98
E00212,P0366,2023-08-26 07:04:00,2023-08-26 10:04:00,emergency,Emergency room admission,5654.92,0
E00213,P0171,2023-04-05 08:45:00,2023-04-05 13:45:00,ambulatory,Medication review,334.53,209.08
E00214,P0296,2024-03-05 12:28:00,2024-03-05 14:28:00,urgentcare,Urgent care visit,236.65,168.71
E00215,P0396,2023-08-29 11:39:00,2023-08-29 13:39:00,ambulatory,Follow-up visit,164.1,83.05
E00216,P0319,2023-07-29 10:31:00,2023-07-29 15:31:00,ambulatory,Chronic disease check,218.09,132.69
E00217,P0483,2024-08-03 16:47:00,2024-08-03 18:47:00,outpatient,Imaging study,676.8,504.42
E00218,P0174,2023-04-14 09:13:00,2023-04-14 10:13:00,ambulatory,Medication review,251.81,130.99
E00219,P0197,2025-05-23 13:41:00,2025-05-23 15:41:00,wellness,Well child visit,202.75,151.36
E00220,P0160,2024-02-10 19:10:00,2024-02-11 00:10:00,ambulatory,Chronic disease check,141.99,103.24
E00221,P0048,2025-08-17 08:39:00,2025-08-17 12:39:00,urgentcare,Urgent care visit,289.68,199.36
E00222,P0486,2024-06-12 13:12:00,2024-06-12 17:12:00,wellness,Well child visit,119.34,97.32
E00223,P0452,2025-09-25 07:30:00,2025-09-25 08:30:00,ambulatory,Chronic disease check,253.09,175.0
E00224,P0434,2024-12-14 17:18:00,2024-12-14 22:18:00,wellness,Annual wellness visit,110.38,73.1
E00225,P0366,2024-10-29 16:29:00,2024-10-29 17:29:00,urgentcare,Urgent care visit,506.59,0
E00226,P0206,2024-05-03 17:35:00,2024-05-03 19:35:00,ambulatory,Chronic disease check,273.43,178.69
E00227,P0175,2025-06-01 14:25:00,2025-06-01 19:25:00,wellness,Annual wellness visit,215.97,122.94
E00228,P0343,2025-09-23 08:57:00,2025-09-23 13:57:00,wellness,Well child visit,185.37,133.84
E00229,P0421,2024-09-22 13:55:00,2024-09-22 14:55:00,ambulatory,Medication review,287.51,237.38
E00230,P0395,2024-11-01 15:26:00,2024-11-01 16:26:00,urgentcare,Urgent care visit,190.74,163.06
E00231,P0463,2023-01-01 19:55:00,2023-01-01 21:55:00,urgentcare,Urgent care visit,447.4,318.77
E00232,P0200,2025-07-04 10:20:00,2025-07-04 12:20:00,outpatient,Imaging study,1799.34,1115.4
E00233,P0407,2024-09-15 14:25:00,2024-09-15 17:25:00,emergency,Emergency room admission,5950.48,4430.71
E00234,P0262,2023-09-19 12:01:00,2023-09-19 13:01:00,ambulatory,Medication review,223.38,198.17
E00235,P0001,2025-01-05 08:52:00,2025-01-05 11:52:00,outpatient,Outpatient procedure,2204.5,1482.94
E00236,P0303,2024-10-13 19:08:00,2024-10-13 23:08:00,ambulatory,Chronic disease check,233.69,167.8
E00237,P0340,2023-10-12 10:12:00,2023-10-12 15:12:00,wellness,Well child visit,151.54,126.69
E00238,P0079,2023-09-15 09:17:00,2023-09-15 10:17:00,wellness,Annual wellness visit,101.48,56.59
E00239,P0454,2025-06-13 09:19:00,2025-06-13 10:19:00,ambulatory,Chronic disease check,158.42,133.72
E00240,P0458,2025-05-21 17:38:00,2025-05-21 19:38:00,urgentcare,Urgent care visit,354.48,255.52
E00241,P0231,2024-04-07 10:10:00,2024-04-07 14:10:00,ambulatory,Medication review,289.28,202.28
E00242,P0375,2025-10-24 11:35:00,2025-10-24 15:35:00,wellness,Well child visit,238.25,122.31
E00243,P0020,2025-01-24 08:55:00,2025-01-24 13:55:00,ambulatory,Medication review,254.83,135.58
E00244,P0374,2024-07-26 14:56:00,2024-07-26 19:56:00,outpatient,Physical therapy,472.12,252.76
E00245,P0242,2023-06-09 18:40:00,2023-06-09 23:40:00,outpatient,Imaging study,2055.82,1532.03
E00246,P0463,2023-01-23 15:00:00,2023-01-23 19:00:00,ambulatory,Chronic disease check,263.55,192.28
E00247,P0170,2024-08-26 11:56:00,2024-08-26 13:56:00,ambulatory,Medication review,129.89,103.88
E00248,P0373,2024-06-17 08:02:00,2024-06-17 12:02:00,urgentcare,Urgent care visit,410.16,0
E00249,P0337,2023-02-25 11:53:00,2023-03-04 15:53:00,inpatient,Hospital admission,8805.35,7401.58
E00250,P0143,2024-07-29 11:41:00,2024-07-29 14:41:00,wellness,Annual wellness visit,92.27,68.42
E00251,P0466,2023-11-06 18:14:00,2023-11-06 22:14:00,ambulatory,Follow-up visit,223.53,135.12
E00252,P0359,2024-01-06 16:00:00,2024-01-06 17:00:00,wellness,Annual wellness visit,144.86,128.48
E00253,P0305,2023-11-12 15:27:00,2023-11-12 19:27:00,emergency,Emergency room admission,4828.88,3690.55
E00254,P0372,2024-03-07 16:51:00,2024-03-07 19:51:00,outpatient,Imaging study,419.52,336.54
E00255,P0060,2025-08-08 13:48:00,2025-08-08 17:48:00,wellness,Annual wellness visit,138.22,0
E00256,P0195,2025-03-09 15:05:00,2025-03-09 18:05:00,outpatient,Imaging study,619.33,312.6
E00257,P0475,2025-02-21 18:34:00,2025-02-21 21:34:00,urgentcare,Urgent care visit,582.79,314.09
E00258,P0273,2025-06-03 17:25:00,2025-06-03 20:25:00,outpatient,Imaging study,1036.93,851.24
E00259,P0131,2025-03-12 14:52:00,2025-03-12 16:52:00,outpatient,Physical therapy,1915.49,1548.1
E00260,P0267,2024-01-04 12:20:00,2024-01-04 17:20:00,ambulatory,Follow-up visit,122.96,102.39
E00261,P0007,2025-12-11 08:46:00,2025-12-11 12:46:00,ambulatory,Medication review,218.42,133.96
E00262,P0099,2023-07-08 07:58:00,2023-07-08 12:58:00,wellness,Annual wellness visit,195.06,171.69
E00263,P0327,2023-09-03 08:28:00,2023-09-03 13:28:00,wellness,Annual wellness visit,110.79,95.1
E00264,P0357,2024-08-26 14:58:00,2024-08-26 15:58:00,wellness,Well child visit,192.2,155.25
E00265,P0355,2024-10-24 11:23:00,2024-10-24 13:23:00,emergency,ED visit for chest pain,4881.73,3958.31
E00266,P0196,2023-05-04 11:24:00,2023-05-04 14:24:00,ambulatory,Follow-up visit,169.82,118.31
E00267,P0476,2025-03-15 10:02:00,2025-03-15 14:02:00,wellness,Well child visit,107.35,63.05
E00268,P0330,2025-06-23 19:12:00,2025-06-23 22:12:00,wellness,Annual wellness visit,106.53,56.27
E00269,P0373,2025-07-02 07:19:00,2025-07-02 11:19:00,wellness,Annual wellness visit,113.82,0
E00270,P0478,2025-03-10 11:32:00,2025-03-10 13:32:00,wellness,Well child visit,202.01,147.44
E00271,P0264,2025-10-01 15:09:00,2025-10-01 19:09:00,outpatient,Physical therapy,1188.61,0
E00272,P0400,2023-05-24 16:13:00,2023-05-24 18:13:00,urgentcare,Urgent care visit,151.49,83.09
E00273,P0275,2025-01-05 12:41:00,2025-01-05 15:41:00,emergency,Emergency room admission,2943.14,1901.69
E00274,P0437,2023-06-14 14:50:00,2023-06-19 16:50:00,inpatient,Hospital admission,28024.95,20228.13
E00275,P0496,2024-01-27 12:06:00,2024-01-27 16:06:00,ambulatory,Medication review,371.01,0
E00276,P0353,2023-06-23 17:47:00,2023-06-23 21:47:00,ambulatory,Follow-up visit,325.89,167.6
E00277,P0013,2024-05-03 15:20:00,2024-05-03 19:20:00,outpatient,Physical therapy,438.58,332.16
E00278,P0256,2025-07-09 07:16:00,2025-07-09 08:16:00,ambulatory,Chronic disease check,215.0,175.25
E00279,P0022,2024-03-09 18:09:00,2024-03-09 23:09:00,ambulatory,Medication review,248.34,210.61
E00280,P0275,2024-04-22 08:13:00,2024-04-22 09:13:00,wellness,Well child visit,207.67,158.15
E00281,P0242,2023-04-04 11:08:00,2023-04-04 13:08:00,emergency,Emergency room admission,973.26,838.82
E00282,P0421,2025-07-23 17:25:00,2025-07-23 19:25:00,urgentcare,Urgent care visit,525.91,434.99
E00283,P0055,2024-03-27 08:04:00,2024-03-27 10:04:00,wellness,Well child visit,158.19,99.61
E00284,P0500,2023-10-09 12:29:00,2023-10-09 14:29:00,outpatient,Physical therapy,1981.3,0
E00285,P0089,2023-09-05 11:40:00,2023-09-05 13:40:00,ambulatory,Follow-up visit,332.11,258.55
E00286,P0284,2024-05-13 16:55:00,2024-05-13 17:55:00,wellness,Well child visit,111.34,90.3
E00287,P0009,2023-06-15 07:06:00,2023-06-15 08:06:00,emergency,Emergency room admission,1815.01,1420.6
E00288,P0304,2025-05-02 18:50:00,2025-05-02 22:50:00,emergency,Emergency room admission,4431.03,2469.13
E00289,P0139,2025-04-23 11:04:00,2025-04-23 13:04:00,ambulatory,Follow-up visit,290.95,214.87
E00290,P0368,2023-06-30 17:42:00,2023-06-30 20:42:00,ambulatory,Follow-up visit,217.4,157.2
E00291,P0099,2025-12-21 08:37:00,2025-12-21 13:37:00,wellness,Annual wellness visit,147.9,101.41
E00292,P0321,2024-07-20 07:54:00,2024-07-20 09:54:00,outpatient,Outpatient procedure,547.89,424.12
E00293,P0496,2025-10-15 10:00:00,2025-10-15 12:00:00,emergency,Emergency room admission,4317.73,0
E00294,P0028,2024-08-06 10:34:00,2024-08-06 14:34:00,outpatient,Physical therapy,853.04,701.25
E00295,P0389,2023-08-02 19:38:00,2023-08-02 20:38:00,ambulatory,Follow-up visit,378.96,213.44
E00296,P0015,2023-08-26 08:12:00,2023-08-26 10:12:00,ambulatory,Medication review,321.99,235.67
E00297,P0215,2024-10-29 10:55:00,2024-10-29 11:55:00,wellness,Annual wellness visit,142.18,84.58
E00298,P0212,2025-02-08 10:45:00,2025-02-08 11:45:00,emergency,ED visit for chest pain,3302.05,1722.8
E00299,P0224,2025-07-20 10:02:00,2025-07-20 14:02:00,wellness,Well child visit,149.76,118.0
E00300,P0324,2024-07-06 10:27:00,2024-07-06 13:27:00,ambulatory,Medication review,155.62,113.21
E00301,P0144,2025-08-11 14:49:00,2025-08-11 18:49:00,wellness,Well child visit,117.39,69.02
E00302,P0152,2023-12-15 16:51:00,2023-12-15 21:51:00,outpatient,Outpatient procedure,2181.01,1449.67
E00303,P0268,2024-03-19 17:05:00,2024-03-19 21:05:00,ambulatory,Chronic disease check,354.36,179.24
E00304,P0220,2024-05-20 11:13:00,2024-05-20 14:13:00,outpatient,Outpatient procedure,1255.35,1075.49
E00305,P0303,2023-01-11 14:07:00,2023-01-11 15:07:00,emergency,ED visit for chest pain,1104.3,876.14
E00306,P0259,2025-12-23 13:43:00,2025-12-23 17:43:00,wellness,Annual wellness visit,219.55,149.51
E00307,P0124,2023-01-26 18:49:00,2023-01-26 22:49:00,wellness,Annual wellness visit,241.99,155.69
E00308,P0123,2023-07-05 07:16:00,2023-07-05 11:16:00,outpatient,Outpatient procedure,1771.88,0
E00309,P0361,2023-02-19 14:45:00,2023-02-19 18:45:00,ambulatory,Medication review,336.11,0
E00310,P0208,2025-01-28 17:41:00,2025-01-28 21:41:00,wellness,Annual wellness visit,202.62,171.04
E00311,P0037,2024-11-12 16:03:00,2024-11-12 17:03:00,ambulatory,Chronic disease check,203.05,158.22
E00312,P0314,2024-02-29 18:41:00,2024-02-29 19:41:00,ambulatory,Chronic disease check,293.73,233.31
E00313,P0029,2025-01-15 07:52:00,2025-01-15 08:52:00,ambulatory,Chronic disease check,227.23,169.89
E00314,P0188,2023-05-18 16:34:00,2023-05-18 18:34:00,ambulatory,Chronic disease check,158.75,94.53
E00315,P0059,2024-03-05 19:51:00,2024-03-05 21:51:00,outpatient,Imaging study,1005.02,704.95
E00316,P0217,2023-05-10 13:21:00,2023-05-10 16:21:00,wellness,Annual wellness visit,162.39,111.73
E00317,P0273,2025-12-27 11:59:00,2025-12-27 15:59:00,outpatient,Physical therapy,1666.09,1463.07
E00318,P0415,2023-05-15 10:12:00,2023-05-22 07:12:00,inpatient,Admission for pneumonia,8968.5,7705.54
E00319,P0148,2023-06-07 08:51:00,2023-06-11 02:51:00,inpatient,Hospital admission,15382.05,10744.85
E00320,P0448,2023-02-16 12:00:00,2023-02-16 16:00:00,wellness,Annual wellness visit,245.13,169.03
E00321,P0216,2023-02-13 11:58:00,2023-02-13 13:58:00,ambulatory,Follow-up visit,137.63,114.78
E00322,P0267,2025-04-23 16:52:00,2025-04-23 19:52:00,outpatient,Imaging study,1742.67,1210.21
E00323,P0341,2025-06-30 14:48:00,2025-06-30 17:48:00,outpatient,Imaging study,1547.95,880.31
E00324,P0134,2025-01-31 11:55:00,2025-01-31 12:55:00,wellness,Well child visit,113.73,77.61
E00325,P0086,2023-11-26 19:08:00,2023-11-27 00:08:00,outpatient,Outpatient procedure,927.54,775.18
E00326,P0355,2023-11-11 09:45:00,2023-11-11 11:45:00,emergency,ED visit for chest pain,1496.28,1092.0
E00327,P0226,2024-01-13 10:30:00,2024-01-13 15:30:00,wellness,Well child visit,203.14,181.04
E00328,P0076,2023-11-29 16:06:00,2023-11-29 19:06:00,ambulatory,Follow-up visit,154.02,101.93
E00329,P0256,2025-07-27 12:27:00,2025-07-27 14:27:00,urgentcare,Urgent care visit,151.93,115.3
E00330,P0152,2024-08-16 19:52:00,2024-08-17 00:52:00,ambulatory,Medication review,306.73,242.75
E00331,P0473,2023-08-19 19:29:00,2023-08-19 23:29:00,ambulatory,Follow-up visit,372.05,286.93
E00332,P0060,2025-04-02 17:32:00,2025-04-02 19:32:00,ambulatory,Follow-up visit,244.87,0
E00333,P0168,2024-02-04 16:57:00,2024-02-04 21:57:00,wellness,Well child visit,125.54,72.6
E00334,P0043,2025-07-01 18:33:00,2025-07-01 19:33:00,ambulatory,Chronic disease check,393.24,227.21
E00335,P0163,2025-11-13 07:57:00,2025-11-13 10:57:00,outpatient,Physical therapy,1174.63,988.48
E00336,P0190,2023-01-25 11:51:00,2023-01-25 14:51:00,ambulatory,Chronic disease check,218.38,185.56
E00337,P0045,2025-06-28 19:39:00,2025-06-28 23:39:00,wellness,Well child visit,218.59,123.62
E00338,P0373,2025-05-18 19:26:00,2025-05-25 05:26:00,inpatient,Hospital admission,10745.3,0
E00339,P0074,2025-08-30 15:57:00,2025-08-30 18:57:00,wellness,Well child visit,100.58,53.85
E00340,P0210,2024-07-13 14:04:00,2024-07-13 16:04:00,outpatient,Physical therapy,1522.79,1107.32
E00341,P0469,2024-01-16 13:30:00,2024-01-16 16:30:00,wellness,Annual wellness visit,178.62,148.1
E00342,P0155,2024-09-14 15:25:00,2024-09-14 20:25:00,urgentcare,Urgent care visit,482.94,246.65
E00343,P0002,2024-09-06 17:55:00,2024-09-06 21:55:00,wellness,Well child visit,109.87,73.27
E00344,P0252,2024-05-16 07:29:00,2024-05-16 08:29:00,emergency,ED visit for chest pain,4800.06,4309.17
E00345,P0035,2025-01-10 16:55:00,2025-01-10 20:55:00,ambulatory,Chronic disease check,278.36,0
E00346,P0322,2023-09-02 13:22:00,2023-09-02 18:22:00,outpatient,Outpatient procedure,1912.51,1602.9
E00347,P0084,2023-10-27 12:27:00,2023-10-27 16:27:00,ambulatory,Follow-up visit,365.93,235.28
E00348,P0028,2025-05-09 17:51:00,2025-05-09 20:51:00,wellness,Well child visit,97.79,69.61
E00349,P0480,2024-02-01 17:43:00,2024-02-01 19:43:00,wellness,Annual wellness visit,212.35,152.36
E00350,P0447,2024-09-08 11:37:00,2024-09-08 14:37:00,ambulatory,Medication review,146.83,94.07
E00351,P0074,2025-11-27 11:48:00,2025-11-27 14:48:00,wellness,Well child visit,214.61,136.52
E00352,P0467,2024-03-22 09:38:00,2024-03-22 14:38:00,wellness,Annual wellness visit,125.38,102.57
E00353,P0287,2025-12-12 16:04:00,2025-12-12 21:04:00,outpatient,Outpatient procedure,1844.98,1230.49
E00354,P0470,2023-09-26 07:17:00,2023-09-26 11:17:00,wellness,Well child visit,145.71,80.96
E00355,P0227,2025-12-07 12:50:00,2025-12-07 14:50:00,emergency,Emergency room admission,4520.46,3606.35
E00356,P0061,2023-10-19 18:44:00,2023-10-19 20:44:00,wellness,Annual wellness visit,139.19,76.85
E00357,P0041,2023-08-17 08:19:00,2023-08-17 09:19:00,ambulatory,Chronic disease check,336.91,174.18
E00358,P0056,2025-11-17 17:07:00,2025-11-17 18:07:00,wellness,Well child visit,165.05,85.38
E00359,P0155,2023-07-17 09:06:00,2023-07-17 14:06:00,outpatient,Outpatient procedure,751.88,431.51
E00360,P0180,2023-10-26 19:44:00,2023-10-26 22:44:00,wellness,Well child visit,241.81,0
E00361,P0181,2025-10-22 19:26:00,2025-10-23 00:26:00,wellness,Annual wellness visit,128.69,69.45
E00362,P0297,2025-12-19 10:42:00,2025-12-19 12:42:00,urgentcare,Urgent care visit,583.92,502.56
E00363,P0276,2023-07-22 10:39:00,2023-07-22 15:39:00,wellness,Well child visit,226.21,146.26
E00364,P0302,2023-08-08 10:05:00,2023-08-08 13:05:00,wellness,Well child visit,247.01,144.68
E00365,P0117,2024-10-05 09:06:00,2024-10-05 13:06:00,ambulatory,Follow-up visit,150.89,105.37
E00366,P0185,2023-03-25 08:24:00,2023-03-25 11:24:00,outpatient,Imaging study,1386.17,0
E00367,P0146,2024-09-30 18:43:00,2024-09-30 22:43:00,ambulatory,Chronic disease check,183.24,112.92
E00368,P0438,2023-05-23 15:07:00,2023-05-23 18:07:00,ambulatory,Medication review,170.2,118.57
E00369,P0054,2025-12-06 18:14:00,2025-12-06 19:14:00,ambulatory,Chronic disease check,153.38,101.27
E00370,P0303,2023-12-12 08:06:00,2023-12-18 05:06:00,inpatient,Admission for pneumonia,39157.05,22715.22
E00371,P0433,2023-09-09 10:58:00,2023-09-15 22:58:00,inpatient,Admission for pneumonia,30656.82,24707.15
E00372,P0393,2024-07-13 19:54:00,2024-07-13 23:54:00,ambulatory,Medication review,219.71,0
E00373,P0309,2025-09-19 15:43:00,2025-09-24 14:43:00,inpatient,Admission for pneumonia,11010.72,0
E00374,P0056,2025-09-29 15:29:00,2025-09-29 17:29:00,wellness,Annual wellness visit,190.54,97.54
E00375,P0378,2023-05-20 15:30:00,2023-05-20 16:30:00,wellness,Well child visit,245.53,182.14
E00376,P0168,2023-07-17 19:58:00,2023-07-17 20:58:00,wellness,Well child visit,195.77,159.96
E00377,P0104,2025-10-16 15:22:00,2025-10-16 20:22:00,wellness,Well child visit,131.87,108.63
E00378,P0277,2023-03-06 14:20:00,2023-03-06 15:20:00,ambulatory,Chronic disease check,227.42,191.29
E00379,P0227,2023-03-09 10:01:00,2023-03-09 15:01:00,ambulatory,Chronic disease check,304.64,260.13
E00380,P0085,2023-10-03 12:19:00,2023-10-03 16:19:00,ambulatory,Follow-up visit,256.49,186.61
E00381,P0252,2025-08-20 15:07:00,2025-08-20 20:07:00,outpatient,Physical therapy,2179.57,1138.38
E00382,P0135,2025-02-12 17:31:00,2025-02-12 20:31:00,ambulatory,Chronic disease check,334.61,210.2
E00383,P0015,2023-09-20 13:15:00,2023-09-20 16:15:00,ambulatory,Medication review,346.67,177.07
E00384,P0457,2025-02-18 08:39:00,2025-02-18 12:39:00,outpatient,Imaging study,1059.31,704.2
E00385,P0029,2024-05-22 11:00:00,2024-05-22 14:00:00,outpatient,Physical therapy,1603.57,843.8
E00386,P0157,2023-12-14 07:20:00,2023-12-14 12:20:00,wellness,Well child visit,142.18,108.5
E00387,P0217,2025-05-12 11:33:00,2025-05-12 12:33:00,ambulatory,Medication review,314.87,160.24
E00388,P0163,2025-03-10 12:30:00,2025-03-10 17:30:00,ambulatory,Chronic disease check,147.36,79.58
E00389,P0346,2025-10-14 15:34:00,2025-10-14 18:34:00,wellness,Well child visit,116.66,75.28
E00390,P0224,2023-06-04 16:08:00,2023-06-04 18:08:00,wellness,Annual wellness visit,135.98,84.16
E00391,P0294,2024-04-07 17:39:00,2024-04-07 18:39:00,ambulatory,Medication review,320.96,0
E00392,P0049,2024-07-13 08:08:00,2024-07-13 13:08:00,ambulatory,Chronic disease check,344.33,230.99
E00393,P0178,2024-09-10 15:36:00,2024-09-10 18:36:00,urgentcare,Urgent care visit,344.81,200.0
E00394,P0206,2025-11-21 14:44:00,2025-11-21 19:44:00,wellness,Annual wellness visit,118.9,89.31
E00395,P0265,2025-10-19 10:38:00,2025-10-19 14:38:00,emergency,ED visit for chest pain,2266.47,0
E00396,P0479,2023-05-03 15:54:00,2023-05-03 17:54:00,ambulatory,Follow-up visit,222.0,132.35
E00397,P0383,2024-09-06 14:25:00,2024-09-06 18:25:00,outpatient,Outpatient procedure,1001.04,754.35
E00398,P0434,2024-08-10 18:01:00,2024-08-10 20:01:00,ambulatory,Medication review,191.81,114.02
E00399,P0123,2024-01-29 07:28:00,2024-01-29 09:28:00,wellness,Well child visit,217.53,0
E00400,P0238,2025-06-12 14:12:00,2025-06-12 15:12:00,ambulatory,Chronic disease check,176.56,97.92
E00401,P0133,2024-07-22 18:14:00,2024-07-22 23:14:00,urgentcare,Urgent care visit,229.19,202.95
E00402,P0249,2023-04-24 08:25:00,2023-04-24 11:25:00,urgentcare,Urgent care visit,420.72,361.92
E00403,P0209,2023-07-04 13:46:00,2023-07-04 15:46:00,emergency,Emergency room admission,2103.81,1491.14
E00404,P0425,2025-12-11 11:17:00,2025-12-11 15:17:00,ambulatory,Follow-up visit,367.68,272.06
E00405,P0396,2024-11-05 16:58:00,2024-11-05 20:58:00,urgentcare,Urgent care visit,512.63,448.14
E00406,P0112,2023-12-25 10:39:00,2023-12-25 13:39:00,wellness,Well child visit,160.32,135.5
E00407,P0029,2025-02-06 18:56:00,2025-02-06 19:56:00,ambulatory,Chronic disease check,208.62,143.94
E00408,P0127,2023-10-24 13:11:00,2023-10-31 14:11:00,inpatient,Admission for pneumonia,30332.82,15422.11
E00409,P0496,2023-03-13 19:37:00,2023-03-13 20:37:00,emergency,Emergency room admission,4422.48,0
E00410,P0130,2024-09-25 17:54:00,2024-09-25 20:54:00,ambulatory,Medication review,372.88,204.64
E00411,P0444,2025-06-25 13:37:00,2025-06-25 14:37:00,wellness,Well child visit,235.57,205.18
E00412,P0470,2023-07-04 19:54:00,2023-07-04 21:54:00,wellness,Annual wellness visit,137.59,119.2
E00413,P0324,2025-04-12 07:34:00,2025-04-12 10:34:00,ambulatory,Chronic disease check,362.6,249.63
E00414,P0212,2024-11-12 19:14:00,2024-11-12 23:14:00,emergency,Emergency room admission,5371.48,4457.04
E00415,P0358,2023-05-16 13:00:00,2023-05-16 17:00:00,wellness,Well child visit,186.34,126.95
E00416,P0015,2024-01-12 17:45:00,2024-01-12 21:45:00,urgentcare,Urgent care visit,505.96,253.6
E00417,P0103,2024-10-04 16:49:00,2024-10-04 17:49:00,outpatient,Outpatient procedure,543.82,384.23
E00418,P0497,2023-09-24 17:08:00,2023-09-24 21:08:00,urgentcare,Urgent care visit,506.69,344.85
E00419,P0448,2024-06-17 09:57:00,2024-06-17 14:57:00,outpatient,Imaging study,2118.89,1227.82
E00420,P0213,2025-03-16 13:26:00,2025-03-16 18:26:00,ambulatory,Follow-up visit,182.86,158.95
E00421,P0332,2024-04-13 08:31:00,2024-04-13 12:31:00,outpatient,Physical therapy,736.19,618.94
E00422,P0026,2025-05-28 17:14:00,2025-05-28 20:14:00,ambulatory,Chronic disease check,161.79,91.9
E00423,P0291,2025-12-12 14:25:00,2025-12-12 18:25:00,wellness,Well child visit,222.36,121.72
E00424,P0366,2024-06-29 11:54:00,2024-06-29 15:54:00,wellness,Well child visit,151.13,0
E00425,P0439,2024-03-17 11:49:00,2024-03-17 13:49:00,wellness,Well child visit,156.93,128.21
E00426,P0015,2024-06-20 11:01:00,2024-06-20 16:01:00,wellness,Annual wellness visit,162.16,105.06
E00427,P0351,2023-06-25 07:10:00,2023-06-25 11:10:00,outpatient,Imaging study,593.05,527.67
E00428,P0204,2025-02-24 19:05:00,2025-02-24 23:05:00,outpatient,Imaging study,1919.43,1015.81
E00429,P0286,2024-11-12 11:00:00,2024-11-12 15:00:00,wellness,Annual wellness visit,235.32,0
E00430,P0003,2025-02-19 12:09:00,2025-02-19 16:09:00,wellness,Annual wellness visit,197.4,175.14
E00431,P0287,2024-01-03 11:26:00,2024-01-03 13:26:00,wellness,Well child visit,170.6,145.21
E00432,P0068,2025-12-22 14:23:00,2025-12-22 16:23:00,wellness,Well child visit,131.66,68.16
E00433,P0066,2024-07-29 19:45:00,2024-07-29 22:45:00,ambulatory,Chronic disease check,379.35,326.66
E00434,P0135,2024-06-24 15:49:00,2024-06-24 18:49:00,outpatient,Outpatient procedure,1258.71,788.23
E00435,P0252,2023-11-06 16:29:00,2023-11-06 20:29:00,urgentcare,Urgent care visit,173.95,90.77
E00436,P0094,2024-06-16 09:47:00,2024-06-16 13:47:00,wellness,Well child visit,159.83,82.52
E00437,P0183,2025-09-20 14:48:00,2025-09-27 20:48:00,inpatient,Hospital admission,9824.69,5398.29
E00438,P0048,2024-08-04 10:04:00,2024-08-04 12:04:00,wellness,Well child visit,209.99,152.31
E00439,P0340,2023-01-09 15:58:00,2023-01-09 20:58:00,ambulatory,Follow-up visit,170.56,102.07
E00440,P0256,2024-11-04 07:26:00,2024-11-04 10:26:00,outpatient,Physical therapy,1798.89,987.22
E00441,P0192,2023-08-06 12:31:00,2023-08-06 14:31:00,ambulatory,Chronic disease check,128.08,106.6
E00442,P0338,2024-07-05 17:08:00,2024-07-05 18:08:00,ambulatory,Follow-up visit,212.24,161.83
E00443,P0487,2023-09-22 10:36:00,2023-09-22 11:36:00,ambulatory,Chronic disease check,344.44,216.75
E00444,P0029,2025-02-20 08:34:00,2025-02-20 12:34:00,outpatient,Outpatient procedure,861.36,763.18
E00445,P0444,2023-02-12 10:33:00,2023-02-12 12:33:00,ambulatory,Chronic disease check,228.78,140.47
E00446,P0386,2023-11-12 09:03:00,2023-11-17 13:03:00,inpatient,Admission for pneumonia,22688.73,18022.92
E00447,P0472,2023-09-26 13:07:00,2023-09-26 14:07:00,ambulatory,Medication review,352.97,204.7
E00448,P0229,2025-09-02 11:34:00,2025-09-02 16:34:00,emergency,Emergency room admission,3961.74,3179.68
E00449,P0416,2024-01-17 14:24:00,2024-01-17 18:24:00,ambulatory,Medication review,146.03,92.98
E00450,P0238,2023-11-14 15:27:00,2023-11-14 20:27:00,outpatient,Physical therapy,1685.03,899.11
E00451,P0240,2025-09-05 12:07:00,2025-09-05 14:07:00,ambulatory,Medication review,395.57,340.65
E00452,P0431,2025-05-25 12:02:00,2025-05-25 17:02:00,wellness,Annual wellness visit,97.64,84.65
E00453,P0263,2025-05-20 14:02:00,2025-05-20 15:02:00,wellness,Well child visit,164.35,105.54
E00454,P0300,2025-10-28 07:16:00,2025-10-28 08:16:00,wellness,Well child visit,208.48,0
E00455,P0092,2025-03-15 07:46:00,2025-03-15 08:46:00,urgentcare,Urgent care visit,337.31,0
E00456,P0161,2025-07-20 19:55:00,2025-07-20 23:55:00,ambulatory,Chronic disease check,294.67,187.57
E00457,P0471,2024-01-19 10:36:00,2024-01-19 12:36:00,emergency,ED visit for chest pain,1298.92,1102.32
E00458,P0055,2023-02-06 07:05:00,2023-02-06 11:05:00,ambulatory,Follow-up visit,152.67,116.38
E00459,P0236,2025-09-23 12:10:00,2025-09-23 17:10:00,outpatient,Physical therapy,2088.89,1345.85
E00460,P0345,2025-03-19 12:09:00,2025-03-22 10:09:00,inpatient,Hospital admission,10253.04,5909.04
E00461,P0418,2024-01-21 07:27:00,2024-01-21 09:27:00,wellness,Annual wellness visit,166.98,126.89
E00462,P0224,2024-01-26 08:28:00,2024-01-26 11:28:00,urgentcare,Urgent care visit,496.37,342.29
E00463,P0012,2023-11-09 19:36:00,2023-11-09 23:36:00,wellness,Well child visit,244.22,124.03
E00464,P0231,2024-02-17 12:01:00,2024-02-17 17:01:00,ambulatory,Chronic disease check,352.25,183.3
E00465,P0005,2025-06-03 14:05:00,2025-06-03 18:05:00,wellness,Well child visit,207.93,107.04
E00466,P0205,2025-09-26 10:57:00,2025-09-26 11:57:00,ambulatory,Chronic disease check,267.93,195.74
E00467,P0284,2025-05-04 15:04:00,2025-05-04 16:04:00,wellness,Well child visit,169.17,114.92
E00468,P0224,2024-08-12 19:23:00,2024-08-12 21:23:00,wellness,Well child visit,165.08,97.87
E00469,P0113,2024-11-25 17:16:00,2024-11-25 21:16:00,ambulatory,Chronic disease check,156.72,123.68
E00470,P0200,2025-01-07 15:03:00,2025-01-11 08:03:00,inpatient,Admission for pneumonia,27142.64,21070.26
E00471,P0045,2023-09-22 09:57:00,2023-09-22 11:57:00,outpatient,Imaging study,643.89,347.93
E00472,P0213,2025-10-08 12:10:00,2025-10-08 14:10:00,emergency,Emergency room admission,1968.11,1770.72
E00473,P0184,2025-01-01 18:33:00,2025-01-01 20:33:00,emergency,Emergency room admission,1791.05,1473.54
E00474,P0173,2024-04-09 09:03:00,2024-04-09 14:03:00,ambulatory,Chronic disease check,182.75,164.01
E00475,P0402,2023-04-06 16:30:00,2023-04-06 19:30:00,ambulatory,Medication review,370.97,315.13
E00476,P0310,2023-04-14 14:28:00,2023-04-14 18:28:00,outpatient,Outpatient procedure,2417.82,0
E00477,P0500,2023-07-28 16:35:00,2023-07-28 17:35:00,wellness,Annual wellness visit,171.17,0
E00478,P0323,2024-02-25 13:10:00,2024-02-25 15:10:00,wellness,Well child visit,206.54,166.22
E00479,P0256,2023-07-23 09:37:00,2023-07-23 12:37:00,outpatient,Outpatient procedure,1036.14,569.04
E00480,P0104,2025-05-01 07:06:00,2025-05-01 09:06:00,ambulatory,Chronic disease check,353.75,225.17
E00481,P0259,2024-06-28 13:21:00,2024-06-28 17:21:00,wellness,Annual wellness visit,147.7,82.81
E00482,P0386,2024-04-12 09:21:00,2024-04-12 13:21:00,ambulatory,Chronic disease check,235.75,202.56
E00483,P0488,2025-01-10 07:30:00,2025-01-10 11:30:00,emergency,Emergency room admission,1642.48,1292.71
E00484,P0265,2023-06-23 12:46:00,2023-06-23 15:46:00,emergency,Emergency room admission,2948.42,0
E00485,P0223,2023-03-17 18:16:00,2023-03-17 20:16:00,wellness,Annual wellness visit,234.4,208.87
E00486,P0366,2025-11-30 12:02:00,2025-11-30 16:02:00,urgentcare,Urgent care visit,330.9,0
E00487,P0370,2024-12-05 07:08:00,2024-12-05 10:08:00,outpatient,Physical therapy,2280.46,1979.85
E00488,P0359,2024-02-25 16:17:00,2024-02-25 21:17:00,ambulatory,Medication review,340.74,230.63
E00489,P0177,2025-04-08 10:22:00,2025-04-08 13:22:00,emergency,ED visit for chest pain,1329.83,0
E00490,P0200,2023-09-16 15:52:00,2023-09-16 20:52:00,outpatient,Outpatient procedure,924.64,651.56
E00491,P0160,2023-11-24 07:23:00,2023-11-24 08:23:00,ambulatory,Medication review,369.29,272.17
E00492,P0124,2024-09-14 19:23:00,2024-09-14 23:23:00,urgentcare,Urgent care visit,594.13,471.02
E00493,P0431,2025-11-05 13:02:00,2025-11-05 14:02:00,ambulatory,Medication review,133.37,116.9
E00494,P0230,2023-01-11 14:44:00,2023-01-11 17:44:00,wellness,Annual wellness visit,247.27,158.29
E00495,P0146,2023-10-14 19:11:00,2023-10-14 23:11:00,outpatient,Outpatient procedure,1443.27,782.38
E00496,P0265,2025-01-09 14:45:00,2025-01-09 15:45:00,ambulatory,Chronic disease check,161.03,0
E00497,P0425,2023-07-08 08:03:00,2023-07-08 12:03:00,ambulatory,Chronic disease check,368.78,216.07
E00498,P0040,2025-12-13 13:52:00,2025-12-13 18:52:00,ambulatory,Chronic disease check,276.51,234.7
E00499,P0300,2025-05-17 14:30:00,2025-05-17 18:30:00,ambulatory,Chronic disease check,324.88,0
E00500,P0422,2025-11-01 09:10:00,2025-11-01 13:10:00,wellness,Annual wellness visit,203.78,180.8
E00501,P0263,2023-08-30 18:51:00,2023-08-30 20:51:00,emergency,Emergency room admission,3222.71,2573.65
E00502,P0484,2023-09-01 17:16:00,2023-09-01 21:16:00,ambulatory,Chronic disease check,150.89,109.95
E00503,P0021,2023-08-30 13:20:00,2023-08-30 16:20:00,ambulatory,Chronic disease check,397.49,245.49
E00504,P0015,2023-10-19 17:03:00,2023-10-19 21:03:00,urgentcare,Urgent care visit,171.89,147.07
E00505,P0111,2025-09-28 07:02:00,2025-09-28 08:02:00,wellness,Annual wellness visit,177.61,150.64
E00506,P0214,2024-09-26 16:39:00,2024-09-26 20:39:00,ambulatory,Chronic disease check,372.08,256.77
E00507,P0369,2023-09-29 09:21:00,2023-09-29 14:21:00,urgentcare,Urgent care visit,436.41,0
E00508,P0342,2024-10-28 08:31:00,2024-10-28 13:31:00,ambulatory,Chronic disease check,306.06,200.44
E00509,P0461,2023-04-04 18:26:00,2023-04-04 22:26:00,ambulatory,Medication review,326.06,174.58
E00510,P0085,2024-09-24 16:34:00,2024-09-24 17:34:00,outpatient,Outpatient procedure,1716.61,990.43
E00511,P0317,2023-04-19 16:43:00,2023-04-19 21:43:00,ambulatory,Chronic disease check,173.03,121.3
E00512,P0010,2025-12-25 10:04:00,2025-12-25 11:04:00,wellness,Annual wellness visit,133.99,80.14
E00513,P0362,2025-06-28 08:26:00,2025-06-28 13:26:00,urgentcare,Urgent care visit,423.08,311.2
E00514,P0252,2023-02-17 12:48:00,2023-02-17 16:48:00,emergency,Emergency room admission,1820.59,1536.32
E00515,P0163,2023-07-06 08:57:00,2023-07-06 09:57:00,ambulatory,Chronic disease check,271.7,151.5
E00516,P0131,2023-11-12 12:14:00,2023-11-12 16:14:00,urgentcare,Urgent care visit,455.37,339.61
E00517,P0167,2023-04-30 12:05:00,2023-04-30 16:05:00,wellness,Annual wellness visit,105.8,70.37
E00518,P0166,2023-09-05 07:53:00,2023-09-05 09:53:00,wellness,Annual wellness visit,128.34,89.48
E00519,P0386,2023-08-24 11:35:00,2023-08-24 12:35:00,ambulatory,Medication review,209.13,138.62
E00520,P0248,2024-04-23 07:19:00,2024-04-23 10:19:00,wellness,Annual wellness visit,178.65,106.93
E00521,P0285,2023-09-15 12:11:00,2023-09-15 17:11:00,outpatient,Outpatient procedure,1194.84,1001.89
E00522,P0257,2023-10-19 13:22:00,2023-10-19 18:22:00,wellness,Annual wellness visit,247.65,177.07
E00523,P0217,2025-07-14 07:42:00,2025-07-16 07:42:00,inpatient,Admission for pneumonia,33629.89,25599.86
E00524,P0086,2025-09-14 11:39:00,2025-09-14 16:39:00,wellness,Well child visit,130.14,117.09
E00525,P0432,2025-11-11 11:48:00,2025-11-11 12:48:00,outpatient,Physical therapy,655.12,475.11
E00526,P0154,2023-09-09 09:23:00,2023-09-09 14:23:00,wellness,Well child visit,249.81,145.97
E00527,P0259,2024-10-13 18:38:00,2024-10-19 09:38:00,inpatient,Admission for pneumonia,27595.78,16811.49
E00528,P0340,2024-11-30 10:35:00,2024-12-07 07:35:00,inpatient,Admission for pneumonia,38605.75,19548.02
E00529,P0355,2023-01-05 17:23:00,2023-01-05 21:23:00,wellness,Annual wellness visit,90.68,69.74
E00530,P0212,2025-09-28 13:42:00,2025-09-28 18:42:00,ambulatory,Medication review,142.72,108.54
E00531,P0276,2025-06-30 18:28:00,2025-06-30 19:28:00,wellness,Well child visit,146.48,121.72
E00532,P0184,2023-01-18 09:07:00,2023-01-18 13:07:00,ambulatory,Follow-up visit,223.73,151.65
E00533,P0114,2024-07-29 18:36:00,2024-07-29 21:36:00,outpatient,Physical therapy,721.33,541.07
E00534,P0414,2024-04-24 15:25:00,2024-04-24 18:25:00,outpatient,Imaging study,380.95,328.3
E00535,P0362,2023-01-15 10:20:00,2023-01-15 14:20:00,outpatient,Imaging study,544.08,395.89
E00536,P0253,2024-02-01 18:15:00,2024-02-01 23:15:00,wellness,Annual wellness visit,197.55,103.94
E00537,P0066,2023-09-18 11:25:00,2023-09-18 16:25:00,outpatient,Physical therapy,2182.05,1727.22
E00538,P0141,2023-02-17 18:49:00,2023-02-17 23:49:00,wellness,Well child visit,188.31,94.3
E00539,P0219,2023-04-17 12:30:00,2023-04-17 16:30:00,outpatient,Imaging study,2157.55,1315.27
E00540,P0349,2025-10-11 13:10:00,2025-10-11 18:10:00,ambulatory,Medication review,332.53,196.13
E00541,P0143,2025-12-26 14:39:00,2025-12-26 17:39:00,emergency,Emergency room admission,926.31,587.17
E00542,P0451,2023-02-21 19:35:00,2023-02-21 21:35:00,ambulatory,Chronic disease check,393.87,0
E00543,P0491,2024-05-26 10:21:00,2024-05-26 12:21:00,wellness,Annual wellness visit,142.68,107.07
E00544,P0050,2025-06-03 07:24:00,2025-06-03 12:24:00,wellness,Well child visit,217.56,181.92
E00545,P0127,2024-05-03 12:48:00,2024-05-03 13:48:00,wellness,Annual wellness visit,221.46,194.31
E00546,P0398,2025-06-17 08:37:00,2025-06-17 12:37:00,ambulatory,Follow-up visit,282.1,251.02
E00547,P0470,2024-10-03 18:50:00,2024-10-03 19:50:00,wellness,Annual wellness visit,215.22,186.73
E00548,P0227,2025-06-03 08:07:00,2025-06-03 09:07:00,wellness,Annual wellness visit,198.41,122.61
E00549,P0196,2025-04-21 10:58:00,2025-04-21 15:58:00,ambulatory,Medication review,340.49,171.69
E00550,P0197,2025-05-26 17:35:00,2025-05-26 22:35:00,ambulatory,Medication review,148.36,129.82
E00551,P0401,2025-11-25 12:36:00,2025-11-25 17:36:00,wellness,Annual wellness visit,120.8,60.99
E00552,P0366,2024-02-01 16:46:00,2024-02-01 18:46:00,wellness,Well child visit,191.98,0
E00553,P0182,2025-06-29 10:10:00,2025-06-29 12:10:00,ambulatory,Follow-up visit,158.55,83.11
E00554,P0160,2025-11-16 18:07:00,2025-11-16 21:07:00,ambulatory,Medication review,207.13,167.82
E00555,P0076,2024-12-03 11:58:00,2024-12-03 14:58:00,ambulatory,Medication review,391.68,287.72
E00556,P0348,2024-05-01 15:39:00,2024-05-01 20:39:00,wellness,Well child visit,227.39,144.97
E00557,P0500,2024-02-17 08:10:00,2024-02-17 11:10:00,wellness,Well child visit,120.3,0
E00558,P0356,2025-08-15 17:14:00,2025-08-15 20:14:00,outpatient,Physical therapy,2174.42,1924.85
E00559,P0316,2024-11-04 09:46:00,2024-11-04 10:46:00,wellness,Annual wellness visit,162.69,113.62
E00560,P0472,2024-04-01 18:49:00,2024-04-01 20:49:00,wellness,Annual wellness visit,164.65,98.07
E00561,P0377,2024-11-09 19:37:00,2024-11-09 23:37:00,urgentcare,Urgent care visit,242.39,201.29
E00562,P0004,2023-06-01 13:06:00,2023-06-01 14:06:00,ambulatory,Follow-up visit,275.31,169.65
E00563,P0100,2025-01-07 07:44:00,2025-01-07 08:44:00,outpatient,Imaging study,738.07,420.45
E00564,P0454,2023-12-23 12:47:00,2023-12-23 17:47:00,wellness,Annual wellness visit,129.35,65.79
E00565,P0432,2023-07-27 07:21:00,2023-07-27 09:21:00,wellness,Annual wellness visit,150.63,95.7
E00566,P0108,2024-05-06 13:18:00,2024-05-06 16:18:00,ambulatory,Medication review,305.05,271.75
E00567,P0320,2023-05-14 09:01:00,2023-05-14 11:01:00,emergency,Emergency room admission,5401.89,4418.53
E00568,P0099,2025-02-05 12:25:00,2025-02-05 17:25:00,ambulatory,Medication review,240.27,143.64
E00569,P0024,2024-01-23 16:08:00,2024-01-23 19:08:00,urgentcare,Urgent care visit,505.31,302.61
E00570,P0323,2023-09-16 15:40:00,2023-09-16 20:40:00,urgentcare,Urgent care visit,548.63,433.92
E00571,P0402,2023-05-13 09:51:00,2023-05-13 14:51:00,ambulatory,Medication review,228.67,183.04
E00572,P0192,2025-08-08 10:03:00,2025-08-08 13:03:00,ambulatory,Medication review,319.5,248.51
E00573,P0367,2025-08-28 11:34:00,2025-09-05 15:34:00,inpatient,Hospital admission,19632.17,11443.2
E00574,P0459,2024-04-25 13:45:00,2024-04-25 15:45:00,wellness,Well child visit,138.96,101.24
E00575,P0479,2024-06-05 16:23:00,2024-06-05 17:23:00,urgentcare,Urgent care visit,210.45,130.06
E00576,P0266,2023-03-26 14:56:00,2023-03-26 19:56:00,ambulatory,Chronic disease check,293.92,200.0
E00577,P0222,2025-10-15 12:24:00,2025-10-15 15:24:00,ambulatory,Follow-up visit,227.06,153.65
E00578,P0136,2025-01-05 08:24:00,2025-01-05 11:24:00,outpatient,Physical therapy,2153.73,0
E00579,P0280,2024-07-20 10:53:00,2024-07-20 11:53:00,outpatient,Imaging study,560.89,289.03
E00580,P0103,2024-11-05 11:16:00,2024-11-05 14:16:00,ambulatory,Medication review,328.66,275.48
E00581,P0098,2023-10-10 19:50:00,2023-10-11 00:50:00,outpatient,Outpatient procedure,2307.24,1864.32
E00582,P0145,2025-04-07 13:55:00,2025-04-07 18:55:00,urgentcare,Urgent care visit,491.01,338.21
E00583,P0263,2023-11-02 13:47:00,2023-11-06 23:47:00,inpatient,Hospital admission,13715.49,9460.61
E00584,P0265,2025-08-17 19:19:00,2025-08-17 23:19:00,ambulatory,Follow-up visit,215.38,0
E00585,P0161,2025-05-28 18:54:00,2025-05-28 22:54:00,urgentcare,Urgent care visit,244.31,205.51
E00586,P0016,2023-09-20 12:12:00,2023-09-20 13:12:00,ambulatory,Medication review,259.94,216.72
E00587,P0174,2025-05-21 18:42:00,2025-05-21 22:42:00,wellness,Well child visit,212.05,133.68
E00588,P0012,2023-03-07 09:22:00,2023-03-07 11:22:00,ambulatory,Chronic disease check,393.63,286.28
E00589,P0410,2025-03-11 13:30:00,2025-03-11 15:30:00,outpatient,Outpatient procedure,2387.12,1703.92
E00590,P0097,2024-11-04 16:43:00,2024-11-04 20:43:00,ambulatory,Chronic disease check,298.92,160.61
E00591,P0054,2023-12-30 07:32:00,2023-12-30 12:32:00,outpatient,Outpatient procedure,1374.95,796.92
E00592,P0467,2024-08-04 10:30:00,2024-08-08 21:30:00,inpatient,Hospital admission,15897.59,10840.02
E00593,P0189,2023-12-18 12:34:00,2023-12-18 16:34:00,ambulatory,Follow-up visit,229.51,126.61
E00594,P0215,2023-05-21 13:38:00,2023-05-21 15:38:00,ambulatory,Follow-up visit,156.38,97.57
E00595,P0419,2025-08-30 09:42:00,2025-08-30 14:42:00,outpatient,Imaging study,1565.2,1150.42
E00596,P0258,2025-07-28 11:42:00,2025-07-28 13:42:00,outpatient,Outpatient procedure,316.38,214.6
E00597,P0423,2024-05-20 15:58:00,2024-05-20 18:58:00,ambulatory,Chronic disease check,374.88,256.45
E00598,P0295,2023-07-06 11:54:00,2023-07-06 15:54:00,wellness,Well child visit,145.49,95.5
E00599,P0422,2023-12-25 14:05:00,2023-12-25 16:05:00,urgentcare,Urgent care visit,230.81,157.67
E00600,P0467,2023-07-15 13:42:00,2023-07-15 14:42:00,outpatient,Outpatient procedure,827.33,504.27
E00601,P0322,2023-05-17 18:54:00,2023-05-17 20:54:00,ambulatory,Chronic disease check,374.45,335.87
E00602,P0284,2025-01-25 08:18:00,2025-01-25 09:18:00,wellness,Well child visit,170.7,113.35
E00603,P0085,2025-11-02 07:45:00,2025-11-02 11:45:00,wellness,Well child visit,94.27,61.51
E00604,P0382,2024-02-03 13:46:00,2024-02-03 14:46:00,ambulatory,Follow-up visit,123.01,96.4
E00605,P0070,2025-08-08 15:16:00,2025-08-08 19:16:00,ambulatory,Medication review,139.11,106.11
E00606,P0366,2023-10-15 15:02:00,2023-10-20 14:02:00,inpatient,Hospital admission,34613.13,0
E00607,P0430,2023-07-25 10:01:00,2023-07-25 13:01:00,wellness,Well child visit,109.86,62.33
E00608,P0344,2024-07-13 09:37:00,2024-07-13 13:37:00,urgentcare,Urgent care visit,311.14,244.48
E00609,P0458,2024-03-18 14:32:00,2024-03-18 15:32:00,outpatient,Physical therapy,2140.3,1618.93
E00610,P0367,2023-07-30 13:39:00,2023-07-30 16:39:00,outpatient,Physical therapy,1276.77,640.77
E00611,P0396,2024-02-18 11:15:00,2024-02-18 14:15:00,ambulatory,Follow-up visit,374.45,200.91
E00612,P0216,2023-01-30 12:45:00,2023-01-30 14:45:00,wellness,Annual wellness visit,198.79,116.93
E00613,P0452,2023-12-10 19:21:00,2023-12-10 21:21:00,wellness,Annual wellness visit,97.04,80.18
E00614,P0166,2024-01-24 17:39:00,2024-01-24 19:39:00,ambulatory,Chronic disease check,381.61,334.13
E00615,P0062,2023-08-05 13:05:00,2023-08-05 16:05:00,wellness,Well child visit,117.78,89.7
E00616,P0007,2025-07-28 10:45:00,2025-07-28 11:45:00,ambulatory,Chronic disease check,304.23,231.21
E00617,P0189,2024-03-23 14:00:00,2024-03-23 17:00:00,wellness,Well child visit,212.81,190.09
E00618,P0053,2023-12-18 11:17:00,2023-12-18 12:17:00,outpatient,Physical therapy,1619.71,1260.99
E00619,P0348,2023-09-30 12:40:00,2023-09-30 14:40:00,emergency,ED visit for chest pain,4140.3,3689.87
E00620,P0342,2024-11-17 07:18:00,2024-11-17 12:18:00,ambulatory,Chronic disease check,375.39,245.11
E00621,P0328,2025-10-28 17:01:00,2025-10-28 18:01:00,outpatient,Physical therapy,811.73,652.29
E00622,P0064,2025-05-27 19:55:00,2025-05-27 21:55:00,ambulatory,Follow-up visit,293.53,162.92
E00623,P0256,2023-11-07 13:24:00,2023-11-07 15:24:00,wellness,Annual wellness visit,192.73,167.55
E00624,P0307,2025-06-27 19:36:00,2025-07-03 07:36:00,inpatient,Admission for pneumonia,10565.08,8002.42
E00625,P0390,2025-04-29 18:03:00,2025-04-29 21:03:00,wellness,Annual wellness visit,210.09,176.22
E00626,P0170,2024-02-26 16:12:00,2024-02-26 17:12:00,ambulatory,Medication review,373.86,334.74
E00627,P0411,2024-03-31 17:22:00,2024-03-31 21:22:00,outpatient,Outpatient procedure,1447.24,979.7
E00628,P0004,2025-10-03 08:11:00,2025-10-03 10:11:00,wellness,Annual wellness visit,98.34,86.08
E00629,P0065,2024-02-23 11:01:00,2024-02-23 16:01:00,wellness,Well child visit,102.51,64.03
E00630,P0370,2025-05-18 10:00:00,2025-05-18 15:00:00,wellness,Well child visit,129.84,94.86
E00631,P0496,2024-07-10 15:12:00,2024-07-10 16:12:00,outpatient,Imaging study,2392.23,0
E00632,P0204,2025-08-22 14:31:00,2025-08-22 18:31:00,ambulatory,Medication review,261.48,176.07
E00633,P0080,2025-09-14 07:20:00,2025-09-14 11:20:00,urgentcare,Urgent care visit,342.33,275.08
E00634,P0472,2023-11-09 16:26:00,2023-11-09 18:26:00,ambulatory,Chronic disease check,192.04,119.51
E00635,P0146,2025-09-11 08:13:00,2025-09-11 11:13:00,ambulatory,Chronic disease check,158.26,91.52
E00636,P0470,2023-01-27 15:32:00,2023-01-27 18:32:00,wellness,Well child visit,168.63,147.74
E00637,P0497,2025-02-25 15:21:00,2025-02-25 18:21:00,outpatient,Physical therapy,1710.31,903.89
E00638,P0454,2023-09-12 13:34:00,2023-09-12 18:34:00,wellness,Well child visit,115.98,102.39
E00639,P0395,2024-12-14 15:41:00,2024-12-14 19:41:00,emergency,ED visit for chest pain,4138.4,3222.08
E00640,P0334,2025-05-18 19:33:00,2025-05-18 21:33:00,ambulatory,Follow-up visit,187.86,163.17
E00641,P0186,2023-02-27 18:54:00,2023-02-27 20:54:00,outpatient,Imaging study,874.93,767.93
E00642,P0076,2023-11-27 07:12:00,2023-11-27 08:12:00,wellness,Well child visit,213.36,140.62
E00643,P0301,2023-06-14 15:50:00,2023-06-18 15:50:00,inpatient,Hospital admission,35784.21,29768.88
E00644,P0130,2025-10-22 16:05:00,2025-10-22 20:05:00,outpatient,Physical therapy,1589.38,1056.37
E00645,P0449,2023-07-02 08:51:00,2023-07-02 13:51:00,emergency,ED visit for chest pain,4861.12,4013.78
E00646,P0138,2025-03-26 18:55:00,2025-03-26 21:55:00,outpatient,Outpatient procedure,314.12,259.64
E00647,P0001,2025-05-05 15:57:00,2025-05-05 19:57:00,wellness,Well child visit,194.72,110.65
E00648,P0192,2023-10-03 10:22:00,2023-10-03 14:22:00,wellness,Annual wellness visit,119.12,81.03
E00649,P0417,2024-02-16 08:00:00,2024-02-16 10:00:00,wellness,Annual wellness visit,219.47,132.5
E00650,P0462,2025-06-21 17:41:00,2025-06-21 22:41:00,emergency,Emergency room admission,1456.9,0
E00651,P0041,2025-02-12 09:07:00,2025-02-12 12:07:00,wellness,Annual wellness visit,100.28,73.63
E00652,P0245,2023-07-26 07:09:00,2023-07-26 08:09:00,ambulatory,Follow-up visit,194.5,149.01
E00653,P0405,2023-07-18 10:36:00,2023-07-25 23:36:00,inpatient,Admission for pneumonia,32920.74,24400.65
E00654,P0493,2025-09-22 15:04:00,2025-09-22 18:04:00,urgentcare,Urgent care visit,421.97,273.57
E00655,P0456,2024-10-07 11:05:00,2024-10-07 14:05:00,ambulatory,Chronic disease check,306.22,227.93
E00656,P0500,2024-11-07 08:42:00,2024-11-07 09:42:00,ambulatory,Medication review,247.94,0
E00657,P0206,2023-10-12 07:26:00,2023-10-12 12:26:00,outpatient,Physical therapy,570.37,348.94
E00658,P0359,2024-05-24 13:17:00,2024-05-24 17:17:00,urgentcare,Urgent care visit,428.26,302.34
E00659,P0339,2024-10-21 07:17:00,2024-10-21 10:17:00,wellness,Well child visit,229.75,0
E00660,P0348,2025-09-19 13:49:00,2025-09-19 18:49:00,ambulatory,Chronic disease check,342.31,229.75
E00661,P0477,2025-09-02 18:14:00,2025-09-02 19:14:00,emergency,ED visit for chest pain,4644.82,3450.5
E00662,P0365,2025-12-01 16:45:00,2025-12-01 21:45:00,wellness,Well child visit,95.08,77.84
E00663,P0155,2025-08-14 09:52:00,2025-08-14 13:52:00,urgentcare,Urgent care visit,579.77,443.56
E00664,P0124,2023-12-16 19:51:00,2023-12-16 20:51:00,wellness,Annual wellness visit,106.88,60.29
E00665,P0476,2025-02-24 11:47:00,2025-02-24 13:47:00,ambulatory,Medication review,321.37,221.91
E00666,P0460,2023-10-06 16:07:00,2023-10-06 20:07:00,outpatient,Physical therapy,498.97,315.91
E00667,P0115,2023-05-13 17:59:00,2023-05-13 20:59:00,emergency,ED visit for chest pain,2822.75,2149.72
E00668,P0402,2025-06-13 10:58:00,2025-06-13 12:58:00,ambulatory,Chronic disease check,192.55,103.03
E00669,P0046,2024-01-21 19:42:00,2024-01-21 20:42:00,ambulatory,Follow-up visit,280.39,235.9
E00670,P0489,2023-01-04 12:18:00,2023-01-04 13:18:00,ambulatory,Follow-up visit,285.22,239.26
E00671,P0217,2025-01-17 18:35:00,2025-01-17 20:35:00,ambulatory,Medication review,265.53,195.51
E00672,P0055,2025-08-01 12:23:00,2025-08-01 14:23:00,ambulatory,Chronic disease check,348.52,290.97
E00673,P0256,2023-10-29 17:15:00,2023-10-29 20:15:00,outpatient,Physical therapy,620.92,521.36
E00674,P0424,2024-10-17 12:16:00,2024-10-17 17:16:00,outpatient,Outpatient procedure,2478.74,1510.5
E00675,P0435,2025-09-06 17:46:00,2025-09-06 19:46:00,outpatient,Physical therapy,1389.06,1231.54
E00676,P0031,2024-11-13 09:36:00,2024-11-23 00:36:00,inpatient,Hospital admission,13160.84,10267.6
E00677,P0027,2024-01-02 15:19:00,2024-01-02 19:19:00,emergency,Emergency room admission,2425.42,2174.21
E00678,P0281,2025-05-15 18:34:00,2025-05-15 22:34:00,ambulatory,Chronic disease check,397.29,260.79
E00679,P0271,2024-08-01 18:53:00,2024-08-01 20:53:00,outpatient,Physical therapy,1842.44,1211.42
E00680,P0068,2023-04-21 19:06:00,2023-04-21 22:06:00,ambulatory,Follow-up visit,248.11,181.33
E00681,P0227,2024-08-19 09:28:00,2024-08-19 11:28:00,outpatient,Physical therapy,779.9,450.99
E00682,P0334,2023-07-28 18:34:00,2023-07-28 20:34:00,wellness,Well child visit,150.25,115.96
E00683,P0087,2023-07-16 13:04:00,2023-07-16 17:04:00,emergency,Emergency room admission,1816.13,993.31
E00684,P0264,2025-06-07 09:32:00,2025-06-07 13:32:00,outpatient,Outpatient procedure,839.0,0
E00685,P0124,2024-09-11 18:44:00,2024-09-11 23:44:00,ambulatory,Medication review,387.28,309.08
E00686,P0398,2023-07-03 14:54:00,2023-07-03 18:54:00,outpatient,Physical therapy,905.48,613.96
E00687,P0006,2023-06-19 09:04:00,2023-06-19 13:04:00,wellness,Annual wellness visit,192.63,98.09
E00688,P0294,2025-09-09 11:40:00,2025-09-18 20:40:00,inpatient,Hospital admission,31342.22,0
E00689,P0197,2025-06-07 12:05:00,2025-06-07 17:05:00,ambulatory,Chronic disease check,155.07,81.47
E00690,P0466,2024-01-14 13:55:00,2024-01-14 14:55:00,emergency,ED visit for chest pain,2908.36,1528.55
E00691,P0429,2023-09-12 19:51:00,2023-09-12 21:51:00,ambulatory,Follow-up visit,390.39,223.41
E00692,P0307,2023-01-11 16:28:00,2023-01-11 20:28:00,outpatient,Outpatient procedure,2061.13,1062.84
E00693,P0295,2023-11-27 08:29:00,2023-11-27 13:29:00,wellness,Annual wellness visit,131.08,69.98
E00694,P0064,2025-01-14 16:17:00,2025-01-14 18:17:00,ambulatory,Medication review,238.45,119.23
E00695,P0154,2025-11-29 12:00:00,2025-11-29 17:00:00,wellness,Well child visit,161.19,125.41
E00696,P0268,2024-12-22 17:20:00,2024-12-22 22:20:00,emergency,Emergency room admission,3504.01,2680.73
E00697,P0023,2024-01-21 09:25:00,2024-01-21 12:25:00,wellness,Annual wellness visit,226.97,200.41
E00698,P0309,2025-01-05 11:44:00,2025-01-05 13:44:00,ambulatory,Chronic disease check,324.15,0
E00699,P0039,2024-06-17 13:30:00,2024-06-17 15:30:00,ambulatory,Follow-up visit,232.02,203.69
E00700,P0347,2023-10-21 16:08:00,2023-10-21 18:08:00,ambulatory,Medication review,139.76,84.94
E00701,P0325,2024-01-30 19:11:00,2024-01-30 22:11:00,outpatient,Physical therapy,1540.01,1275.44
E00702,P0310,2023-11-11 12:23:00,2023-11-11 16:23:00,wellness,Annual wellness visit,150.63,0
E00703,P0040,2025-12-24 08:52:00,2025-12-24 13:52:00,wellness,Well child visit,155.09,117.26
E00704,P0186,2024-07-13 09:29:00,2024-07-13 11:29:00,emergency,Emergency room admission,2295.6,1494.12
E00705,P0497,2023-08-04 09:06:00,2023-08-04 11:06:00,wellness,Well child visit,174.24,128.16
E00706,P0414,2025-12-19 12:57:00,2025-12-19 17:57:00,ambulatory,Medication review,362.31,220.44
E00707,P0051,2023-12-16 12:25:00,2023-12-16 16:25:00,emergency,ED visit for chest pain,1821.43,1258.14
E00708,P0066,2025-11-17 19:10:00,2025-11-17 21:10:00,wellness,Annual wellness visit,195.21,127.18
E00709,P0377,2025-01-28 19:04:00,2025-01-28 21:04:00,wellness,Well child visit,198.51,155.38
E00710,P0094,2024-12-25 14:59:00,2024-12-25 19:59:00,ambulatory,Chronic disease check,200.31,141.87
E00711,P0368,2024-04-13 12:12:00,2024-04-13 13:12:00,emergency,ED visit for chest pain,5732.02,4632.8
E00712,P0433,2023-06-12 08:18:00,2023-06-12 10:18:00,wellness,Annual wellness visit,241.18,176.09
E00713,P0044,2025-10-06 07:10:00,2025-10-06 11:10:00,outpatient,Physical therapy,1789.47,992.39
E00714,P0255,2025-12-26 18:54:00,2025-12-26 19:54:00,ambulatory,Medication review,233.53,134.53
E00715,P0426,2025-05-20 18:59:00,2025-05-20 23:59:00,outpatient,Outpatient procedure,1949.27,1749.84
E00716,P0339,2025-12-17 18:40:00,2025-12-26 05:40:00,inpatient,Admission for pneumonia,7440.1,0
E00717,P0494,2025-12-08 10:50:00,2025-12-08 12:50:00,wellness,Annual wellness visit,102.02,71.97
E00718,P0488,2025-10-11 13:28:00,2025-10-11 15:28:00,wellness,Annual wellness visit,149.73,95.11
E00719,P0348,2023-08-30 11:57:00,2023-08-30 14:57:00,wellness,Well child visit,167.3,97.91
E00720,P0378,2025-03-17 10:42:00,2025-03-17 13:42:00,outpatient,Physical therapy,2344.04,1655.39
E00721,P0458,2025-08-06 17:32:00,2025-08-06 21:32:00,wellness,Annual wellness visit,99.2,74.02
E00722,P0169,2023-08-08 07:05:00,2023-08-08 10:05:00,wellness,Annual wellness visit,232.43,153.6
E00723,P0005,2025-10-04 10:22:00,2025-10-04 11:22:00,wellness,Annual wellness visit,174.66,116.02
E00724,P0468,2023-11-15 18:12:00,2023-11-15 21:12:00,ambulatory,Chronic disease check,183.31,119.1
E00725,P0187,2024-01-09 16:09:00,2024-01-09 19:09:00,ambulatory,Chronic disease check,150.43,114.7
E00726,P0225,2024-12-25 19:45:00,2024-12-25 23:45:00,wellness,Annual wellness visit,90.93,49.49
E00727,P0146,2025-03-19 14:11:00,2025-03-19 17:11:00,wellness,Annual wellness visit,234.16,179.48
E00728,P0486,2024-06-28 09:01:00,2024-06-28 13:01:00,ambulatory,Chronic disease check,256.94,210.67
E00729,P0366,2025-03-29 15:33:00,2025-03-29 19:33:00,wellness,Annual wellness visit,111.03,0
E00730,P0406,2023-11-15 12:52:00,2023-11-15 17:52:00,wellness,Annual wellness visit,92.18,0
E00731,P0027,2024-12-01 14:19:00,2024-12-01 19:19:00,outpatient,Imaging study,1922.35,1330.41
E00732,P0145,2025-05-28 11:13:00,2025-05-28 16:13:00,ambulatory,Medication review,162.7,93.51
E00733,P0144,2024-06-23 18:57:00,2024-06-23 20:57:00,urgentcare,Urgent care visit,449.85,260.63
E00734,P0362,2023-07-31 18:57:00,2023-07-31 23:57:00,urgentcare,Urgent care visit,425.0,381.23
E00735,P0303,2023-11-01 10:54:00,2023-11-01 11:54:00,outpatient,Outpatient procedure,591.05,360.27
E00736,P0099,2025-05-23 07:18:00,2025-05-23 12:18:00,emergency,Emergency room admission,1918.18,1250.92
E00737,P0269,2024-04-18 10:47:00,2024-04-18 13:47:00,ambulatory,Follow-up visit,239.3,168.45
E00738,P0330,2023-08-14 11:35:00,2023-08-14 14:35:00,wellness,Well child visit,134.89,105.84
E00739,P0127,2023-04-08 10:06:00,2023-04-08 11:06:00,ambulatory,Medication review,120.15,95.87
E00740,P0109,2024-07-27 17:21:00,2024-07-27 18:21:00,wellness,Well child visit,158.95,139.77
E00741,P0187,2023-08-17 08:39:00,2023-08-17 09:39:00,ambulatory,Follow-up visit,311.23,196.85
E00742,P0380,2025-12-19 17:19:00,2025-12-19 20:19:00,urgentcare,Urgent care visit,257.21,150.21
E00743,P0197,2023-08-06 09:13:00,2023-08-06 14:13:00,wellness,Annual wellness visit,109.26,63.06
E00744,P0229,2023-06-03 16:19:00,2023-06-03 21:19:00,emergency,ED visit for chest pain,2648.78,2372.93
E00745,P0104,2023-11-11 07:44:00,2023-11-11 09:44:00,ambulatory,Medication review,173.68,136.28
E00746,P0457,2024-12-12 13:14:00,2024-12-12 17:14:00,emergency,Emergency room admission,4112.31,3554.43
E00747,P0035,2025-12-08 15:35:00,2025-12-08 16:35:00,ambulatory,Chronic disease check,166.74,0
E00748,P0357,2024-08-16 07:46:00,2024-08-24 07:46:00,inpatient,Hospital admission,8066.98,6423.62
E00749,P0204,2025-12-26 15:45:00,2025-12-26 16:45:00,ambulatory,Medication review,166.35,108.74
E00750,P0400,2024-07-10 10:31:00,2024-07-10 12:31:00,ambulatory,Medication review,121.01,71.05
E00751,P0357,2025-11-16 14:46:00,2025-11-16 19:46:00,wellness,Well child visit,203.24,126.29
E00752,P0113,2024-07-03 16:25:00,2024-07-03 17:25:00,wellness,Annual wellness visit,117.38,83.74
E00753,P0150,2023-10-31 11:44:00,2023-10-31 13:44:00,wellness,Annual wellness visit,133.27,100.88
E00754,P0128,2024-03-06 16:07:00,2024-03-09 21:07:00,inpatient,Admission for pneumonia,6047.6,4554.29
E00755,P0498,2023-06-20 19:02:00,2023-06-21 00:02:00,ambulatory,Follow-up visit,193.93,128.64
E00756,P0314,2023-04-28 17:40:00,2023-04-28 18:40:00,wellness,Annual wellness visit,221.83,175.73
E00757,P0144,2023-02-02 16:10:00,2023-02-02 21:10:00,wellness,Well child visit,107.03,94.0
E00758,P0132,2024-02-27 14:32:00,2024-02-27 16:32:00,emergency,Emergency room admission,2553.74,1871.04
E00759,P0414,2025-03-20 09:39:00,2025-03-20 13:39:00,emergency,ED visit for chest pain,2081.79,1347.87
E00760,P0462,2025-10-12 10:05:00,2025-10-12 14:05:00,ambulatory,Follow-up visit,171.81,0
E00761,P0097,2024-01-05 18:03:00,2024-01-05 21:03:00,ambulatory,Follow-up visit,125.89,107.52
E00762,P0419,2024-01-20 08:11:00,2024-01-20 10:11:00,ambulatory,Follow-up visit,140.17,95.6
E00763,P0331,2023-07-25 19:21:00,2023-08-02 09:21:00,inpatient,Hospital admission,10667.9,0
E00764,P0309,2025-02-25 07:21:00,2025-02-25 08:21:00,wellness,Annual wellness visit,222.25,0
E00765,P0068,2023-06-21 11:34:00,2023-06-21 13:34:00,wellness,Annual wellness visit,240.18,196.22
E00766,P0005,2023-08-06 16:15:00,2023-08-16 12:15:00,inpatient,Hospital admission,33820.68,19647.4
E00767,P0246,2025-06-28 09:47:00,2025-06-28 12:47:00,urgentcare,Urgent care visit,299.29,178.83
E00768,P0279,2023-09-10 07:21:00,2023-09-10 08:21:00,outpatient,Imaging study,526.19,284.68
E00769,P0454,2023-10-18 07:01:00,2023-10-18 09:01:00,urgentcare,Urgent care visit,160.8,105.19
E00770,P0181,2024-04-07 18:40:00,2024-04-07 22:40:00,outpatient,Physical therapy,1810.89,1501.43
E00771,P0058,2023-08-14 10:49:00,2023-08-14 11:49:00,ambulatory,Chronic disease check,387.81,249.33
E00772,P0316,2025-01-08 08:26:00,2025-01-08 09:26:00,ambulatory,Follow-up visit,289.26,194.22
E00773,P0172,2025-05-20 09:33:00,2025-05-20 12:33:00,ambulatory,Chronic disease check,294.93,188.56
E00774,P0054,2025-10-19 18:17:00,2025-10-19 21:17:00,wellness,Annual wellness visit,239.26,195.13
E00775,P0442,2023-11-01 18:11:00,2023-11-01 20:11:00,emergency,ED visit for chest pain,2533.31,1719.3
E00776,P0408,2025-09-06 08:08:00,2025-09-06 09:08:00,urgentcare,Urgent care visit,410.03,228.74
E00777,P0166,2024-01-08 13:34:00,2024-01-14 07:34:00,inpatient,Admission for pneumonia,16856.74,11673.55
E00778,P0499,2024-11-13 09:21:00,2024-11-13 11:21:00,ambulatory,Medication review,227.29,158.84
E00779,P0274,2024-04-16 13:33:00,2024-04-16 14:33:00,ambulatory,Chronic disease check,282.67,200.92
E00780,P0398,2024-03-25 18:59:00,2024-03-25 19:59:00,outpatient,Outpatient procedure,817.42,475.18
E00781,P0436,2025-08-28 09:16:00,2025-08-28 10:16:00,wellness,Well child visit,99.53,64.13
E00782,P0435,2023-10-13 12:01:00,2023-10-13 16:01:00,emergency,ED visit for chest pain,1635.12,976.16
E00783,P0424,2023-10-10 09:00:00,2023-10-10 11:00:00,wellness,Annual wellness visit,150.39,117.07
E00784,P0218,2023-08-06 18:18:00,2023-08-06 23:18:00,ambulatory,Medication review,140.66,119.31
E00785,P0016,2023-10-17 08:20:00,2023-10-17 10:20:00,wellness,Well child visit,102.33,57.29
E00786,P0094,2023-10-14 19:46:00,2023-10-15 00:46:00,ambulatory,Chronic disease check,315.6,217.16
E00787,P0370,2023-01-28 11:53:00,2023-01-28 12:53:00,ambulatory,Medication review,163.65,83.93
E00788,P0385,2023-11-25 07:11:00,2023-11-25 11:11:00,wellness,Well child visit,223.23,161.1
E00789,P0425,2025-10-24 12:13:00,2025-10-24 14:13:00,wellness,Annual wellness visit,157.79,96.05
E00790,P0048,2023-09-14 19:40:00,2023-09-14 21:40:00,ambulatory,Follow-up visit,232.11,136.38
E00791,P0095,2023-06-08 18:49:00,2023-06-08 22:49:00,urgentcare,Urgent care visit,364.84,303.15
E00792,P0085,2025-01-30 18:02:00,2025-01-30 22:02:00,wellness,Annual wellness visit,121.16,65.64
E00793,P0186,2024-11-18 07:28:00,2024-11-18 09:28:00,outpatient,Physical therapy,920.86,499.65
E00794,P0109,2024-09-25 10:12:00,2024-09-25 15:12:00,ambulatory,Follow-up visit,176.48,105.21
E00795,P0044,2023-04-02 16:37:00,2023-04-09 19:37:00,inpatient,Admission for pneumonia,7553.14,4058.18
E00796,P0159,2024-12-31 19:49:00,2024-12-31 22:49:00,wellness,Annual wellness visit,243.4,152.32
E00797,P0201,2023-09-23 18:59:00,2023-09-23 19:59:00,outpatient,Physical therapy,1028.9,721.7
E00798,P0258,2023-11-04 07:24:00,2023-11-04 12:24:00,urgentcare,Urgent care visit,508.23,373.32
E00799,P0437,2023-11-27 09:35:00,2023-11-27 13:35:00,wellness,Annual wellness visit,102.6,90.4
E00800,P0119,2023-10-16 19:15:00,2023-10-16 21:15:00,emergency,ED visit for chest pain,5966.42,4051.15
E00801,P0068,2025-01-07 17:38:00,2025-01-07 21:38:00,ambulatory,Medication review,131.2,106.23
E00802,P0199,2023-06-03 09:36:00,2023-06-03 14:36:00,wellness,Well child visit,190.45,102.65
E00803,P0008,2024-09-25 16:20:00,2024-09-25 17:20:00,wellness,Well child visit,169.83,0
E00804,P0161,2024-08-28 09:45:00,2024-08-28 10:45:00,wellness,Well child visit,134.82,86.47
E00805,P0037,2025-08-01 11:24:00,2025-08-01 15:24:00,wellness,Well child visit,246.56,187.41
E00806,P0072,2025-09-26 07:40:00,2025-09-26 10:40:00,emergency,ED visit for chest pain,5280.92,3504.49
E00807,P0318,2023-09-22 14:31:00,2023-09-22 17:31:00,emergency,ED visit for chest pain,3513.64,2282.02
E00808,P0350,2025-07-10 11:29:00,2025-07-10 12:29:00,ambulatory,Medication review,293.77,153.59
E00809,P0405,2023-01-17 09:38:00,2023-01-17 10:38:00,wellness,Annual wellness visit,136.51,99.39
E00810,P0438,2025-03-06 14:53:00,2025-03-06 15:53:00,wellness,Well child visit,145.83,110.39
E00811,P0461,2023-08-12 08:27:00,2023-08-12 10:27:00,urgentcare,Urgent care visit,479.3,386.93
E00812,P0103,2023-05-13 12:24:00,2023-05-13 15:24:00,ambulatory,Chronic disease check,399.0,233.44
E00813,P0380,2024-07-24 14:45:00,2024-07-24 15:45:00,ambulatory,Chronic disease check,272.62,152.18
E00814,P0110,2023-03-06 17:15:00,2023-03-06 21:15:00,ambulatory,Chronic disease check,137.47,112.15
E00815,P0243,2024-03-09 07:23:00,2024-03-09 11:23:00,wellness,Annual wellness visit,133.18,71.04
E00816,P0036,2023-06-17 12:05:00,2023-06-17 16:05:00,wellness,Annual wellness visit,229.41,176.15
E00817,P0133,2023-04-21 08:34:00,2023-04-21 12:34:00,wellness,Well child visit,144.72,81.88
E00818,P0179,2025-09-13 15:06:00,2025-09-13 20:06:00,emergency,Emergency room admission,4413.04,3910.99
E00819,P0224,2025-03-07 07:10:00,2025-03-07 12:10:00,ambulatory,Medication review,339.26,196.58
E00820,P0371,2023-10-24 12:31:00,2023-10-24 15:31:00,outpatient,Imaging study,331.21,0
E00821,P0479,2024-10-10 08:56:00,2024-10-10 12:56:00,wellness,Annual wellness visit,132.05,118.22
E00822,P0483,2023-09-15 17:49:00,2023-09-15 21:49:00,urgentcare,Urgent care visit,437.51,225.14
E00823,P0382,2025-05-10 18:53:00,2025-05-18 13:53:00,inpatient,Admission for pneumonia,32329.07,18959.54
E00824,P0108,2023-01-30 13:19:00,2023-02-05 10:19:00,inpatient,Admission for pneumonia,6550.5,4590.81
E00825,P0445,2025-10-19 18:04:00,2025-10-19 22:04:00,wellness,Well child visit,156.25,100.14
E00826,P0278,2024-11-18 08:56:00,2024-11-18 10:56:00,ambulatory,Chronic disease check,248.47,141.82
E00827,P0305,2025-06-11 13:30:00,2025-06-11 16:30:00,wellness,Well child visit,225.21,169.73
E00828,P0360,2023-07-23 08:29:00,2023-07-23 09:29:00,outpatient,Outpatient procedure,497.2,371.16
E00829,P0211,2023-07-24 17:48:00,2023-07-24 21:48:00,wellness,Annual wellness visit,170.54,130.82
E00830,P0437,2024-04-01 14:45:00,2024-04-01 19:45:00,ambulatory,Follow-up visit,226.7,191.0
E00831,P0487,2025-08-08 14:02:00,2025-08-08 18:02:00,wellness,Well child visit,91.22,74.15
E00832,P0260,2024-06-25 12:14:00,2024-06-25 16:14:00,wellness,Annual wellness visit,197.73,170.06
E00833,P0213,2023-02-23 09:37:00,2023-02-23 12:37:00,wellness,Well child visit,224.52,142.35
E00834,P0492,2025-05-30 11:07:00,2025-05-30 16:07:00,ambulatory,Follow-up visit,392.58,293.06
E00835,P0202,2025-05-28 09:11:00,2025-05-28 13:11:00,urgentcare,Urgent care visit,589.81,390.01
E00836,P0163,2025-06-14 10:56:00,2025-06-14 11:56:00,ambulatory,Follow-up visit,318.81,223.71
E00837,P0324,2025-03-13 17:42:00,2025-03-13 20:42:00,ambulatory,Follow-up visit,354.45,311.73
E00838,P0105,2023-02-22 14:27:00,2023-02-22 15:27:00,wellness,Annual wellness visit,190.62,97.43
E00839,P0363,2023-06-11 16:45:00,2023-06-11 20:45:00,ambulatory,Medication review,127.08,70.18
E00840,P0233,2025-01-03 10:11:00,2025-01-03 12:11:00,outpatient,Outpatient procedure,1735.55,1073.9
E00841,P0275,2025-02-13 11:26:00,2025-02-13 12:26:00,urgentcare,Urgent care visit,273.73,205.56
E00842,P0327,2023-07-31 08:53:00,2023-08-07 05:53:00,inpatient,Hospital admission,37524.77,20369.6
E00843,P0145,2024-01-05 08:35:00,2024-01-05 09:35:00,wellness,Well child visit,169.08,146.27
E00844,P0107,2025-10-02 07:22:00,2025-10-02 11:22:00,ambulatory,Medication review,140.6,74.59
E00845,P0352,2024-10-04 17:48:00,2024-10-04 21:48:00,ambulatory,Follow-up visit,346.39,214.59
E00846,P0463,2023-03-06 09:00:00,2023-03-06 12:00:00,wellness,Well child visit,249.0,223.59
E00847,P0308,2023-11-21 15:54:00,2023-11-21 18:54:00,ambulatory,Follow-up visit,379.44,281.71
E00848,P0275,2025-11-14 19:59:00,2025-11-14 21:59:00,wellness,Well child visit,124.61,68.03
E00849,P0112,2023-10-11 10:45:00,2023-10-11 11:45:00,wellness,Annual wellness visit,206.44,125.32
E00850,P0247,2023-07-08 12:56:00,2023-07-08 17:56:00,wellness,Well child visit,194.31,155.07
E00851,P0254,2025-03-30 10:17:00,2025-03-30 13:17:00,ambulatory,Medication review,168.43,141.21
E00852,P0368,2025-03-15 08:45:00,2025-03-15 13:45:00,wellness,Well child visit,216.9,122.82
E00853,P0106,2025-09-26 14:23:00,2025-10-03 08:23:00,inpatient,Admission for pneumonia,20407.07,16863.52
E00854,P0319,2025-02-23 14:19:00,2025-02-23 16:19:00,wellness,Well child visit,180.74,155.28
E00855,P0420,2023-12-09 07:34:00,2023-12-09 12:34:00,wellness,Well child visit,130.49,80.56
E00856,P0424,2025-12-22 13:00:00,2025-12-22 17:00:00,emergency,Emergency room admission,1052.69,867.01
E00857,P0220,2025-01-02 11:11:00,2025-01-02 12:11:00,urgentcare,Urgent care visit,246.83,160.14
E00858,P0400,2023-01-20 12:26:00,2023-01-20 13:26:00,ambulatory,Follow-up visit,320.7,220.05
E00859,P0408,2024-04-21 16:35:00,2024-04-21 17:35:00,ambulatory,Medication review,227.97,133.33
E00860,P0112,2024-07-23 19:13:00,2024-07-24 00:13:00,wellness,Annual wellness visit,241.4,176.12
E00861,P0331,2025-06-10 12:25:00,2025-06-10 15:25:00,ambulatory,Follow-up visit,175.48,0
E00862,P0411,2023-04-06 11:41:00,2023-04-06 15:41:00,ambulatory,Chronic disease check,153.39,87.2
E00863,P0168,2024-04-29 16:50:00,2024-04-29 17:50:00,ambulatory,Medication review,199.81,162.51
E00864,P0295,2025-08-03 11:51:00,2025-08-06 20:51:00,inpatient,Admission for pneumonia,34615.86,17820.36
E00865,P0274,2023-03-22 12:45:00,2023-03-22 13:45:00,emergency,Emergency room admission,1254.22,1043.44
E00866,P0213,2024-07-16 12:24:00,2024-07-16 15:24:00,outpatient,Physical therapy,1180.76,956.23
E00867,P0253,2025-03-16 12:05:00,2025-03-16 16:05:00,outpatient,Physical therapy,1385.34,1228.6
E00868,P0063,2023-07-30 07:29:00,2023-07-30 09:29:00,urgentcare,Urgent care visit,171.53,95.28
E00869,P0166,2025-06-11 10:51:00,2025-06-11 12:51:00,emergency,ED visit for chest pain,1348.89,1114.8
E00870,P0276,2023-04-18 11:25:00,2023-04-20 22:25:00,inpatient,Admission for pneumonia,9767.32,5176.84
E00871,P0169,2025-02-16 11:36:00,2025-02-16 13:36:00,outpatient,Physical therapy,2334.69,1597.58
E00872,P0065,2023-10-31 19:51:00,2023-11-01 00:51:00,ambulatory,Chronic disease check,368.58,278.19
E00873,P0343,2025-12-16 11:06:00,2025-12-16 16:06:00,wellness,Well child visit,166.47,148.25
E00874,P0165,2025-09-15 10:51:00,2025-09-15 11:51:00,urgentcare,Urgent care visit,268.72,210.82
E00875,P0181,2024-05-11 18:15:00,2024-05-11 20:15:00,ambulatory,Follow-up visit,314.59,279.58
E00876,P0031,2024-03-18 14:59:00,2024-03-18 18:59:00,wellness,Annual wellness visit,120.07,76.39
E00877,P0417,2025-12-16 15:46:00,2025-12-16 18:46:00,ambulatory,Chronic disease check,332.94,260.83
E00878,P0336,2025-10-30 08:48:00,2025-10-30 10:48:00,wellness,Well child visit,125.01,81.79
E00879,P0232,2025-11-17 10:27:00,2025-11-17 14:27:00,emergency,ED visit for chest pain,1858.56,1243.82
E00880,P0352,2023-07-29 09:30:00,2023-07-29 13:30:00,ambulatory,Medication review,365.33,198.77
E00881,P0009,2024-01-19 11:33:00,2024-01-19 12:33:00,emergency,ED visit for chest pain,3328.83,2133.06
E00882,P0061,2023-06-22 13:02:00,2023-06-22 17:02:00,emergency,ED visit for chest pain,1981.54,1388.81
E00883,P0261,2025-06-22 11:39:00,2025-06-22 14:39:00,ambulatory,Medication review,147.39,96.25
E00884,P0476,2024-08-25 10:13:00,2024-08-25 14:13:00,ambulatory,Chronic disease check,169.46,120.63
E00885,P0253,2023-08-12 18:37:00,2023-08-12 19:37:00,ambulatory,Follow-up visit,300.98,176.93
E00886,P0028,2024-06-29 11:04:00,2024-06-29 12:04:00,emergency,ED visit for chest pain,3613.87,2134.3
E00887,P0318,2025-04-08 13:41:00,2025-04-08 17:41:00,outpatient,Physical therapy,522.87,433.79
E00888,P0355,2024-02-26 09:55:00,2024-02-26 11:55:00,wellness,Well child visit,145.62,113.92
E00889,P0148,2023-07-13 10:09:00,2023-07-13 15:09:00,outpatient,Physical therapy,2297.12,1586.63
E00890,P0157,2024-05-03 09:54:00,2024-05-03 12:54:00,emergency,Emergency room admission,4375.36,2515.56
E00891,P0461,2023-01-27 18:22:00,2023-01-27 22:22:00,ambulatory,Follow-up visit,239.82,136.94
E00892,P0136,2023-12-16 18:35:00,2023-12-16 19:35:00,emergency,ED visit for chest pain,3929.43,0
E00893,P0299,2024-05-21 15:03:00,2024-05-21 16:03:00,wellness,Annual wellness visit,97.23,70.68
E00894,P0149,2025-12-11 15:35:00,2025-12-11 17:35:00,urgentcare,Urgent care visit,489.75,264.46
E00895,P0412,2025-07-15 15:22:00,2025-07-15 18:22:00,outpatient,Imaging study,2477.54,1896.22
E00896,P0130,2023-01-28 13:01:00,2023-01-28 16:01:00,ambulatory,Medication review,318.84,258.2
E00897,P0439,2025-09-18 08:55:00,2025-09-18 11:55:00,emergency,Emergency room admission,4397.5,2458.91
E00898,P0211,2023-10-18 13:05:00,2023-10-18 17:05:00,emergency,ED visit for chest pain,1057.61,680.86
E00899,P0382,2025-02-12 17:54:00,2025-02-12 18:54:00,wellness,Well child visit,244.47,218.78
E00900,P0449,2024-06-27 18:35:00,2024-06-27 21:35:00,ambulatory,Chronic disease check,368.64,271.19
E00901,P0484,2024-09-25 10:15:00,2024-09-27 20:15:00,inpatient,Admission for pneumonia,25703.57,21428.26
E00902,P0063,2025-07-20 16:40:00,2025-07-20 19:40:00,ambulatory,Follow-up visit,200.75,140.44
E00903,P0351,2023-11-04 15:55:00,2023-11-04 18:55:00,wellness,Annual wellness visit,189.81,117.96
E00904,P0148,2024-08-26 07:15:00,2024-08-26 11:15:00,wellness,Well child visit,96.55,80.15
E00905,P0064,2024-09-18 07:05:00,2024-09-18 11:05:00,wellness,Annual wellness visit,146.36,76.1
E00906,P0071,2024-08-03 15:34:00,2024-08-03 20:34:00,ambulatory,Follow-up visit,163.41,128.32
E00907,P0074,2024-02-07 14:22:00,2024-02-15 19:22:00,inpatient,Admission for pneumonia,37220.83,21868.84
E00908,P0243,2024-05-24 18:34:00,2024-05-24 22:34:00,emergency,Emergency room admission,3055.07,2618.85
E00909,P0472,2024-09-28 09:57:00,2024-09-28 14:57:00,ambulatory,Chronic disease check,242.03,198.89
E00910,P0072,2024-02-13 11:16:00,2024-02-13 13:16:00,outpatient,Outpatient procedure,1215.89,754.37
E00911,P0044,2025-08-02 16:18:00,2025-08-02 18:18:00,wellness,Well child visit,150.15,80.84
E00912,P0270,2024-10-03 15:35:00,2024-10-03 18:35:00,ambulatory,Chronic disease check,251.15,172.44
E00913,P0493,2023-02-26 16:32:00,2023-02-26 17:32:00,ambulatory,Chronic disease check,388.1,207.78
E00914,P0072,2024-09-11 11:08:00,2024-09-11 16:08:00,outpatient,Outpatient procedure,1426.85,1067.79
E00915,P0461,2024-08-23 07:54:00,2024-08-23 11:54:00,ambulatory,Medication review,155.26,78.0
E00916,P0414,2025-11-26 14:51:00,2025-11-26 15:51:00,urgentcare,Urgent care visit,188.1,156.49
E00917,P0333,2023-07-19 11:57:00,2023-07-19 16:57:00,wellness,Well child visit,167.03,141.26
E00918,P0063,2025-11-12 19:37:00,2025-11-12 20:37:00,outpatient,Physical therapy,1843.46,1028.03
E00919,P0380,2023-10-07 10:48:00,2023-10-16 14:48:00,inpatient,Hospital admission,27748.72,17214.11
E00920,P0160,2023-01-14 15:16:00,2023-01-14 20:16:00,outpatient,Outpatient procedure,1813.1,955.24
E00921,P0079,2023-09-05 15:52:00,2023-09-05 16:52:00,outpatient,Outpatient procedure,843.85,581.83
E00922,P0427,2025-03-11 07:56:00,2025-03-11 08:56:00,ambulatory,Chronic disease check,203.98,182.17
E00923,P0420,2024-06-17 17:27:00,2024-06-17 21:27:00,wellness,Annual wellness visit,227.49,153.09
E00924,P0326,2023-10-18 19:42:00,2023-10-18 21:42:00,wellness,Annual wellness visit,117.32,81.01
E00925,P0149,2023-07-24 17:02:00,2023-07-24 21:02:00,wellness,Well child visit,148.77,97.66
E00926,P0358,2025-08-08 14:06:00,2025-08-08 18:06:00,urgentcare,Urgent care visit,216.67,147.95
E00927,P0289,2024-09-12 07:34:00,2024-09-12 12:34:00,ambulatory,Chronic disease check,244.45,216.37
E00928,P0240,2025-07-27 11:43:00,2025-07-27 12:43:00,emergency,ED visit for chest pain,5906.94,4136.37
E00929,P0441,2024-12-15 19:03:00,2024-12-16 00:03:00,ambulatory,Follow-up visit,229.37,130.69
E00930,P0078,2024-11-25 14:50:00,2024-11-25 16:50:00,ambulatory,Medication review,197.94,122.95
E00931,P0202,2025-09-17 13:25:00,2025-09-17 17:25:00,wellness,Annual wellness visit,186.93,136.54
E00932,P0475,2025-12-12 11:25:00,2025-12-12 13:25:00,ambulatory,Medication review,315.38,278.19
E00933,P0179,2025-04-06 08:09:00,2025-04-06 09:09:00,ambulatory,Medication review,128.27,72.3
E00934,P0050,2025-10-19 18:35:00,2025-10-19 22:35:00,outpatient,Outpatient procedure,1012.05,903.29
E00935,P0414,2024-04-29 08:47:00,2024-04-29 10:47:00,emergency,ED visit for chest pain,4613.63,3701.63
E00936,P0216,2023-05-07 17:26:00,2023-05-07 20:26:00,emergency,Emergency room admission,1483.82,1003.97
E00937,P0192,2023-03-02 09:58:00,2023-03-02 12:58:00,outpatient,Imaging study,536.85,349.52
E00938,P0327,2024-02-14 10:20:00,2024-02-14 13:20:00,ambulatory,Medication review,257.51,158.22
E00939,P0104,2025-06-07 16:01:00,2025-06-07 18:01:00,outpatient,Outpatient procedure,489.24,367.74
E00940,P0343,2023-03-10 09:23:00,2023-03-10 10:23:00,wellness,Well child visit,147.53,107.3
E00941,P0443,2024-01-15 18:38:00,2024-01-15 23:38:00,wellness,Annual wellness visit,169.39,123.34
E00942,P0243,2024-12-31 17:33:00,2024-12-31 22:33:00,ambulatory,Follow-up visit,358.96,242.5
E00943,P0321,2023-05-26 16:42:00,2023-05-26 17:42:00,ambulatory,Medication review,155.61,96.37
E00944,P0061,2023-04-16 17:15:00,2023-04-16 22:15:00,ambulatory,Follow-up visit,212.66,176.2
E00945,P0149,2024-05-29 13:39:00,2024-05-29 16:39:00,emergency,Emergency room admission,1246.56,1106.01
E00946,P0039,2024-05-09 15:50:00,2024-05-09 20:50:00,ambulatory,Chronic disease check,260.01,194.35
E00947,P0280,2023-08-16 16:56:00,2023-08-16 20:56:00,outpatient,Imaging study,2361.24,1797.6
E00948,P0017,2024-06-18 10:25:00,2024-06-18 13:25:00,ambulatory,Follow-up visit,368.65,204.86
E00949,P0281,2024-11-06 19:55:00,2024-11-06 20:55:00,urgentcare,Urgent care visit,256.03,210.52
E00950,P0289,2023-03-14 12:54:00,2023-03-14 13:54:00,emergency,Emergency room admission,5744.53,4911.62
E00951,P0246,2024-07-08 19:20:00,2024-07-08 20:20:00,emergency,ED visit for chest pain,1430.71,1005.85
E00952,P0333,2025-09-05 12:10:00,2025-09-05 14:10:00,ambulatory,Follow-up visit,126.0,64.33
E00953,P0401,2025-12-30 17:22:00,2025-12-30 21:22:00,urgentcare,Urgent care visit,456.87,329.4
E00954,P0027,2025-02-11 18:52:00,2025-02-11 20:52:00,ambulatory,Chronic disease check,240.32,172.99
E00955,P0060,2025-01-23 13:00:00,2025-01-23 15:00:00,ambulatory,Follow-up visit,216.08,0
E00956,P0122,2023-01-21 10:52:00,2023-01-21 14:52:00,wellness,Annual wellness visit,209.6,187.88
E00957,P0008,2024-05-26 07:58:00,2024-05-26 08:58:00,emergency,ED visit for chest pain,1188.94,0
E00958,P0093,2024-10-05 12:58:00,2024-10-05 17:58:00,wellness,Annual wellness visit,194.83,175.2
E00959,P0067,2025-09-07 18:13:00,2025-09-07 19:13:00,outpatient,Outpatient procedure,1744.5,1046.84
E00960,P0279,2025-01-01 10:45:00,2025-01-01 14:45:00,wellness,Well child visit,204.1,165.75
E00961,P0150,2024-05-15 15:59:00,2024-05-15 18:59:00,emergency,Emergency room admission,2526.18,1317.65
E00962,P0462,2025-09-22 11:46:00,2025-09-22 12:46:00,ambulatory,Follow-up visit,177.0,0
E00963,P0431,2024-04-17 12:12:00,2024-04-27 09:12:00,inpatient,Hospital admission,24800.83,16094.65
E00964,P0418,2023-03-15 11:00:00,2023-03-15 15:00:00,urgentcare,Urgent care visit,442.46,389.9
E00965,P0011,2023-03-11 11:36:00,2023-03-11 14:36:00,ambulatory,Chronic disease check,284.71,236.56
E00966,P0044,2025-02-25 15:27:00,2025-02-25 16:27:00,wellness,Well child visit,228.04,154.52
E00967,P0115,2024-01-13 18:15:00,2024-01-13 22:15:00,wellness,Well child visit,175.2,89.79
E00968,P0391,2023-02-23 17:23:00,2023-02-23 20:23:00,ambulatory,Chronic disease check,378.36,311.81
E00969,P0303,2023-02-26 12:49:00,2023-02-26 17:49:00,wellness,Well child visit,159.45,129.64
E00970,P0476,2023-04-27 08:51:00,2023-04-27 13:51:00,outpatient,Physical therapy,1153.84,1007.29
E00971,P0148,2025-08-07 14:14:00,2025-08-07 19:14:00,emergency,ED visit for chest pain,4568.02,2581.02
E00972,P0196,2024-05-02 09:15:00,2024-05-02 10:15:00,ambulatory,Medication review,198.6,174.84
E00973,P0044,2024-08-28 12:45:00,2024-09-05 14:45:00,inpatient,Admission for pneumonia,19416.44,12517.35
E00974,P0338,2023-01-26 09:07:00,2023-01-26 12:07:00,wellness,Well child visit,180.95,150.98
E00975,P0434,2025-08-05 07:17:00,2025-08-05 11:17:00,wellness,Annual wellness visit,91.42,81.03
E00976,P0246,2024-03-22 13:58:00,2024-03-22 14:58:00,outpatient,Outpatient procedure,1575.05,961.69
E00977,P0313,2023-05-12 14:31:00,2023-05-12 16:31:00,ambulatory,Chronic disease check,192.24,116.08
E00978,P0254,2023-12-24 09:30:00,2023-12-24 14:30:00,wellness,Annual wellness visit,194.96,106.41
E00979,P0020,2025-11-03 14:30:00,2025-11-03 19:30:00,wellness,Annual wellness visit,140.77,73.81
E00980,P0366,2024-06-11 07:16:00,2024-06-20 12:16:00,inpatient,Admission for pneumonia,34727.65,0
E00981,P0277,2024-04-25 12:58:00,2024-04-25 13:58:00,outpatient,Imaging study,470.45,256.52
E00982,P0040,2024-10-29 16:44:00,2024-10-29 19:44:00,wellness,Well child visit,222.66,117.69
E00983,P0219,2023-10-21 07:25:00,2023-10-21 10:25:00,emergency,ED visit for chest pain,3995.53,2533.14
E00984,P0209,2025-02-06 15:01:00,2025-02-06 18:01:00,emergency,Emergency room admission,4071.77,2635.74
E00985,P0149,2023-02-22 08:48:00,2023-02-22 13:48:00,emergency,ED visit for chest pain,1978.55,1393.53
E00986,P0400,2024-12-05 10:40:00,2024-12-05 14:40:00,outpatient,Outpatient procedure,2127.6,1622.98
E00987,P0077,2023-06-10 08:19:00,2023-06-10 10:19:00,ambulatory,Medication review,278.31,209.33
E00988,P0376,2023-09-06 16:00:00,2023-09-06 17:00:00,ambulatory,Medication review,289.99,205.83
E00989,P0226,2024-02-04 16:49:00,2024-02-04 19:49:00,ambulatory,Chronic disease check,375.1,224.02
E00990,P0394,2024-04-17 14:46:00,2024-04-22 22:46:00,inpatient,Hospital admission,31438.4,24434.84
E00991,P0228,2025-04-19 13:10:00,2025-04-19 14:10:00,outpatient,Physical therapy,1074.37,570.04
E00992,P0186,2024-04-16 14:39:00,2024-04-16 18:39:00,outpatient,Outpatient procedure,805.48,701.0
E00993,P0126,2025-04-14 18:30:00,2025-04-14 23:30:00,urgentcare,Urgent care visit,449.66,367.98
E00994,P0175,2023-06-16 13:58:00,2023-06-16 17:58:00,ambulatory,Follow-up visit,261.41,190.94
E00995,P0324,2024-02-10 10:04:00,2024-02-10 14:04:00,emergency,Emergency room admission,979.11,653.51
E00996,P0392,2025-08-20 19:40:00,2025-08-20 20:40:00,ambulatory,Follow-up visit,155.39,129.52
E00997,P0013,2023-05-30 09:15:00,2023-05-30 14:15:00,outpatient,Imaging study,2207.14,1901.9
E00998,P0182,2024-05-09 19:09:00,2024-05-09 22:09:00,wellness,Well child visit,109.04,80.32
E00999,P0316,2023-04-03 08:15:00,2023-04-03 11:15:00,wellness,Well child visit,241.99,182.06
E01000,P0380,2024-08-15 19:55:00,2024-08-15 23:55:00,urgentcare,Urgent care visit,465.05,367.15
E01001,P0302,2025-11-09 08:25:00,2025-11-09 10:25:00,emergency,ED visit for chest pain,5467.56,4207.63
E01002,P0233,2025-06-17 10:00:00,2025-06-17 15:00:00,ambulatory,Chronic disease check,322.31,282.96
E01003,P0050,2025-10-07 12:49:00,2025-10-07 13:49:00,wellness,Well child visit,180.26,110.7
E01004,P0197,2024-01-01 09:26:00,2024-01-01 10:26:00,ambulatory,Medication review,347.92,296.76
E01005,P0375,2025-11-29 11:44:00,2025-11-29 16:44:00,wellness,Well child visit,230.73,124.54
E01006,P0146,2024-08-12 11:40:00,2024-08-12 15:40:00,wellness,Annual wellness visit,160.23,98.6
E01007,P0470,2023-08-06 10:57:00,2023-08-06 13:57:00,wellness,Annual wellness visit,112.56,81.14
E01008,P0261,2023-02-26 17:12:00,2023-02-26 18:12:00,urgentcare,Urgent care visit,581.94,292.52
E01009,P0427,2025-01-26 10:28:00,2025-01-26 13:28:00,urgentcare,Urgent care visit,573.81,454.94
E01010,P0267,2025-07-18 12:02:00,2025-07-18 13:02:00,wellness,Annual wellness visit,204.6,138.67
E01011,P0222,2023-06-27 09:20:00,2023-06-27 12:20:00,ambulatory,Follow-up visit,324.86,288.27
E01012,P0412,2024-03-31 19:24:00,2024-03-31 20:24:00,wellness,Well child visit,142.34,86.89
E01013,P0323,2023-06-01 19:03:00,2023-06-01 22:03:00,outpatient,Outpatient procedure,2263.0,1523.79
E01014,P0478,2025-12-03 12:25:00,2025-12-03 14:25:00,outpatient,Physical therapy,2151.15,1796.33
E01015,P0321,2023-01-17 11:11:00,2023-01-17 13:11:00,wellness,Annual wellness visit,183.81,141.41
E01016,P0136,2025-09-19 10:11:00,2025-09-19 14:11:00,ambulatory,Follow-up visit,199.13,0
E01017,P0326,2025-11-23 19:20:00,2025-11-23 21:20:00,emergency,Emergency room admission,916.31,638.01
E01018,P0313,2023-12-31 07:39:00,2023-12-31 11:39:00,wellness,Well child visit,200.08,150.54
E01019,P0121,2025-09-18 16:03:00,2025-09-18 18:03:00,outpatient,Outpatient procedure,2231.36,1896.69
E01020,P0343,2025-03-14 17:12:00,2025-03-14 20:12:00,ambulatory,Chronic disease check,272.16,146.59
E01021,P0058,2024-08-11 14:09:00,2024-08-18 08:09:00,inpatient,Admission for pneumonia,17063.5,9322.26
E01022,P0238,2023-08-21 12:55:00,2023-08-30 22:55:00,inpatient,Hospital admission,19535.04,15813.08
E01023,P0248,2025-09-28 17:15:00,2025-09-28 21:15:00,urgentcare,Urgent care visit,459.25,283.07
E01024,P0260,2025-04-17 08:02:00,2025-04-17 13:02:00,wellness,Well child visit,213.49,164.39
E01025,P0211,2025-06-24 14:15:00,2025-06-24 18:15:00,ambulatory,Follow-up visit,193.0,117.21
E01026,P0373,2023-04-04 12:15:00,2023-04-04 16:15:00,wellness,Annual wellness visit,155.57,0
E01027,P0275,2023-08-14 17:28:00,2023-08-14 22:28:00,wellness,Annual wellness visit,142.75,125.64
E01028,P0011,2023-07-04 19:01:00,2023-07-04 22:01:00,urgentcare,Urgent care visit,560.5,427.09
E01029,P0266,2024-02-11 09:40:00,2024-02-11 14:40:00,wellness,Annual wellness visit,153.28,94.43
E01030,P0083,2024-11-09 14:03:00,2024-11-09 16:03:00,emergency,Emergency room admission,3720.05,3258.78
E01031,P0019,2025-12-14 08:44:00,2025-12-14 13:44:00,urgentcare,Urgent care visit,329.07,170.1
E01032,P0145,2024-04-16 17:46:00,2024-04-16 19:46:00,ambulatory,Medication review,129.46,71.13
E01033,P0402,2025-03-31 09:14:00,2025-03-31 12:14:00,ambulatory,Follow-up visit,361.36,191.36
E01034,P0370,2025-04-30 07:20:00,2025-04-30 08:20:00,outpatient,Physical therapy,1933.83,1434.8
E01035,P0078,2025-03-12 10:18:00,2025-03-12 15:18:00,wellness,Well child visit,227.49,152.43
E01036,P0381,2024-07-15 14:49:00,2024-07-15 16:49:00,wellness,Well child visit,105.95,68.93
E01037,P0220,2025-04-12 16:34:00,2025-04-12 19:34:00,wellness,Annual wellness visit,167.34,109.27
E01038,P0255,2025-02-02 16:19:00,2025-02-02 17:19:00,outpatient,Physical therapy,1294.99,1152.64
E01039,P0204,2025-07-04 13:18:00,2025-07-04 17:18:00,urgentcare,Urgent care visit,403.42,255.35
E01040,P0415,2023-06-21 08:37:00,2023-06-21 13:37:00,outpatient,Imaging study,672.36,495.77
E01041,P0043,2025-08-27 15:55:00,2025-08-27 20:55:00,wellness,Annual wellness visit,211.69,170.83
E01042,P0130,2024-11-22 09:34:00,2024-11-22 10:34:00,ambulatory,Medication review,210.0,155.29
E01043,P0447,2024-03-04 19:53:00,2024-03-05 00:53:00,wellness,Well child visit,217.15,135.76
E01044,P0334,2025-08-02 19:05:00,2025-08-02 23:05:00,wellness,Annual wellness visit,172.31,149.65
E01045,P0218,2025-02-08 09:10:00,2025-02-08 10:10:00,outpatient,Physical therapy,656.6,360.2
E01046,P0102,2023-08-21 07:39:00,2023-08-21 11:39:00,ambulatory,Medication review,258.65,212.42
E01047,P0250,2025-05-06 13:48:00,2025-05-06 14:48:00,wellness,Well child visit,137.48,123.5
E01048,P0369,2024-07-09 15:55:00,2024-07-09 18:55:00,emergency,ED visit for chest pain,4037.01,0
E01049,P0289,2023-10-17 11:57:00,2023-10-17 16:57:00,outpatient,Physical therapy,1807.05,1591.65
E01050,P0191,2024-05-29 15:03:00,2024-05-29 19:03:00,ambulatory,Chronic disease check,178.97,155.85
E01051,P0369,2023-10-05 09:48:00,2023-10-12 23:48:00,inpatient,Admission for pneumonia,30312.77,0
E01052,P0006,2024-01-03 09:33:00,2024-01-03 13:33:00,ambulatory,Follow-up visit,138.77,86.69
E01053,P0097,2023-07-12 16:10:00,2023-07-12 20:10:00,wellness,Annual wellness visit,142.97,107.23
E01054,P0305,2024-12-18 17:51:00,2024-12-18 22:51:00,wellness,Well child visit,231.33,173.85
E01055,P0476,2024-08-05 14:16:00,2024-08-05 19:16:00,wellness,Well child visit,206.69,154.98
E01056,P0207,2024-02-19 08:19:00,2024-02-19 13:19:00,emergency,Emergency room admission,1677.35,1026.53
E01057,P0135,2023-09-17 15:54:00,2023-09-17 20:54:00,ambulatory,Chronic disease check,300.55,189.97
E01058,P0396,2024-07-21 19:34:00,2024-07-22 00:34:00,emergency,ED visit for chest pain,4309.33,2515.45
E01059,P0002,2024-03-19 08:33:00,2024-03-19 13:33:00,urgentcare,Urgent care visit,215.92,149.02
E01060,P0001,2023-04-17 09:20:00,2023-04-17 14:20:00,ambulatory,Chronic disease check,346.03,265.04
E01061,P0168,2023-08-29 11:06:00,2023-08-29 16:06:00,ambulatory,Chronic disease check,230.11,180.06
E01062,P0182,2025-12-05 12:24:00,2025-12-05 17:24:00,ambulatory,Medication review,141.9,118.75
E01063,P0490,2024-07-22 19:08:00,2024-07-22 21:08:00,wellness,Well child visit,224.38,156.18
E01064,P0404,2023-09-04 16:31:00,2023-09-04 20:31:00,wellness,Annual wellness visit,194.33,99.13
E01065,P0188,2024-12-09 19:25:00,2024-12-09 23:25:00,emergency,Emergency room admission,1990.28,1299.62
E01066,P0092,2023-01-22 10:20:00,2023-01-22 14:20:00,emergency,Emergency room admission,2741.06,0
E01067,P0003,2024-11-03 08:36:00,2024-11-03 11:36:00,ambulatory,Medication review,376.43,326.98
E01068,P0311,2024-07-17 17:57:00,2024-07-17 21:57:00,wellness,Well child visit,153.73,93.72
E01069,P0030,2023-03-04 19:15:00,2023-03-11 19:15:00,inpatient,Admission for pneumonia,39905.87,27779.28
E01070,P0243,2023-08-01 07:39:00,2023-08-01 10:39:00,outpatient,Physical therapy,363.44,203.99
E01071,P0377,2023-09-27 08:24:00,2023-09-27 12:24:00,wellness,Annual wellness visit,223.45,116.73
E01072,P0327,2024-10-05 08:39:00,2024-10-05 13:39:00,outpatient,Outpatient procedure,910.45,693.8
E01073,P0378,2024-10-10 19:06:00,2024-10-10 21:06:00,wellness,Well child visit,234.92,165.98
E01074,P0482,2025-05-02 18:23:00,2025-05-02 19:23:00,outpatient,Physical therapy,442.9,247.58
E01075,P0137,2025-06-27 07:45:00,2025-06-27 10:45:00,wellness,Well child visit,187.36,0
E01076,P0089,2023-01-07 12:18:00,2023-01-07 15:18:00,outpatient,Outpatient procedure,1533.23,976.03
E01077,P0291,2023-06-26 16:39:00,2023-06-26 20:39:00,urgentcare,Urgent care visit,189.67,108.68
E01078,P0045,2023-02-11 09:53:00,2023-02-11 10:53:00,wellness,Well child visit,124.8,85.38
E01079,P0450,2024-05-20 12:15:00,2024-05-20 14:15:00,outpatient,Physical therapy,1944.3,1075.38
E01080,P0028,2024-08-10 10:02:00,2024-08-10 13:02:00,ambulatory,Chronic disease check,159.32,106.04
E01081,P0428,2024-02-13 10:01:00,2024-02-13 13:01:00,wellness,Well child visit,131.5,79.67
E01082,P0251,2025-01-14 12:57:00,2025-01-14 17:57:00,ambulatory,Medication review,245.91,190.53
E01083,P0088,2025-02-28 09:39:00,2025-02-28 14:39:00,wellness,Well child visit,180.99,115.61
E01084,P0416,2024-08-14 10:32:00,2024-08-14 13:32:00,outpatient,Physical therapy,1839.24,1325.44
E01085,P0381,2023-07-05 15:45:00,2023-07-05 17:45:00,urgentcare,Urgent care visit,266.2,160.87
E01086,P0473,2024-01-17 15:06:00,2024-01-17 17:06:00,wellness,Well child visit,164.76,106.91
E01087,P0194,2023-03-11 12:30:00,2023-03-11 13:30:00,outpatient,Outpatient procedure,1684.84,949.41
E01088,P0244,2023-07-25 10:11:00,2023-07-25 13:11:00,ambulatory,Chronic disease check,205.76,147.88
E01089,P0386,2025-07-23 17:07:00,2025-07-23 22:07:00,wellness,Well child visit,201.12,138.66
E01090,P0125,2025-02-03 17:15:00,2025-02-03 20:15:00,wellness,Well child visit,167.21,103.68
E01091,P0498,2024-04-24 15:39:00,2024-04-24 16:39:00,emergency,ED visit for chest pain,3047.03,2686.24
E01092,P0206,2023-12-02 15:44:00,2023-12-02 17:44:00,ambulatory,Medication review,378.26,335.17
E01093,P0483,2023-10-13 09:13:00,2023-10-13 12:13:00,ambulatory,Follow-up visit,340.8,302.67
E01094,P0159,2023-10-17 12:54:00,2023-10-17 16:54:00,urgentcare,Urgent care visit,328.2,164.21
E01095,P0076,2023-12-19 12:08:00,2023-12-19 15:08:00,wellness,Annual wellness visit,102.86,86.72
E01096,P0224,2024-05-16 09:37:00,2024-05-16 14:37:00,wellness,Well child visit,225.31,113.1
E01097,P0082,2025-08-22 16:23:00,2025-08-22 20:23:00,ambulatory,Chronic disease check,315.66,242.23
E01098,P0426,2024-05-12 08:38:00,2024-05-12 12:38:00,ambulatory,Follow-up visit,155.98,102.94
E01099,P0168,2025-05-19 17:11:00,2025-05-19 21:11:00,emergency,ED visit for chest pain,3623.99,2519.85
E01100,P0380,2023-02-25 10:47:00,2023-03-05 21:47:00,inpatient,Hospital admission,12057.44,7809.04
E01101,P0175,2023-01-04 17:25:00,2023-01-04 22:25:00,ambulatory,Follow-up visit,330.47,250.57
E01102,P0071,2023-04-01 10:36:00,2023-04-01 13:36:00,ambulatory,Chronic disease check,241.91,158.12
E01103,P0093,2024-08-06 12:18:00,2024-08-06 16:18:00,ambulatory,Chronic disease check,309.08,158.85
E01104,P0491,2024-01-03 09:47:00,2024-01-09 14:47:00,inpatient,Hospital admission,29199.55,20029.99
E01105,P0043,2023-07-27 18:11:00,2023-07-27 22:11:00,ambulatory,Follow-up visit,344.99,194.7
E01106,P0066,2025-02-25 18:42:00,2025-02-25 22:42:00,ambulatory,Medication review,123.24,108.94
E01107,P0206,2023-04-22 12:10:00,2023-04-22 16:10:00,ambulatory,Medication review,192.42,105.14
E01108,P0414,2025-07-11 15:34:00,2025-07-11 18:34:00,urgentcare,Urgent care visit,501.45,420.05
E01109,P0498,2024-01-02 14:14:00,2024-01-02 19:14:00,ambulatory,Medication review,332.69,176.99
E01110,P0004,2024-06-12 10:22:00,2024-06-12 15:22:00,ambulatory,Medication review,347.59,295.06
E01111,P0223,2024-07-30 07:40:00,2024-07-30 08:40:00,wellness,Well child visit,228.86,148.04
E01112,P0456,2025-01-26 11:18:00,2025-01-26 15:18:00,ambulatory,Chronic disease check,214.49,173.04
E01113,P0013,2024-01-02 12:00:00,2024-01-02 15:00:00,ambulatory,Chronic disease check,236.78,149.14
E01114,P0326,2023-08-17 13:05:00,2023-08-17 14:05:00,wellness,Well child visit,175.0,104.9
E01115,P0044,2023-09-16 19:24:00,2023-09-16 21:24:00,ambulatory,Chronic disease check,297.22,254.74
E01116,P0177,2024-05-14 19:30:00,2024-05-22 09:30:00,inpatient,Hospital admission,25348.32,0
E01117,P0040,2023-03-20 09:30:00,2023-03-20 14:30:00,ambulatory,Medication review,393.52,324.65
E01118,P0052,2023-06-11 12:45:00,2023-06-11 15:45:00,ambulatory,Follow-up visit,238.31,136.69
E01119,P0383,2023-06-12 14:23:00,2023-06-12 15:23:00,wellness,Well child visit,216.98,194.84
E01120,P0316,2024-05-14 18:50:00,2024-05-14 19:50:00,ambulatory,Chronic disease check,224.79,131.75
E01121,P0479,2024-01-16 11:43:00,2024-01-16 16:43:00,ambulatory,Medication review,308.0,203.12
E01122,P0093,2024-07-12 07:05:00,2024-07-12 11:05:00,outpatient,Imaging study,755.7,576.51
E01123,P0141,2024-10-13 08:39:00,2024-10-13 10:39:00,wellness,Well child visit,125.97,74.12
E01124,P0314,2025-08-01 17:02:00,2025-08-01 21:02:00,wellness,Well child visit,191.56,137.27
E01125,P0244,2023-01-26 12:51:00,2023-01-26 15:51:00,emergency,ED visit for chest pain,2530.18,1418.7
E01126,P0438,2024-03-07 16:05:00,2024-03-07 18:05:00,outpatient,Imaging study,1780.57,1177.27
E01127,P0339,2023-06-10 17:46:00,2023-06-10 21:46:00,emergency,ED visit for chest pain,3762.76,0
E01128,P0043,2025-12-20 13:18:00,2025-12-20 16:18:00,wellness,Well child visit,136.69,93.03
E01129,P0240,2023-12-08 17:39:00,2023-12-08 20:39:00,wellness,Well child visit,180.38,162.04
E01130,P0012,2024-08-04 16:29:00,2024-08-04 20:29:00,urgentcare,Urgent care visit,595.36,517.05
E01131,P0068,2023-09-10 08:39:00,2023-09-10 12:39:00,ambulatory,Follow-up visit,181.13,131.92
E01132,P0092,2025-04-01 16:23:00,2025-04-01 20:23:00,emergency,Emergency room admission,2695.33,0
E01133,P0215,2024-07-25 12:27:00,2024-07-25 15:27:00,emergency,ED visit for chest pain,4114.41,2883.88
E01134,P0273,2025-04-07 15:26:00,2025-04-07 19:26:00,ambulatory,Chronic disease check,200.16,112.65
E01135,P0448,2024-08-13 07:03:00,2024-08-13 12:03:00,wellness,Well child visit,222.78,169.86
E01136,P0350,2025-02-24 16:54:00,2025-02-24 20:54:00,emergency,ED visit for chest pain,5868.66,3377.71
E01137,P0015,2023-10-11 17:24:00,2023-10-11 22:24:00,outpatient,Outpatient procedure,1407.39,1041.23
E01138,P0375,2023-02-16 12:32:00,2023-02-16 17:32:00,ambulatory,Medication review,189.98,142.52
E01139,P0351,2025-01-28 07:23:00,2025-01-28 12:23:00,wellness,Well child visit,231.36,166.77
E01140,P0443,2023-11-27 14:48:00,2023-11-27 17:48:00,wellness,Annual wellness visit,205.69,117.26
E01141,P0480,2024-02-14 12:30:00,2024-02-14 14:30:00,outpatient,Outpatient procedure,944.56,550.49
E01142,P0237,2025-06-27 11:07:00,2025-06-27 13:07:00,ambulatory,Medication review,392.39,296.86
E01143,P0412,2024-11-09 09:43:00,2024-11-09 11:43:00,outpatient,Outpatient procedure,1316.87,662.06
E01144,P0017,2025-04-12 15:52:00,2025-04-12 19:52:00,outpatient,Outpatient procedure,2196.77,1786.45
E01145,P0491,2023-09-05 19:12:00,2023-09-06 00:12:00,wellness,Annual wellness visit,193.53,130.71
E01146,P0424,2024-08-22 13:47:00,2024-08-22 14:47:00,outpatient,Physical therapy,1099.42,957.55
E01147,P0323,2025-05-27 09:07:00,2025-05-27 10:07:00,outpatient,Imaging study,621.16,498.9
E01148,P0297,2023-08-17 19:19:00,2023-08-17 21:19:00,urgentcare,Urgent care visit,314.91,175.34
E01149,P0125,2024-03-06 11:30:00,2024-03-06 12:30:00,urgentcare,Urgent care visit,298.51,203.97
E01150,P0364,2024-05-16 19:55:00,2024-05-16 22:55:00,ambulatory,Medication review,215.88,0
E01151,P0228,2025-07-11 18:56:00,2025-07-11 21:56:00,ambulatory,Medication review,279.1,143.54
E01152,P0072,2024-08-13 07:26:00,2024-08-13 09:26:00,wellness,Well child visit,230.83,181.32
E01153,P0158,2023-11-21 16:41:00,2023-11-21 19:41:00,emergency,ED visit for chest pain,3323.95,2557.15
E01154,P0080,2023-09-21 09:30:00,2023-09-21 14:30:00,outpatient,Imaging study,943.13,568.63
E01155,P0117,2024-03-09 16:57:00,2024-03-09 19:57:00,wellness,Annual wellness visit,113.74,68.67
E01156,P0370,2025-11-24 13:55:00,2025-11-24 17:55:00,ambulatory,Follow-up visit,293.17,260.62
E01157,P0330,2025-10-23 12:21:00,2025-10-23 17:21:00,wellness,Well child visit,149.9,113.83
E01158,P0446,2023-12-26 15:15:00,2023-12-26 19:15:00,ambulatory,Follow-up visit,123.99,78.98
E01159,P0159,2023-11-04 11:44:00,2023-11-04 16:44:00,wellness,Annual wellness visit,214.48,163.0
E01160,P0183,2023-01-25 19:44:00,2023-01-26 00:44:00,ambulatory,Medication review,371.48,215.83
E01161,P0341,2023-07-22 12:37:00,2023-07-22 17:37:00,wellness,Annual wellness visit,100.75,89.48
E01162,P0029,2025-12-06 11:13:00,2025-12-06 13:13:00,ambulatory,Medication review,191.7,109.86
E01163,P0480,2024-05-16 10:53:00,2024-05-16 14:53:00,outpatient,Physical therapy,690.35,418.56
E01164,P0143,2024-01-25 19:30:00,2024-01-25 20:30:00,wellness,Annual wellness visit,234.98,166.61
E01165,P0032,2024-05-14 16:59:00,2024-05-14 21:59:00,wellness,Annual wellness visit,166.37,118.92
E01166,P0401,2023-05-30 10:21:00,2023-05-30 14:21:00,wellness,Annual wellness visit,108.63,75.0
E01167,P0052,2024-03-16 17:12:00,2024-03-16 21:12:00,ambulatory,Follow-up visit,203.99,149.46
E01168,P0441,2025-06-25 17:58:00,2025-06-25 19:58:00,emergency,ED visit for chest pain,3903.58,3501.1
E01169,P0129,2024-07-08 15:24:00,2024-07-08 17:24:00,urgentcare,Urgent care visit,297.89,210.22
E01170,P0488,2024-06-25 16:04:00,2024-06-25 18:04:00,outpatient,Physical therapy,1050.51,761.1
E01171,P0159,2023-08-17 19:54:00,2023-08-17 21:54:00,outpatient,Imaging study,1372.68,1176.86
E01172,P0261,2023-12-01 10:03:00,2023-12-01 11:03:00,ambulatory,Medication review,332.92,207.03
E01173,P0474,2024-12-02 17:53:00,2024-12-02 22:53:00,emergency,Emergency room admission,5095.04,4134.71
E01174,P0391,2024-09-21 15:33:00,2024-09-21 18:33:00,wellness,Well child visit,141.2,76.41
E01175,P0154,2024-03-06 16:44:00,2024-03-06 18:44:00,emergency,Emergency room admission,2551.2,2057.69
E01176,P0403,2023-11-20 17:24:00,2023-11-20 19:24:00,wellness,Well child visit,142.11,108.2
E01177,P0404,2024-07-05 10:54:00,2024-07-05 13:54:00,ambulatory,Chronic disease check,252.15,163.47
E01178,P0157,2024-12-25 19:43:00,2024-12-25 22:43:00,ambulatory,Chronic disease check,245.92,178.37
E01179,P0391,2025-04-07 07:56:00,2025-04-07 11:56:00,ambulatory,Follow-up visit,219.01,194.92
E01180,P0393,2024-02-19 10:33:00,2024-02-19 13:33:00,wellness,Well child visit,137.17,0
E01181,P0013,2025-02-22 12:33:00,2025-02-22 17:33:00,ambulatory,Follow-up visit,276.79,226.69
E01182,P0317,2024-07-15 08:49:00,2024-07-15 09:49:00,ambulatory,Chronic disease check,188.08,148.42
E01183,P0483,2025-08-20 07:47:00,2025-08-20 11:47:00,outpatient,Physical therapy,1813.16,1259.81
E01184,P0144,2025-02-07 08:00:00,2025-02-10 09:00:00,inpatient,Admission for pneumonia,7907.9,4827.13
E01185,P0190,2024-08-05 08:53:00,2024-08-05 12:53:00,ambulatory,Medication review,157.6,83.46
E01186,P0397,2023-11-07 09:34:00,2023-11-07 14:34:00,outpatient,Outpatient procedure,957.48,693.92
E01187,P0225,2024-06-17 16:30:00,2024-06-17 21:30:00,wellness,Annual wellness visit,220.77,122.79
E01188,P0395,2024-10-04 13:09:00,2024-10-04 17:09:00,wellness,Annual wellness visit,209.56,120.22
E01189,P0240,2025-01-11 12:41:00,2025-01-11 14:41:00,wellness,Well child visit,198.43,119.48
E01190,P0383,2023-10-15 09:02:00,2023-10-15 13:02:00,emergency,ED visit for chest pain,3079.39,2522.76
E01191,P0426,2025-11-15 13:22:00,2025-11-15 14:22:00,ambulatory,Follow-up visit,278.4,246.08
E01192,P0448,2025-10-04 11:49:00,2025-10-04 16:49:00,urgentcare,Urgent care visit,300.19,238.28
E01193,P0290,2023-08-19 16:04:00,2023-08-19 18:04:00,wellness,Annual wellness visit,217.77,158.88
E01194,P0240,2024-01-26 19:49:00,2024-01-26 20:49:00,outpatient,Imaging study,1987.65,1643.99
E01195,P0239,2023-11-08 18:06:00,2023-11-08 21:06:00,ambulatory,Medication review,140.45,102.54
E01196,P0233,2025-06-04 07:21:00,2025-06-04 11:21:00,ambulatory,Follow-up visit,280.93,210.55
E01197,P0200,2024-04-06 12:30:00,2024-04-06 16:30:00,wellness,Annual wellness visit,114.08,83.71
E01198,P0394,2025-07-26 18:09:00,2025-07-26 20:09:00,ambulatory,Medication review,335.58,292.0
E01199,P0458,2023-11-09 10:13:00,2023-11-09 12:13:00,emergency,Emergency room admission,1951.34,1054.42
E01200,P0274,2023-03-22 09:10:00,2023-03-22 14:10:00,outpatient,Outpatient procedure,1066.74,673.1
E01201,P0162,2024-03-03 10:26:00,2024-03-03 13:26:00,emergency,ED visit for chest pain,1732.77,0
E01202,P0120,2024-03-20 13:03:00,2024-03-20 14:03:00,emergency,ED visit for chest pain,1600.29,878.95
E01203,P0486,2025-06-28 19:41:00,2025-06-28 21:41:00,ambulatory,Chronic disease check,226.52,153.0
E01204,P0102,2025-02-18 17:04:00,2025-02-18 18:04:00,wellness,Annual wellness visit,104.86,73.68
E01205,P0297,2023-09-07 09:46:00,2023-09-07 11:46:00,outpatient,Imaging study,564.79,449.72
E01206,P0184,2024-10-10 14:05:00,2024-10-10 16:05:00,outpatient,Outpatient procedure,762.72,625.37
E01207,P0185,2025-11-07 08:54:00,2025-11-07 12:54:00,ambulatory,Chronic disease check,124.52,0
E01208,P0412,2023-07-24 13:03:00,2023-07-24 16:03:00,ambulatory,Follow-up visit,384.8,259.22
E01209,P0435,2024-04-14 18:58:00,2024-04-14 19:58:00,outpatient,Imaging study,1730.95,1471.96
E01210,P0009,2024-07-16 19:27:00,2024-07-25 16:27:00,inpatient,Hospital admission,36509.26,20309.89
E01211,P0128,2023-01-19 09:11:00,2023-01-19 14:11:00,wellness,Well child visit,114.92,92.5
E01212,P0032,2024-03-05 19:37:00,2024-03-05 22:37:00,ambulatory,Chronic disease check,224.08,185.83
E01213,P0215,2025-11-28 09:35:00,2025-11-28 11:35:00,wellness,Annual wellness visit,148.41,120.9
E01214,P0016,2024-09-18 13:53:00,2024-09-18 16:53:00,ambulatory,Chronic disease check,374.51,280.42
E01215,P0015,2024-11-10 07:29:00,2024-11-10 11:29:00,urgentcare,Urgent care visit,165.4,143.14
E01216,P0024,2025-12-11 09:53:00,2025-12-11 11:53:00,ambulatory,Chronic disease check,148.03,127.14
E01217,P0048,2023-05-16 08:55:00,2023-05-16 12:55:00,ambulatory,Chronic disease check,250.04,210.65
E01218,P0275,2023-01-02 12:18:00,2023-01-02 16:18:00,ambulatory,Chronic disease check,251.46,138.62
E01219,P0337,2023-07-17 15:09:00,2023-07-17 19:09:00,ambulatory,Medication review,329.64,190.7
E01220,P0113,2023-10-20 10:50:00,2023-10-20 11:50:00,ambulatory,Medication review,328.09,217.04
E01221,P0455,2024-05-26 10:51:00,2024-05-26 13:51:00,outpatient,Physical therapy,706.18,0
E01222,P0155,2025-08-04 18:24:00,2025-08-04 23:24:00,ambulatory,Medication review,265.58,237.71
E01223,P0137,2023-09-27 12:35:00,2023-09-27 16:35:00,urgentcare,Urgent care visit,318.65,0
E01224,P0297,2023-03-12 19:45:00,2023-03-12 23:45:00,outpatient,Outpatient procedure,1690.14,1507.29
E01225,P0008,2023-03-11 11:03:00,2023-03-11 13:03:00,wellness,Annual wellness visit,153.48,0
E01226,P0293,2024-12-05 10:12:00,2024-12-05 15:12:00,ambulatory,Follow-up visit,233.58,159.13
E01227,P0135,2023-08-30 19:42:00,2023-08-30 22:42:00,ambulatory,Medication review,303.53,263.94
E01228,P0173,2024-01-17 11:21:00,2024-01-23 02:21:00,inpatient,Admission for pneumonia,33437.61,27044.44
E01229,P0234,2024-12-02 15:51:00,2024-12-02 18:51:00,outpatient,Imaging study,438.86,294.3
E01230,P0014,2023-09-16 08:36:00,2023-09-20 18:36:00,inpatient,Hospital admission,39152.99,21460.19
E01231,P0365,2024-12-12 12:14:00,2024-12-12 16:14:00,wellness,Annual wellness visit,159.79,141.66
E01232,P0498,2025-03-25 15:43:00,2025-03-25 17:43:00,ambulatory,Medication review,159.68,94.01
E01233,P0009,2024-12-25 15:58:00,2024-12-25 20:58:00,wellness,Annual wellness visit,214.79,176.15
E01234,P0186,2025-12-23 09:50:00,2025-12-23 12:50:00,ambulatory,Medication review,164.45,93.12
E01235,P0325,2024-04-08 19:49:00,2024-04-08 21:49:00,emergency,ED visit for chest pain,3658.19,3085.02
E01236,P0143,2025-03-31 12:03:00,2025-03-31 16:03:00,wellness,Well child visit,234.15,200.78
E01237,P0240,2024-09-06 07:00:00,2024-09-06 08:00:00,ambulatory,Medication review,190.37,146.06
E01238,P0107,2023-05-17 08:00:00,2023-05-17 12:00:00,emergency,ED visit for chest pain,1615.55,1339.25
E01239,P0392,2024-05-11 13:40:00,2024-05-15 05:40:00,inpatient,Admission for pneumonia,27966.88,20599.47
E01240,P0128,2023-05-25 10:51:00,2023-05-25 13:51:00,urgentcare,Urgent care visit,213.2,117.13
E01241,P0379,2023-11-07 10:30:00,2023-11-07 14:30:00,ambulatory,Chronic disease check,159.87,0
E01242,P0390,2023-08-29 15:53:00,2023-08-29 18:53:00,ambulatory,Medication review,266.79,197.26
E01243,P0119,2024-09-03 09:07:00,2024-09-03 14:07:00,outpatient,Imaging study,1934.41,1086.11
E01244,P0451,2024-11-30 11:38:00,2024-12-02 21:38:00,inpatient,Admission for pneumonia,18971.06,0
E01245,P0058,2025-05-22 16:59:00,2025-05-22 18:59:00,outpatient,Physical therapy,2227.73,1885.11
E01246,P0250,2024-04-05 15:55:00,2024-04-05 16:55:00,urgentcare,Urgent care visit,189.86,113.25
E01247,P0436,2025-06-04 14:11:00,2025-06-04 15:11:00,outpatient,Imaging study,1703.73,1425.9
E01248,P0376,2024-05-30 17:55:00,2024-05-30 22:55:00,wellness,Well child visit,142.61,127.38
E01249,P0043,2025-09-21 11:08:00,2025-09-21 16:08:00,wellness,Well child visit,169.2,129.65
E01250,P0054,2025-09-26 16:34:00,2025-10-05 03:34:00,inpatient,Admission for pneumonia,34472.01,25600.68
E01251,P0446,2025-02-22 07:43:00,2025-02-22 12:43:00,emergency,Emergency room admission,1449.77,1058.69
E01252,P0061,2024-05-03 13:09:00,2024-05-11 17:09:00,inpatient,Admission for pneumonia,28868.72,23848.84
E01253,P0368,2024-12-12 18:02:00,2024-12-12 22:02:00,outpatient,Physical therapy,2174.91,1838.59
E01254,P0020,2025-06-03 18:25:00,2025-06-03 19:25:00,emergency,Emergency room admission,2001.8,1020.23
E01255,P0485,2024-08-21 14:02:00,2024-08-21 15:02:00,ambulatory,Chronic disease check,324.14,208.56
E01256,P0350,2024-05-24 11:43:00,2024-05-24 15:43:00,ambulatory,Chronic disease check,339.44,231.93
E01257,P0326,2023-11-25 10:34:00,2023-11-25 15:34:00,wellness,Well child visit,213.33,169.87
E01258,P0386,2023-12-19 15:31:00,2023-12-19 16:31:00,ambulatory,Medication review,213.45,152.68
E01259,P0413,2024-04-11 12:24:00,2024-04-11 15:24:00,urgentcare,Urgent care visit,195.58,147.82
E01260,P0161,2024-01-17 19:54:00,2024-01-17 23:54:00,outpatient,Physical therapy,744.73,516.97
E01261,P0173,2025-01-10 19:52:00,2025-01-10 21:52:00,urgentcare,Urgent care visit,581.69,294.55
E01262,P0098,2025-11-02 18:57:00,2025-11-02 23:57:00,ambulatory,Medication review,202.94,145.16
E01263,P0204,2023-06-05 10:23:00,2023-06-05 11:23:00,outpatient,Physical therapy,499.19,432.24
E01264,P0340,2024-06-23 09:29:00,2024-06-23 12:29:00,ambulatory,Chronic disease check,269.19,148.92
E01265,P0198,2024-08-24 17:28:00,2024-08-24 22:28:00,wellness,Well child visit,245.32,220.73
E01266,P0227,2024-05-18 16:21:00,2024-05-18 18:21:00,urgentcare,Urgent care visit,450.38,229.94
E01267,P0115,2024-03-24 11:11:00,2024-03-24 13:11:00,urgentcare,Urgent care visit,348.16,194.33
E01268,P0152,2023-02-12 17:26:00,2023-02-12 21:26:00,wellness,Well child visit,224.07,161.9
E01269,P0291,2024-01-17 15:51:00,2024-01-17 20:51:00,wellness,Well child visit,153.94,122.95
E01270,P0362,2025-01-15 11:29:00,2025-01-15 15:29:00,urgentcare,Urgent care visit,316.6,198.84
E01271,P0183,2023-10-03 12:29:00,2023-10-03 14:29:00,wellness,Annual wellness visit,217.29,117.04
E01272,P0470,2025-11-05 19:05:00,2025-11-05 23:05:00,urgentcare,Urgent care visit,390.91,321.68
E01273,P0310,2024-12-14 19:14:00,2024-12-15 00:14:00,wellness,Annual wellness visit,221.37,0
E01274,P0239,2023-04-19 14:51:00,2023-04-19 19:51:00,wellness,Well child visit,160.06,84.17
E01275,P0088,2025-07-07 16:32:00,2025-07-07 17:32:00,wellness,Well child visit,233.33,197.64
E01276,P0076,2024-12-26 08:06:00,2024-12-26 11:06:00,wellness,Annual wellness visit,181.16,142.29
E01277,P0252,2023-10-01 13:45:00,2023-10-01 15:45:00,ambulatory,Chronic disease check,305.3,218.4
E01278,P0346,2024-04-21 16:43:00,2024-04-21 21:43:00,ambulatory,Follow-up visit,384.95,310.47
E01279,P0349,2023-01-14 17:24:00,2023-01-14 18:24:00,ambulatory,Chronic disease check,319.39,234.74
E01280,P0397,2023-05-11 16:02:00,2023-05-18 01:02:00,inpatient,Hospital admission,30832.93,18484.95
E01281,P0308,2024-01-03 10:05:00,2024-01-03 11:05:00,urgentcare,Urgent care visit,442.23,350.01
E01282,P0170,2025-04-06 16:47:00,2025-04-06 20:47:00,wellness,Well child visit,218.79,170.34
E01283,P0071,2024-01-10 08:38:00,2024-01-10 11:38:00,urgentcare,Urgent care visit,309.82,263.85
E01284,P0256,2024-06-17 13:51:00,2024-06-17 15:51:00,wellness,Annual wellness visit,126.26,80.29
E01285,P0385,2024-06-11 07:20:00,2024-06-11 12:20:00,wellness,Annual wellness visit,99.74,77.11
E01286,P0049,2025-12-19 07:12:00,2025-12-19 08:12:00,wellness,Well child visit,142.3,72.72
E01287,P0464,2025-02-06 08:11:00,2025-02-06 10:11:00,ambulatory,Medication review,172.77,120.81
E01288,P0275,2024-12-08 08:39:00,2024-12-08 10:39:00,wellness,Annual wellness visit,185.95,159.28
E01289,P0362,2023-12-30 15:39:00,2023-12-30 17:39:00,urgentcare,Urgent care visit,516.46,264.5
E01290,P0020,2023-09-04 12:19:00,2023-09-04 15:19:00,emergency,Emergency room admission,1449.65,1067.0
E01291,P0086,2025-10-16 10:17:00,2025-10-16 15:17:00,emergency,ED visit for chest pain,1691.79,1480.53
E01292,P0476,2025-03-07 14:38:00,2025-03-07 15:38:00,outpatient,Outpatient procedure,1771.15,1125.28
E01293,P0188,2025-10-02 10:12:00,2025-10-02 14:12:00,wellness,Annual wellness visit,96.65,83.76
E01294,P0472,2023-07-22 15:52:00,2023-07-22 16:52:00,ambulatory,Chronic disease check,305.78,264.42
E01295,P0289,2025-12-25 15:54:00,2025-12-25 19:54:00,ambulatory,Medication review,331.94,192.65
E01296,P0165,2024-02-10 11:59:00,2024-02-10 15:59:00,wellness,Well child visit,154.68,82.44
E01297,P0013,2024-10-20 16:34:00,2024-10-20 20:34:00,ambulatory,Chronic disease check,290.71,203.22
E01298,P0403,2023-04-23 16:00:00,2023-04-23 17:00:00,urgentcare,Urgent care visit,234.64,146.15
E01299,P0301,2023-12-22 17:56:00,2023-12-22 20:56:00,outpatient,Physical therapy,1926.37,984.73
E01300,P0495,2024-01-21 13:00:00,2024-01-21 18:00:00,ambulatory,Medication review,134.68,114.41
E01301,P0379,2024-01-01 15:40:00,2024-01-01 18:40:00,ambulatory,Follow-up visit,310.72,0
E01302,P0467,2025-07-25 10:10:00,2025-07-25 12:10:00,wellness,Annual wellness visit,203.99,160.26
E01303,P0254,2023-02-01 07:46:00,2023-02-01 11:46:00,wellness,Annual wellness visit,122.96,106.94
E01304,P0003,2024-11-08 10:01:00,2024-11-08 14:01:00,emergency,ED visit for chest pain,5115.52,4435.33
E01305,P0206,2023-10-18 17:13:00,2023-10-18 19:13:00,wellness,Well child visit,189.48,161.58
E01306,P0217,2024-09-26 10:29:00,2024-09-26 13:29:00,outpatient,Outpatient procedure,1200.25,799.79
E01307,P0212,2024-01-24 15:19:00,2024-01-24 18:19:00,ambulatory,Medication review,288.04,223.81
E01308,P0022,2025-07-08 09:11:00,2025-07-08 11:11:00,outpatient,Outpatient procedure,455.15,248.56
E01309,P0462,2023-05-17 10:07:00,2023-05-17 15:07:00,urgentcare,Urgent care visit,297.32,0
E01310,P0490,2025-03-26 11:51:00,2025-03-26 16:51:00,outpatient,Physical therapy,930.17,562.38
E01311,P0390,2024-02-18 08:28:00,2024-02-18 13:28:00,wellness,Annual wellness visit,225.43,124.18
E01312,P0019,2023-08-12 08:54:00,2023-08-12 10:54:00,ambulatory,Chronic disease check,130.65,74.97
E01313,P0391,2023-05-19 11:07:00,2023-05-19 15:07:00,outpatient,Imaging study,1653.71,1315.26
E01314,P0227,2023-03-26 18:18:00,2023-03-26 23:18:00,ambulatory,Follow-up visit,334.7,270.24
E01315,P0372,2023-01-30 09:36:00,2023-01-30 12:36:00,ambulatory,Chronic disease check,360.66,313.32
E01316,P0180,2023-04-26 13:40:00,2023-04-26 17:40:00,ambulatory,Chronic disease check,162.87,0
E01317,P0259,2024-01-12 17:42:00,2024-01-12 19:42:00,wellness,Well child visit,143.74,73.33
E01318,P0226,2024-05-18 17:16:00,2024-05-18 22:16:00,wellness,Annual wellness visit,136.05,75.83
E01319,P0494,2023-08-17 18:41:00,2023-08-17 19:41:00,ambulatory,Medication review,234.78,119.03
E01320,P0369,2024-10-20 13:19:00,2024-10-20 14:19:00,wellness,Annual wellness visit,112.96,0
E01321,P0351,2025-02-19 07:03:00,2025-02-19 12:03:00,wellness,Well child visit,99.35,80.22
E01322,P0062,2023-03-14 16:37:00,2023-03-14 21:37:00,emergency,ED visit for chest pain,1277.01,1117.24
E01323,P0331,2025-03-03 14:40:00,2025-03-03 16:40:00,ambulatory,Medication review,311.21,0
E01324,P0129,2025-07-20 15:10:00,2025-07-20 17:10:00,ambulatory,Chronic disease check,247.18,145.72
E01325,P0147,2023-12-24 13:37:00,2023-12-24 16:37:00,outpatient,Imaging study,2240.26,1783.25
E01326,P0222,2023-10-22 07:43:00,2023-10-22 11:43:00,urgentcare,Urgent care visit,334.67,299.53
E01327,P0065,2024-12-23 10:33:00,2024-12-23 14:33:00,urgentcare,Urgent care visit,339.51,232.3
E01328,P0232,2025-03-06 14:54:00,2025-03-06 17:54:00,ambulatory,Medication review,214.58,141.53
E01329,P0371,2024-05-18 10:42:00,2024-05-18 12:42:00,ambulatory,Medication review,279.15,0
E01330,P0338,2025-01-14 14:54:00,2025-01-14 19:54:00,urgentcare,Urgent care visit,538.1,349.73
E01331,P0158,2023-10-17 15:01:00,2023-10-17 16:01:00,wellness,Well child visit,176.85,109.67
E01332,P0427,2025-04-24 07:52:00,2025-04-28 10:52:00,inpatient,Hospital admission,13384.06,10223.56
E01333,P0480,2024-01-05 14:33:00,2024-01-05 15:33:00,ambulatory,Chronic disease check,314.31,228.49
E01334,P0089,2023-11-16 17:56:00,2023-11-16 21:56:00,wellness,Annual wellness visit,182.01,101.98
E01335,P0163,2023-09-25 15:18:00,2023-09-25 18:18:00,ambulatory,Medication review,290.9,207.19
E01336,P0322,2023-07-18 08:06:00,2023-07-18 09:06:00,emergency,Emergency room admission,1009.48,638.6
E01337,P0047,2024-12-31 10:27:00,2024-12-31 12:27:00,ambulatory,Chronic disease check,388.23,324.67
E01338,P0186,2024-10-08 16:57:00,2024-10-08 20:57:00,outpatient,Physical therapy,1345.19,766.88
E01339,P0156,2023-11-24 09:35:00,2023-11-24 11:35:00,wellness,Well child visit,156.43,88.12
E01340,P0283,2024-07-29 18:46:00,2024-07-29 20:46:00,outpatient,Physical therapy,2447.47,2149.27
E01341,P0466,2023-03-22 09:18:00,2023-03-22 13:18:00,ambulatory,Chronic disease check,252.39,143.4
E01342,P0011,2025-01-12 14:31:00,2025-01-12 19:31:00,ambulatory,Chronic disease check,280.13,240.24
E01343,P0497,2024-12-05 12:47:00,2024-12-05 13:47:00,ambulatory,Follow-up visit,368.22,210.21
E01344,P0320,2025-03-17 09:33:00,2025-03-17 10:33:00,ambulatory,Medication review,398.01,230.39
E01345,P0325,2023-06-20 13:03:00,2023-06-20 18:03:00,ambulatory,Chronic disease check,395.4,200.22
E01346,P0457,2023-12-13 13:13:00,2023-12-13 16:13:00,ambulatory,Chronic disease check,173.77,155.14
E01347,P0463,2025-09-29 12:26:00,2025-09-29 14:26:00,emergency,Emergency room admission,1165.26,909.14
E01348,P0135,2025-06-05 12:45:00,2025-06-05 13:45:00,ambulatory,Medication review,196.39,134.18
E01349,P0042,2023-03-06 09:13:00,2023-03-06 14:13:00,ambulatory,Medication review,122.99,62.44
E01350,P0195,2025-08-20 13:29:00,2025-08-20 17:29:00,wellness,Well child visit,95.76,74.57
E01351,P0172,2025-11-15 14:14:00,2025-11-15 18:14:00,ambulatory,Follow-up visit,318.04,278.97
E01352,P0369,2024-01-31 15:20:00,2024-01-31 18:20:00,wellness,Well child visit,132.67,0
E01353,P0471,2024-10-14 15:41:00,2024-10-14 16:41:00,outpatient,Outpatient procedure,350.62,288.38
E01354,P0055,2023-12-29 13:22:00,2023-12-29 14:22:00,wellness,Annual wellness visit,114.64,93.04
E01355,P0443,2023-01-28 19:34:00,2023-01-28 22:34:00,wellness,Annual wellness visit,229.23,128.94
E01356,P0321,2025-08-01 17:46:00,2025-08-07 05:46:00,inpatient,Hospital admission,32728.48,24383.57
E01357,P0029,2024-02-13 19:43:00,2024-02-13 20:43:00,outpatient,Physical therapy,708.26,623.66
E01358,P0002,2024-04-22 10:35:00,2024-04-22 11:35:00,ambulatory,Chronic disease check,320.75,201.48
E01359,P0272,2024-02-09 19:05:00,2024-02-09 23:05:00,wellness,Annual wellness visit,186.87,128.51
E01360,P0375,2023-05-06 14:33:00,2023-05-06 16:33:00,outpatient,Outpatient procedure,1416.69,808.0
E01361,P0102,2024-01-23 18:56:00,2024-01-23 19:56:00,wellness,Annual wellness visit,202.46,116.47
E01362,P0435,2024-04-11 09:46:00,2024-04-11 13:46:00,ambulatory,Medication review,297.88,184.29
E01363,P0212,2024-08-07 10:43:00,2024-08-07 14:43:00,ambulatory,Chronic disease check,190.27,151.11
E01364,P0272,2024-05-30 11:48:00,2024-05-30 13:48:00,wellness,Annual wellness visit,100.34,69.99
E01365,P0463,2025-05-30 08:21:00,2025-05-30 12:21:00,outpatient,Physical therapy,326.4,251.26
E01366,P0164,2025-01-10 18:54:00,2025-01-10 23:54:00,ambulatory,Follow-up visit,309.89,225.5
E01367,P0373,2025-07-12 13:06:00,2025-07-12 17:06:00,urgentcare,Urgent care visit,316.7,0
E01368,P0391,2024-01-25 10:53:00,2024-01-25 15:53:00,ambulatory,Medication review,167.75,107.55
E01369,P0239,2024-10-26 13:52:00,2024-10-26 17:52:00,emergency,ED visit for chest pain,5330.28,3629.23
E01370,P0073,2025-02-28 14:09:00,2025-02-28 15:09:00,outpatient,Imaging study,2221.4,1449.65
E01371,P0446,2025-03-29 13:14:00,2025-03-29 14:14:00,outpatient,Physical therapy,1255.64,1082.54
E01372,P0078,2024-01-12 10:42:00,2024-01-12 11:42:00,ambulatory,Chronic disease check,124.59,69.77
E01373,P0173,2025-10-15 13:41:00,2025-10-15 15:41:00,wellness,Well child visit,138.56,81.9
E01374,P0250,2025-10-19 14:23:00,2025-10-19 18:23:00,outpatient,Outpatient procedure,2384.13,1656.82
E01375,P0341,2023-08-06 08:08:00,2023-08-06 11:08:00,wellness,Well child visit,202.96,112.97
E01376,P0266,2024-03-19 14:06:00,2024-03-19 18:06:00,emergency,ED visit for chest pain,966.13,727.11
E01377,P0174,2025-05-28 17:26:00,2025-05-28 18:26:00,outpatient,Physical therapy,1618.05,991.47
E01378,P0372,2023-09-20 13:18:00,2023-09-20 18:18:00,ambulatory,Follow-up visit,391.72,198.63
E01379,P0190,2024-03-04 12:34:00,2024-03-04 14:34:00,ambulatory,Chronic disease check,374.84,282.46
E01380,P0462,2024-07-28 16:28:00,2024-08-03 07:28:00,inpatient,Admission for pneumonia,25625.47,0
E01381,P0358,2023-09-18 12:29:00,2023-09-18 17:29:00,wellness,Annual wellness visit,245.38,192.19
E01382,P0313,2024-05-25 15:20:00,2024-05-25 20:20:00,wellness,Annual wellness visit,165.16,103.29
E01383,P0451,2023-10-31 17:38:00,2023-10-31 20:38:00,wellness,Well child visit,103.01,0
E01384,P0237,2024-06-28 08:08:00,2024-06-28 12:08:00,outpatient,Outpatient procedure,1157.07,944.76
E01385,P0142,2025-01-15 08:00:00,2025-01-15 12:00:00,outpatient,Physical therapy,842.49,422.27
E01386,P0183,2025-09-15 16:35:00,2025-09-15 18:35:00,urgentcare,Urgent care visit,502.66,348.79
E01387,P0161,2024-02-14 18:01:00,2024-02-14 20:01:00,outpatient,Physical therapy,2407.0,1786.07
E01388,P0152,2024-02-04 15:56:00,2024-02-04 20:56:00,outpatient,Imaging study,921.4,616.6
E01389,P0420,2024-09-02 11:27:00,2024-09-02 13:27:00,emergency,Emergency room admission,1634.7,836.2
E01390,P0330,2023-06-11 13:17:00,2023-06-11 17:17:00,urgentcare,Urgent care visit,499.11,338.73
E01391,P0196,2025-06-28 19:56:00,2025-06-28 22:56:00,ambulatory,Chronic disease check,150.17,102.47
E01392,P0102,2025-07-17 11:51:00,2025-07-17 13:51:00,outpatient,Imaging study,1590.26,1403.31
E01393,P0064,2024-10-30 16:25:00,2024-10-30 20:25:00,wellness,Well child visit,149.01,124.08
E01394,P0193,2025-06-08 18:01:00,2025-06-08 21:01:00,ambulatory,Chronic disease check,230.75,171.96
E01395,P0390,2024-08-02 12:31:00,2024-08-02 17:31:00,wellness,Annual wellness visit,211.04,180.08
E01396,P0029,2023-09-28 15:28:00,2023-09-28 16:28:00,outpatient,Outpatient procedure,2339.29,1311.47
E01397,P0268,2024-04-26 08:34:00,2024-04-26 11:34:00,wellness,Well child visit,245.57,130.76
E01398,P0176,2025-10-05 13:50:00,2025-10-05 18:50:00,urgentcare,Urgent care visit,177.97,134.67
E01399,P0203,2023-07-03 10:32:00,2023-07-03 14:32:00,outpatient,Imaging study,649.93,384.08
E01400,P0029,2023-02-19 07:53:00,2023-02-19 09:53:00,outpatient,Outpatient procedure,1353.13,795.1
E01401,P0120,2023-10-09 15:32:00,2023-10-09 18:32:00,emergency,ED visit for chest pain,2547.05,1293.14
E01402,P0392,2023-02-18 18:25:00,2023-02-18 22:25:00,wellness,Annual wellness visit,178.0,103.25
E01403,P0019,2025-10-03 07:07:00,2025-10-03 10:07:00,wellness,Well child visit,202.29,142.34
E01404,P0425,2024-03-11 09:35:00,2024-03-11 14:35:00,wellness,Well child visit,91.18,55.28
E01405,P0192,2023-11-24 10:26:00,2023-11-24 15:26:00,ambulatory,Follow-up visit,191.76,120.97
E01406,P0134,2024-08-07 14:42:00,2024-08-07 15:42:00,ambulatory,Medication review,244.75,188.15
E01407,P0395,2024-01-14 08:55:00,2024-01-14 09:55:00,ambulatory,Follow-up visit,228.49,182.14
E01408,P0448,2024-09-03 18:46:00,2024-09-03 20:46:00,wellness,Well child visit,231.86,149.4
E01409,P0028,2024-04-15 16:40:00,2024-04-15 19:40:00,outpatient,Outpatient procedure,776.97,484.8
E01410,P0111,2024-11-14 10:31:00,2024-11-14 14:31:00,urgentcare,Urgent care visit,576.06,453.93
E01411,P0235,2023-12-05 15:23:00,2023-12-12 17:23:00,inpatient,Admission for pneumonia,25068.22,20505.84
E01412,P0342,2024-05-23 08:19:00,2024-05-23 13:19:00,emergency,Emergency room admission,1447.03,1217.06
E01413,P0318,2023-01-23 11:40:00,2023-01-23 12:40:00,wellness,Well child visit,138.55,109.66
E01414,P0493,2023-04-20 13:16:00,2023-04-20 15:16:00,wellness,Well child visit,193.32,154.03
E01415,P0191,2025-05-05 18:09:00,2025-05-05 19:09:00,wellness,Annual wellness visit,137.6,118.25
E01416,P0155,2025-07-24 10:29:00,2025-07-24 11:29:00,wellness,Annual wellness visit,237.11,202.05
E01417,P0478,2023-01-30 08:55:00,2023-01-30 09:55:00,ambulatory,Chronic disease check,322.95,273.83
E01418,P0297,2024-07-13 11:36:00,2024-07-13 12:36:00,outpatient,Imaging study,1846.33,969.9
E01419,P0355,2023-05-14 13:47:00,2023-05-14 17:47:00,wellness,Well child visit,94.78,63.79
E01420,P0239,2023-01-28 16:50:00,2023-01-28 17:50:00,ambulatory,Chronic disease check,303.85,238.21
E01421,P0369,2024-07-01 07:24:00,2024-07-01 10:24:00,ambulatory,Follow-up visit,389.69,0
E01422,P0121,2023-01-04 18:05:00,2023-01-04 19:05:00,outpatient,Imaging study,2221.75,1607.61
E01423,P0360,2024-04-19 19:12:00,2024-04-19 20:12:00,ambulatory,Follow-up visit,200.22,148.01
E01424,P0234,2023-12-02 13:22:00,2023-12-02 16:22:00,urgentcare,Urgent care visit,476.79,299.56
E01425,P0328,2023-12-23 16:54:00,2023-12-23 20:54:00,ambulatory,Chronic disease check,224.19,180.9
E01426,P0076,2025-10-09 18:31:00,2025-10-09 23:31:00,urgentcare,Urgent care visit,333.52,178.29
E01427,P0130,2024-11-12 13:07:00,2024-11-12 17:07:00,emergency,Emergency room admission,3198.92,2737.94
E01428,P0176,2023-10-25 17:13:00,2023-10-25 20:13:00,ambulatory,Medication review,271.26,152.93
E01429,P0409,2024-02-26 18:49:00,2024-02-26 22:49:00,ambulatory,Chronic disease check,142.89,121.78
E01430,P0257,2025-11-30 08:46:00,2025-11-30 13:46:00,ambulatory,Medication review,121.13,92.77
E01431,P0085,2024-11-16 15:20:00,2024-11-16 16:20:00,outpatient,Imaging study,1016.07,730.94
E01432,P0203,2025-03-15 10:44:00,2025-03-15 15:44:00,ambulatory,Chronic disease check,218.32,169.22
E01433,P0055,2025-07-18 09:39:00,2025-07-18 11:39:00,wellness,Annual wellness visit,204.59,142.82
E01434,P0469,2024-09-19 11:07:00,2024-09-19 15:07:00,wellness,Annual wellness visit,138.46,99.25
E01435,P0050,2024-01-27 07:24:00,2024-01-29 11:24:00,inpatient,Hospital admission,7057.31,4113.25
E01436,P0424,2023-05-27 08:08:00,2023-05-27 11:08:00,urgentcare,Urgent care visit,353.67,236.52
E01437,P0184,2023-01-22 18:54:00,2023-01-22 23:54:00,outpatient,Imaging study,960.47,624.27
E01438,P0156,2025-09-06 17:50:00,2025-09-06 22:50:00,ambulatory,Medication review,286.13,199.3
E01439,P0017,2024-12-20 07:31:00,2024-12-20 10:31:00,ambulatory,Chronic disease check,316.18,253.31
E01440,P0395,2024-12-19 18:41:00,2024-12-19 22:41:00,wellness,Well child visit,249.14,128.42
E01441,P0250,2023-06-27 15:06:00,2023-06-27 18:06:00,urgentcare,Urgent care visit,394.68,236.08
E01442,P0426,2023-07-12 14:45:00,2023-07-12 18:45:00,outpatient,Outpatient procedure,1947.91,1444.27
E01443,P0241,2024-09-26 16:25:00,2024-09-26 20:25:00,wellness,Well child visit,124.65,67.06
E01444,P0351,2023-02-27 15:38:00,2023-02-27 19:38:00,wellness,Annual wellness visit,101.06,69.25
E01445,P0357,2023-04-10 11:19:00,2023-04-10 16:19:00,ambulatory,Medication review,152.95,106.52
E01446,P0462,2023-11-30 07:40:00,2023-11-30 10:40:00,ambulatory,Chronic disease check,288.31,0
E01447,P0057,2023-06-07 10:23:00,2023-06-07 14:23:00,outpatient,Outpatient procedure,1369.74,897.07
E01448,P0382,2023-12-28 13:25:00,2023-12-28 14:25:00,urgentcare,Urgent care visit,286.02,181.92
E01449,P0350,2025-10-07 10:54:00,2025-10-07 14:54:00,ambulatory,Follow-up visit,346.36,187.25
E01450,P0072,2023-02-18 14:28:00,2023-02-18 18:28:00,wellness,Well child visit,148.67,75.56
E01451,P0269,2025-01-24 17:50:00,2025-01-24 22:50:00,emergency,ED visit for chest pain,1442.27,740.48
E01452,P0224,2025-05-14 08:08:00,2025-05-14 09:08:00,ambulatory,Medication review,144.43,92.88
E01453,P0206,2024-05-13 09:20:00,2024-05-13 10:20:00,ambulatory,Follow-up visit,126.75,92.3
E01454,P0341,2025-02-03 16:30:00,2025-02-03 19:30:00,wellness,Annual wellness visit,166.46,121.99
E01455,P0060,2024-04-20 10:27:00,2024-04-20 12:27:00,ambulatory,Medication review,204.1,0
E01456,P0360,2025-01-31 08:01:00,2025-01-31 13:01:00,ambulatory,Follow-up visit,340.66,241.81
E01457,P0137,2023-01-19 12:10:00,2023-01-19 14:10:00,ambulatory,Follow-up visit,209.47,0
E01458,P0441,2024-03-13 10:13:00,2024-03-13 14:13:00,ambulatory,Follow-up visit,253.92,137.02
E01459,P0199,2023-05-26 09:29:00,2023-05-26 11:29:00,ambulatory,Follow-up visit,360.2,304.18
E01460,P0035,2023-05-29 16:39:00,2023-05-29 18:39:00,ambulatory,Chronic disease check,189.18,0
E01461,P0430,2024-04-06 11:28:00,2024-04-06 15:28:00,outpatient,Imaging study,431.28,223.04
E01462,P0165,2023-02-26 10:17:00,2023-02-26 13:17:00,urgentcare,Urgent care visit,325.85,260.5
E01463,P0066,2025-11-09 13:56:00,2025-11-09 15:56:00,ambulatory,Medication review,187.58,115.37
E01464,P0396,2023-03-05 14:07:00,2023-03-05 15:07:00,wellness,Annual wellness visit,179.87,145.54
E01465,P0021,2025-03-16 11:47:00,2025-03-16 15:47:00,ambulatory,Chronic disease check,302.05,187.69
E01466,P0275,2024-09-23 15:01:00,2024-09-23 20:01:00,outpatient,Physical therapy,1373.13,1010.38
E01467,P0287,2023-10-09 15:00:00,2023-10-09 18:00:00,emergency,ED visit for chest pain,1364.04,1214.12
E01468,P0273,2023-05-09 11:17:00,2023-05-09 14:17:00,ambulatory,Chronic disease check,381.57,281.51
E01469,P0117,2024-10-25 11:05:00,2024-10-25 16:05:00,ambulatory,Chronic disease check,173.55,100.09
E01470,P0172,2025-04-22 11:45:00,2025-04-22 14:45:00,ambulatory,Medication review,287.37,219.45
E01471,P0394,2023-10-13 18:44:00,2023-10-13 21:44:00,outpatient,Physical therapy,717.93,462.77
E01472,P0278,2024-02-23 14:53:00,2024-02-23 19:53:00,ambulatory,Follow-up visit,265.63,209.8
E01473,P0449,2024-05-20 10:30:00,2024-05-20 15:30:00,wellness,Well child visit,216.39,124.04
E01474,P0332,2025-02-06 11:11:00,2025-02-06 15:11:00,urgentcare,Urgent care visit,367.95,321.22
E01475,P0236,2023-10-27 11:20:00,2023-10-27 16:20:00,ambulatory,Follow-up visit,140.17,124.28
E01476,P0417,2025-03-16 07:03:00,2025-03-16 08:03:00,ambulatory,Chronic disease check,172.9,150.62
E01477,P0233,2024-07-21 15:43:00,2024-07-21 20:43:00,emergency,ED visit for chest pain,3044.52,1584.36
E01478,P0219,2025-09-29 17:09:00,2025-09-29 18:09:00,outpatient,Imaging study,1348.01,842.85
E01479,P0072,2025-01-10 19:58:00,2025-01-10 20:58:00,wellness,Annual wellness visit,96.57,59.0
E01480,P0281,2023-09-18 08:38:00,2023-09-18 12:38:00,ambulatory,Medication review,177.37,128.88
E01481,P0006,2024-07-21 11:51:00,2024-07-21 15:51:00,wellness,Annual wellness visit,128.51,96.04
E01482,P0293,2024-12-25 11:02:00,2024-12-25 13:02:00,urgentcare,Urgent care visit,160.33,129.06
E01483,P0088,2025-02-23 10:28:00,2025-02-23 15:28:00,urgentcare,Urgent care visit,427.33,229.25
E01484,P0380,2024-07-06 15:17:00,2024-07-06 16:17:00,outpatient,Imaging study,510.5,300.37
E01485,P0236,2023-12-22 10:45:00,2023-12-22 13:45:00,outpatient,Outpatient procedure,536.25,412.09
E01486,P0223,2025-03-02 14:36:00,2025-03-02 16:36:00,ambulatory,Follow-up visit,185.01,122.74
E01487,P0228,2025-02-26 17:29:00,2025-02-26 21:29:00,ambulatory,Chronic disease check,126.45,73.6
E01488,P0345,2025-12-09 12:50:00,2025-12-09 15:50:00,ambulatory,Medication review,125.8,93.88
E01489,P0430,2024-02-25 13:21:00,2024-02-25 15:21:00,ambulatory,Medication review,316.97,264.6
E01490,P0350,2025-04-07 10:32:00,2025-04-07 12:32:00,ambulatory,Chronic disease check,207.98,126.8
E01491,P0367,2024-04-17 13:28:00,2024-04-17 18:28:00,wellness,Annual wellness visit,230.44,178.5
E01492,P0289,2023-05-13 14:43:00,2023-05-13 15:43:00,wellness,Well child visit,152.22,98.0
E01493,P0011,2025-07-01 14:14:00,2025-07-01 15:14:00,ambulatory,Chronic disease check,242.46,143.4
E01494,P0188,2024-06-16 15:10:00,2024-06-16 17:10:00,emergency,Emergency room admission,1759.56,1475.15
E01495,P0196,2024-04-13 08:32:00,2024-04-13 10:32:00,ambulatory,Medication review,145.87,105.19
E01496,P0129,2024-06-06 14:43:00,2024-06-06 16:43:00,wellness,Well child visit,136.9,83.7
E01497,P0469,2025-04-18 12:19:00,2025-04-18 14:19:00,wellness,Annual wellness visit,173.28,147.07
E01498,P0318,2023-12-27 11:55:00,2023-12-27 16:55:00,wellness,Well child visit,165.24,141.77
E01499,P0121,2024-02-05 17:17:00,2024-02-05 18:17:00,wellness,Annual wellness visit,100.78,61.24
E01500,P0401,2023-09-12 14:53:00,2023-09-12 19:53:00,wellness,Annual wellness visit,211.74,118.8
E01501,P0478,2023-01-18 12:33:00,2023-01-18 14:33:00,wellness,Annual wellness visit,212.62,148.91
E01502,P0459,2023-10-04 09:51:00,2023-10-04 10:51:00,wellness,Annual wellness visit,165.05,98.5
E01503,P0312,2024-07-25 14:53:00,2024-07-25 16:53:00,urgentcare,Urgent care visit,354.72,0
E01504,P0366,2023-03-28 08:08:00,2023-03-28 12:08:00,wellness,Well child visit,111.74,0
E01505,P0236,2025-09-30 18:33:00,2025-09-30 22:33:00,ambulatory,Medication review,274.09,181.33
E01506,P0269,2025-11-30 13:02:00,2025-11-30 18:02:00,ambulatory,Medication review,281.69,186.5
E01507,P0129,2025-04-14 09:50:00,2025-04-14 14:50:00,ambulatory,Follow-up visit,360.22,296.08
E01508,P0106,2025-01-22 12:05:00,2025-01-22 13:05:00,wellness,Well child visit,186.7,121.92
E01509,P0154,2024-10-06 15:18:00,2024-10-06 17:18:00,ambulatory,Follow-up visit,330.09,222.55
E01510,P0327,2025-07-10 17:04:00,2025-07-10 19:04:00,urgentcare,Urgent care visit,442.08,291.13
E01511,P0073,2024-04-10 14:29:00,2024-04-10 17:29:00,wellness,Well child visit,167.88,131.81
E01512,P0191,2025-08-06 09:13:00,2025-08-06 13:13:00,emergency,Emergency room admission,5794.05,5093.49
E01513,P0460,2023-07-27 12:02:00,2023-07-27 15:02:00,outpatient,Imaging study,416.86,360.07
E01514,P0455,2025-06-06 08:19:00,2025-06-06 13:19:00,outpatient,Physical therapy,946.69,0
E01515,P0283,2025-09-08 08:09:00,2025-09-08 11:09:00,ambulatory,Chronic disease check,212.81,184.89
E01516,P0085,2023-07-27 09:29:00,2023-07-27 14:29:00,wellness,Annual wellness visit,133.14,93.7
E01517,P0323,2023-02-19 14:39:00,2023-02-19 18:39:00,ambulatory,Medication review,213.53,146.08
E01518,P0319,2025-01-23 07:52:00,2025-01-23 12:52:00,ambulatory,Chronic disease check,283.97,228.14
E01519,P0222,2023-03-16 18:22:00,2023-03-16 23:22:00,urgentcare,Urgent care visit,477.9,429.85
E01520,P0079,2025-02-12 12:38:00,2025-02-12 16:38:00,emergency,ED visit for chest pain,4630.39,2581.82
E01521,P0391,2023-07-10 17:31:00,2023-07-10 21:31:00,emergency,Emergency room admission,2306.38,1191.84
E01522,P0156,2023-09-30 10:19:00,2023-09-30 14:19:00,wellness,Well child visit,181.09,148.46
E01523,P0453,2024-06-06 10:35:00,2024-06-06 11:35:00,wellness,Annual wellness visit,248.56,209.67
E01524,P0136,2023-05-16 10:44:00,2023-05-16 14:44:00,outpatient,Outpatient procedure,2313.29,0
E01525,P0474,2023-08-22 08:21:00,2023-08-22 12:21:00,outpatient,Imaging study,2085.72,1557.45
E01526,P0191,2024-06-12 16:50:00,2024-06-12 21:50:00,emergency,ED visit for chest pain,3694.42,2780.46
E01527,P0168,2025-12-01 18:38:00,2025-12-01 21:38:00,ambulatory,Follow-up visit,345.73,204.15
E01528,P0012,2024-07-11 12:36:00,2024-07-11 17:36:00,ambulatory,Medication review,204.16,183.03
E01529,P0027,2024-09-07 11:23:00,2024-09-10 14:23:00,inpatient,Hospital admission,34018.35,28500.41
E01530,P0113,2024-05-24 14:55:00,2024-05-24 16:55:00,emergency,ED visit for chest pain,5622.86,3739.53
E01531,P0205,2024-11-09 12:06:00,2024-11-09 13:06:00,ambulatory,Medication review,187.9,130.12
E01532,P0476,2024-10-04 07:58:00,2024-10-04 11:58:00,outpatient,Imaging study,1193.03,670.03
E01533,P0243,2024-11-14 13:19:00,2024-11-17 19:19:00,inpatient,Admission for pneumonia,16472.25,14028.47
E01534,P0252,2025-03-22 17:02:00,2025-03-22 19:02:00,emergency,Emergency room admission,2967.12,1823.55
E01535,P0313,2024-11-19 09:43:00,2024-11-19 14:43:00,urgentcare,Urgent care visit,297.21,250.04
E01536,P0052,2023-01-18 09:33:00,2023-01-18 14:33:00,wellness,Annual wellness visit,158.57,138.55
E01537,P0407,2023-11-08 07:52:00,2023-11-08 08:52:00,urgentcare,Urgent care visit,362.04,200.35
E01538,P0432,2025-01-01 18:22:00,2025-01-01 23:22:00,ambulatory,Follow-up visit,144.51,123.87
E01539,P0170,2023-06-18 07:40:00,2023-06-18 12:40:00,wellness,Annual wellness visit,90.03,73.45
E01540,P0460,2025-10-01 08:50:00,2025-10-01 11:50:00,ambulatory,Medication review,286.14,238.85
E01541,P0037,2024-08-05 09:21:00,2024-08-05 10:21:00,urgentcare,Urgent care visit,358.05,201.57
E01542,P0398,2023-07-16 15:28:00,2023-07-16 20:28:00,outpatient,Imaging study,792.34,406.32
E01543,P0437,2023-11-30 18:51:00,2023-11-30 22:51:00,ambulatory,Chronic disease check,346.88,305.49
E01544,P0157,2025-04-01 14:08:00,2025-04-01 16:08:00,wellness,Well child visit,217.08,166.39
E01545,P0108,2023-11-01 19:00:00,2023-11-01 21:00:00,wellness,Annual wellness visit,95.89,70.49
E01546,P0061,2025-07-08 09:09:00,2025-07-08 11:09:00,wellness,Well child visit,205.64,166.19
E01547,P0353,2024-05-04 19:15:00,2024-05-04 23:15:00,ambulatory,Follow-up visit,241.89,210.92
E01548,P0343,2024-09-11 19:06:00,2024-09-11 21:06:00,emergency,Emergency room admission,5467.51,3530.28
E01549,P0201,2023-05-16 07:50:00,2023-05-16 08:50:00,wellness,Well child visit,224.58,147.28
E01550,P0417,2025-03-25 19:06:00,2025-03-25 22:06:00,ambulatory,Chronic disease check,245.89,196.25
E01551,P0363,2024-10-06 19:49:00,2024-10-07 00:49:00,ambulatory,Follow-up visit,363.08,182.62
E01552,P0402,2024-05-28 14:05:00,2024-05-28 15:05:00,wellness,Well child visit,167.9,93.9
E01553,P0453,2025-11-16 17:18:00,2025-11-16 21:18:00,wellness,Annual wellness visit,243.13,191.66
E01554,P0214,2023-01-19 17:46:00,2023-01-19 20:46:00,wellness,Well child visit,203.82,129.4
E01555,P0054,2025-10-23 10:26:00,2025-10-23 12:26:00,ambulatory,Medication review,161.39,123.22
E01556,P0378,2024-07-14 16:03:00,2024-07-14 20:03:00,outpatient,Physical therapy,2257.09,1681.5
E01557,P0314,2023-03-22 14:45:00,2023-03-22 19:45:00,wellness,Well child visit,177.54,91.93
E01558,P0171,2023-05-09 15:05:00,2023-05-09 19:05:00,wellness,Annual wellness visit,238.65,207.44
E01559,P0428,2025-07-09 11:31:00,2025-07-09 14:31:00,ambulatory,Follow-up visit,369.62,305.56
E01560,P0343,2024-06-04 13:44:00,2024-06-04 16:44:00,emergency,Emergency room admission,921.85,475.88
E01561,P0488,2024-05-04 13:46:00,2024-05-04 14:46:00,urgentcare,Urgent care visit,343.5,282.0
E01562,P0141,2025-05-03 07:16:00,2025-05-03 12:16:00,ambulatory,Medication review,363.19,297.04
E01563,P0328,2023-04-15 15:28:00,2023-04-15 20:28:00,urgentcare,Urgent care visit,246.04,199.75
E01564,P0438,2025-03-07 16:34:00,2025-03-07 19:34:00,wellness,Annual wellness visit,118.36,59.85
E01565,P0220,2024-05-17 15:11:00,2024-05-17 16:11:00,wellness,Well child visit,105.91,60.12
E01566,P0150,2025-05-01 09:45:00,2025-05-01 13:45:00,outpatient,Outpatient procedure,749.01,482.79
E01567,P0392,2024-09-25 16:15:00,2024-09-25 21:15:00,emergency,Emergency room admission,4159.02,3714.53
E01568,P0448,2023-01-07 11:05:00,2023-01-07 12:05:00,wellness,Well child visit,214.59,190.14
E01569,P0059,2024-11-22 09:04:00,2024-11-22 14:04:00,urgentcare,Urgent care visit,494.7,348.42
E01570,P0247,2024-07-23 08:25:00,2024-07-23 11:25:00,outpatient,Imaging study,2035.8,1161.54
E01571,P0413,2024-05-27 19:22:00,2024-05-27 20:22:00,wellness,Annual wellness visit,235.75,211.43
E01572,P0084,2023-11-25 15:54:00,2023-11-25 20:54:00,wellness,Well child visit,121.07,61.98
E01573,P0437,2025-06-04 08:46:00,2025-06-04 13:46:00,ambulatory,Chronic disease check,337.24,197.27
E01574,P0098,2025-09-17 17:00:00,2025-09-17 18:00:00,outpatient,Physical therapy,2447.5,1445.74
E01575,P0337,2025-10-09 16:30:00,2025-10-09 20:30:00,emergency,ED visit for chest pain,2875.11,1666.54
E01576,P0022,2024-01-21 07:03:00,2024-01-21 12:03:00,wellness,Well child visit,146.87,111.55
E01577,P0213,2023-01-16 12:22:00,2023-01-16 16:22:00,outpatient,Outpatient procedure,487.5,359.71
E01578,P0288,2023-10-06 15:04:00,2023-10-06 19:04:00,urgentcare,Urgent care visit,399.11,0
E01579,P0062,2023-03-08 17:53:00,2023-03-08 20:53:00,outpatient,Physical therapy,841.28,697.31
E01580,P0151,2023-08-07 07:56:00,2023-08-07 10:56:00,wellness,Annual wellness visit,196.37,152.85
E01581,P0418,2023-11-10 11:47:00,2023-11-10 14:47:00,ambulatory,Follow-up visit,357.93,318.58
E01582,P0187,2024-09-23 19:36:00,2024-09-23 22:36:00,wellness,Annual wellness visit,155.1,138.43
E01583,P0168,2023-07-10 09:20:00,2023-07-10 14:20:00,wellness,Annual wellness visit,186.47,120.28
E01584,P0049,2024-11-14 12:25:00,2024-11-17 19:25:00,inpatient,Hospital admission,12209.04,8947.9
E01585,P0041,2024-07-20 12:18:00,2024-07-20 17:18:00,wellness,Annual wellness visit,210.77,173.81
E01586,P0282,2024-08-31 16:25:00,2024-08-31 19:25:00,emergency,ED visit for chest pain,1412.22,1131.08
E01587,P0021,2025-05-10 08:35:00,2025-05-10 11:35:00,ambulatory,Follow-up visit,195.33,108.36
E01588,P0049,2023-01-09 08:49:00,2023-01-09 12:49:00,emergency,ED visit for chest pain,1116.88,739.82
E01589,P0055,2024-05-22 08:23:00,2024-05-22 11:23:00,wellness,Annual wellness visit,116.94,87.98
E01590,P0009,2023-09-17 09:53:00,2023-09-17 14:53:00,ambulatory,Chronic disease check,186.8,93.8
E01591,P0268,2024-01-20 15:24:00,2024-01-20 20:24:00,emergency,ED visit for chest pain,2113.35,1235.05
E01592,P0342,2025-12-16 11:59:00,2025-12-16 14:59:00,ambulatory,Medication review,158.14,105.1
E01593,P0297,2024-05-25 17:31:00,2024-05-25 18:31:00,wellness,Well child visit,203.1,154.22
E01594,P0255,2023-08-23 13:55:00,2023-08-23 18:55:00,wellness,Well child visit,120.59,93.64
E01595,P0296,2023-09-03 18:27:00,2023-09-03 20:27:00,wellness,Annual wellness visit,111.19,65.86
E01596,P0128,2023-05-28 18:40:00,2023-05-28 22:40:00,outpatient,Outpatient procedure,592.52,361.8
E01597,P0058,2024-03-06 19:14:00,2024-03-06 20:14:00,ambulatory,Follow-up visit,352.39,234.46
E01598,P0175,2023-10-23 09:30:00,2023-10-23 10:30:00,wellness,Well child visit,229.01,204.03
E01599,P0194,2024-07-17 14:34:00,2024-07-17 16:34:00,outpatient,Outpatient procedure,2187.06,1274.43
E01600,P0181,2024-05-12 15:21:00,2024-05-12 19:21:00,wellness,Well child visit,241.86,125.66
E01601,P0002,2023-11-21 08:02:00,2023-11-21 09:02:00,ambulatory,Medication review,329.53,202.87
E01602,P0212,2024-08-11 09:24:00,2024-08-11 12:24:00,wellness,Well child visit,134.69,108.78
E01603,P0243,2025-12-20 08:06:00,2025-12-20 13:06:00,urgentcare,Urgent care visit,354.49,268.6
E01604,P0231,2024-07-18 15:08:00,2024-07-18 19:08:00,wellness,Well child visit,133.14,78.32
E01605,P0464,2024-04-25 18:00:00,2024-04-25 22:00:00,wellness,Annual wellness visit,151.53,82.42
E01606,P0370,2024-06-05 18:46:00,2024-06-05 19:46:00,ambulatory,Medication review,196.11,138.57
E01607,P0159,2023-02-11 08:04:00,2023-02-11 13:04:00,outpatient,Outpatient procedure,2405.74,1435.0
E01608,P0145,2024-05-15 19:55:00,2024-05-16 00:55:00,wellness,Annual wellness visit,226.94,170.43
E01609,P0271,2023-02-10 12:35:00,2023-02-10 17:35:00,wellness,Well child visit,157.16,78.67
E01610,P0100,2024-09-19 19:18:00,2024-09-19 23:18:00,wellness,Well child visit,130.19,95.62
E01611,P0322,2024-12-31 08:38:00,2024-12-31 12:38:00,ambulatory,Follow-up visit,252.12,215.84
E01612,P0167,2024-11-19 13:05:00,2024-11-19 17:05:00,wellness,Well child visit,211.43,147.42
E01613,P0221,2023-02-03 18:46:00,2023-02-06 13:46:00,inpatient,Hospital admission,9508.54,5634.02
E01614,P0444,2025-08-14 14:02:00,2025-08-14 19:02:00,wellness,Annual wellness visit,249.35,134.91
E01615,P0500,2023-10-05 10:46:00,2023-10-05 12:46:00,ambulatory,Follow-up visit,181.17,0
E01616,P0019,2025-04-17 09:03:00,2025-04-17 12:03:00,wellness,Well child visit,192.88,165.34
E01617,P0048,2024-04-29 17:26:00,2024-04-29 18:26:00,ambulatory,Chronic disease check,146.18,119.35
E01618,P0275,2024-05-08 07:45:00,2024-05-08 11:45:00,outpatient,Physical therapy,1815.79,1029.22
E01619,P0388,2023-01-14 15:21:00,2023-01-14 17:21:00,outpatient,Imaging study,2050.59,1107.4
E01620,P0258,2024-07-22 07:00:00,2024-07-22 11:00:00,ambulatory,Chronic disease check,314.99,252.41
E01621,P0285,2023-02-25 19:36:00,2023-02-25 20:36:00,outpatient,Physical therapy,2457.55,1249.77
E01622,P0141,2023-11-18 10:59:00,2023-11-18 11:59:00,wellness,Annual wellness visit,207.19,172.16
E01623,P0102,2025-08-01 08:02:00,2025-08-01 12:02:00,wellness,Annual wellness visit,126.1,64.64
E01624,P0372,2024-02-23 13:15:00,2024-02-23 16:15:00,emergency,ED visit for chest pain,5157.21,2896.14
E01625,P0033,2023-11-22 15:05:00,2023-11-22 19:05:00,urgentcare,Urgent care visit,153.43,78.87
E01626,P0090,2025-05-10 08:51:00,2025-05-10 09:51:00,outpatient,Outpatient procedure,1981.72,1048.9
E01627,P0213,2024-04-14 18:56:00,2024-04-14 20:56:00,wellness,Well child visit,132.58,113.3
E01628,P0081,2025-12-27 18:16:00,2025-12-27 23:16:00,urgentcare,Urgent care visit,247.01,165.49
E01629,P0313,2025-06-30 11:45:00,2025-06-30 14:45:00,urgentcare,Urgent care visit,267.1,232.51
E01630,P0409,2023-02-11 10:20:00,2023-02-11 14:20:00,urgentcare,Urgent care visit,282.99,246.46
E01631,P0448,2023-09-17 07:55:00,2023-09-17 09:55:00,ambulatory,Medication review,326.36,287.14
E01632,P0058,2025-03-19 18:05:00,2025-03-19 23:05:00,ambulatory,Follow-up visit,319.49,166.5
E01633,P0093,2024-04-19 09:09:00,2024-04-19 11:09:00,ambulatory,Medication review,374.24,315.6
E01634,P0279,2024-05-09 16:11:00,2024-05-09 21:11:00,emergency,Emergency room admission,1326.2,800.84
E01635,P0171,2024-01-01 07:45:00,2024-01-01 11:45:00,ambulatory,Follow-up visit,257.34,143.05
E01636,P0405,2023-07-03 15:50:00,2023-07-03 17:50:00,wellness,Annual wellness visit,189.97,127.06
E01637,P0325,2024-10-21 14:51:00,2024-10-21 16:51:00,ambulatory,Chronic disease check,310.77,159.11
E01638,P0392,2023-02-25 18:20:00,2023-02-25 19:20:00,wellness,Annual wellness visit,228.06,121.66
E01639,P0085,2023-06-16 08:24:00,2023-06-16 10:24:00,urgentcare,Urgent care visit,366.35,247.5
E01640,P0458,2025-01-30 07:58:00,2025-01-30 12:58:00,ambulatory,Follow-up visit,127.24,113.93
E01641,P0161,2023-08-24 15:36:00,2023-08-24 18:36:00,ambulatory,Chronic disease check,330.71,186.42
E01642,P0280,2025-09-03 11:54:00,2025-09-03 15:54:00,urgentcare,Urgent care visit,385.0,215.69
E01643,P0423,2025-10-23 17:36:00,2025-10-23 18:36:00,urgentcare,Urgent care visit,291.35,150.38
E01644,P0223,2023-04-01 17:13:00,2023-04-01 18:13:00,ambulatory,Chronic disease check,120.78,103.18
E01645,P0194,2024-11-30 08:30:00,2024-11-30 11:30:00,ambulatory,Chronic disease check,322.69,229.76
E01646,P0208,2023-09-09 11:01:00,2023-09-09 15:01:00,ambulatory,Chronic disease check,161.8,114.02
E01647,P0165,2023-04-11 13:14:00,2023-04-11 16:14:00,ambulatory,Medication review,350.04,227.57
E01648,P0022,2023-03-22 17:40:00,2023-03-22 21:40:00,ambulatory,Follow-up visit,134.85,80.39
E01649,P0309,2025-07-31 17:32:00,2025-07-31 20:32:00,emergency,Emergency room admission,4911.27,0
E01650,P0396,2025-12-12 10:09:00,2025-12-12 12:09:00,outpatient,Imaging study,441.93,362.74
E01651,P0476,2025-03-13 11:18:00,2025-03-13 16:18:00,wellness,Annual wellness visit,109.88,66.44
E01652,P0376,2023-12-30 16:20:00,2023-12-30 20:20:00,wellness,Annual wellness visit,169.75,119.89
E01653,P0194,2024-01-20 16:01:00,2024-01-20 17:01:00,outpatient,Outpatient procedure,1179.36,662.73
E01654,P0034,2025-03-30 17:33:00,2025-03-30 20:33:00,wellness,Well child visit,206.16,136.7
E01655,P0082,2025-05-09 19:54:00,2025-05-09 21:54:00,wellness,Well child visit,148.92,87.2
E01656,P0159,2024-05-30 08:24:00,2024-06-06 06:24:00,inpatient,Admission for pneumonia,35697.1,22012.62
E01657,P0324,2024-12-27 19:48:00,2024-12-27 22:48:00,ambulatory,Follow-up visit,332.14,190.86
E01658,P0404,2025-01-25 12:48:00,2025-01-25 17:48:00,wellness,Well child visit,199.31,114.94
E01659,P0444,2023-02-17 18:24:00,2023-02-17 19:24:00,emergency,ED visit for chest pain,3296.14,2190.21
E01660,P0144,2025-11-16 16:49:00,2025-11-16 21:49:00,emergency,Emergency room admission,3476.6,2811.93
E01661,P0375,2024-05-09 16:29:00,2024-05-09 21:29:00,wellness,Well child visit,173.0,109.44
E01662,P0498,2023-05-07 18:29:00,2023-05-07 21:29:00,wellness,Annual wellness visit,96.01,86.15
E01663,P0150,2024-03-18 10:33:00,2024-03-18 13:33:00,wellness,Well child visit,121.09,88.98
E01664,P0453,2025-03-19 19:25:00,2025-03-19 21:25:00,outpatient,Outpatient procedure,2074.75,1112.11
E01665,P0365,2025-12-13 14:57:00,2025-12-13 15:57:00,ambulatory,Medication review,272.43,242.53
E01666,P0124,2024-02-10 15:24:00,2024-02-10 17:24:00,ambulatory,Medication review,157.72,99.24
E01667,P0116,2025-04-12 07:35:00,2025-04-12 08:35:00,wellness,Well child visit,242.99,195.21
E01668,P0168,2023-07-15 14:52:00,2023-07-22 22:52:00,inpatient,Hospital admission,35184.87,17742.63
E01669,P0095,2023-02-24 07:30:00,2023-02-24 12:30:00,wellness,Well child visit,107.08,58.34
E01670,P0066,2025-12-08 07:13:00,2025-12-08 09:13:00,urgentcare,Urgent care visit,459.78,316.75
E01671,P0360,2024-08-03 17:10:00,2024-08-03 18:10:00,ambulatory,Chronic disease check,388.9,337.05
E01672,P0452,2024-03-13 13:41:00,2024-03-13 16:41:00,outpatient,Imaging study,1641.43,908.65
E01673,P0030,2023-05-26 09:06:00,2023-05-26 14:06:00,wellness,Well child visit,192.29,104.52
E01674,P0150,2025-03-24 16:02:00,2025-03-24 20:02:00,wellness,Annual wellness visit,144.87,106.42
E01675,P0388,2024-02-03 09:54:00,2024-02-13 02:54:00,inpatient,Hospital admission,11361.06,8437.03
E01676,P0259,2024-05-06 14:42:00,2024-05-06 17:42:00,wellness,Well child visit,143.63,76.22
E01677,P0131,2024-08-25 09:13:00,2024-08-25 14:13:00,emergency,Emergency room admission,3634.14,3023.0
E01678,P0323,2024-11-22 11:03:00,2024-11-22 15:03:00,wellness,Well child visit,239.69,161.59
E01679,P0405,2025-11-29 18:50:00,2025-11-29 19:50:00,outpatient,Outpatient procedure,556.33,373.08
E01680,P0434,2023-03-28 10:17:00,2023-03-28 11:17:00,wellness,Annual wellness visit,173.24,111.66
E01681,P0204,2023-07-01 07:27:00,2023-07-01 11:27:00,emergency,ED visit for chest pain,1685.36,891.68
E01682,P0482,2023-07-24 09:59:00,2023-07-24 11:59:00,outpatient,Imaging study,858.86,551.66
E01683,P0419,2024-01-11 14:26:00,2024-01-11 19:26:00,ambulatory,Medication review,150.46,126.23
E01684,P0218,2023-10-20 17:36:00,2023-10-20 19:36:00,urgentcare,Urgent care visit,592.76,365.24
E01685,P0494,2024-05-10 12:11:00,2024-05-10 17:11:00,wellness,Well child visit,90.79,73.73
E01686,P0176,2025-09-03 18:23:00,2025-09-03 23:23:00,wellness,Annual wellness visit,207.87,137.81
E01687,P0109,2025-02-05 17:29:00,2025-02-05 18:29:00,wellness,Well child visit,98.54,67.07
E01688,P0356,2023-04-08 15:39:00,2023-04-08 18:39:00,wellness,Annual wellness visit,248.91,204.43
E01689,P0147,2023-02-02 19:11:00,2023-02-02 23:11:00,ambulatory,Medication review,397.73,327.3
E01690,P0207,2025-05-11 17:39:00,2025-05-11 22:39:00,urgentcare,Urgent care visit,513.63,427.4
E01691,P0329,2025-07-23 08:31:00,2025-07-23 13:31:00,outpatient,Physical therapy,950.2,772.9
E01692,P0297,2024-05-23 09:30:00,2024-05-23 12:30:00,ambulatory,Chronic disease check,278.3,141.52
E01693,P0257,2024-02-03 09:59:00,2024-02-03 11:59:00,emergency,Emergency room admission,1452.61,897.38
E01694,P0073,2025-05-30 13:53:00,2025-05-30 18:53:00,urgentcare,Urgent care visit,401.93,266.53
E01695,P0359,2025-08-26 09:38:00,2025-08-26 13:38:00,wellness,Well child visit,192.44,155.01
E01696,P0498,2025-06-24 09:58:00,2025-06-24 11:58:00,emergency,Emergency room admission,2478.46,1754.74
E01697,P0113,2025-01-10 18:05:00,2025-01-10 20:05:00,ambulatory,Medication review,371.59,206.38
E01698,P0460,2023-02-05 11:51:00,2023-02-05 12:51:00,ambulatory,Chronic disease check,371.23,317.37
E01699,P0061,2025-06-08 12:49:00,2025-06-10 19:49:00,inpatient,Hospital admission,24674.57,16346.71
E01700,P0391,2023-10-28 14:24:00,2023-10-28 17:24:00,ambulatory,Medication review,146.18,95.45
E01701,P0194,2023-05-30 10:41:00,2023-05-30 11:41:00,ambulatory,Chronic disease check,277.3,149.55
E01702,P0426,2023-10-26 10:14:00,2023-10-26 15:14:00,outpatient,Imaging study,990.13,883.38
E01703,P0385,2024-01-29 11:33:00,2024-01-29 15:33:00,wellness,Annual wellness visit,176.63,129.83
E01704,P0396,2025-11-08 11:38:00,2025-11-08 12:38:00,ambulatory,Follow-up visit,359.3,248.41
E01705,P0115,2025-11-18 14:24:00,2025-11-18 19:24:00,wellness,Well child visit,152.51,80.07
E01706,P0029,2025-03-03 15:35:00,2025-03-03 17:35:00,wellness,Annual wellness visit,102.01,84.23
E01707,P0172,2023-02-22 07:49:00,2023-02-22 08:49:00,urgentcare,Urgent care visit,318.84,237.48
E01708,P0143,2023-05-30 19:35:00,2023-05-30 22:35:00,wellness,Well child visit,98.69,79.89
E01709,P0442,2024-02-06 16:56:00,2024-02-06 20:56:00,outpatient,Physical therapy,1712.56,954.68
E01710,P0374,2024-07-27 11:36:00,2024-07-27 12:36:00,ambulatory,Chronic disease check,370.8,251.06
E01711,P0145,2023-04-30 19:11:00,2023-04-30 23:11:00,ambulatory,Medication review,367.92,243.3
E01712,P0442,2023-09-24 17:10:00,2023-09-24 19:10:00,ambulatory,Medication review,216.47,177.39
E01713,P0382,2025-08-29 13:33:00,2025-08-29 14:33:00,emergency,Emergency room admission,5908.11,4771.66
E01714,P0135,2025-12-09 18:30:00,2025-12-09 23:30:00,wellness,Annual wellness visit,132.05,76.51
E01715,P0233,2023-09-29 12:21:00,2023-09-29 15:21:00,wellness,Annual wellness visit,204.39,118.76
E01716,P0469,2023-08-11 14:58:00,2023-08-19 09:58:00,inpatient,Admission for pneumonia,37523.67,18921.56
E01717,P0435,2023-12-03 18:34:00,2023-12-06 20:34:00,inpatient,Hospital admission,8672.22,4337.72
E01718,P0058,2025-05-14 11:03:00,2025-05-14 16:03:00,wellness,Well child visit,246.73,136.43
E01719,P0254,2024-12-07 13:25:00,2024-12-07 14:25:00,ambulatory,Chronic disease check,173.31,91.81
E01720,P0342,2024-09-20 11:30:00,2024-09-20 16:30:00,ambulatory,Follow-up visit,133.77,113.15
E01721,P0166,2025-03-21 12:01:00,2025-03-21 17:01:00,wellness,Annual wellness visit,96.88,65.15
E01722,P0146,2024-04-29 14:42:00,2024-05-03 18:42:00,inpatient,Hospital admission,29189.66,19246.02
E01723,P0274,2023-10-18 14:54:00,2023-10-18 18:54:00,wellness,Annual wellness visit,196.76,170.41
E01724,P0039,2023-11-27 17:54:00,2023-11-27 18:54:00,wellness,Annual wellness visit,230.51,124.69
E01725,P0100,2025-05-09 09:55:00,2025-05-09 14:55:00,wellness,Well child visit,177.38,144.34
E01726,P0352,2024-04-23 19:56:00,2024-04-23 23:56:00,outpatient,Outpatient procedure,2206.48,1875.27
E01727,P0277,2023-08-24 15:47:00,2023-08-24 17:47:00,wellness,Well child visit,176.96,117.39
E01728,P0174,2025-07-09 19:36:00,2025-07-09 20:36:00,wellness,Well child visit,168.85,111.63
E01729,P0475,2025-07-17 15:09:00,2025-07-27 02:09:00,inpatient,Admission for pneumonia,8077.02,4800.82
E01730,P0208,2023-10-28 07:15:00,2023-10-28 10:15:00,ambulatory,Chronic disease check,334.07,239.28
E01731,P0044,2023-12-17 10:04:00,2023-12-17 12:04:00,outpatient,Imaging study,1684.18,1296.07
E01732,P0045,2025-01-19 07:15:00,2025-01-24 20:15:00,inpatient,Admission for pneumonia,24328.53,21283.17
E01733,P0352,2023-11-04 19:30:00,2023-11-04 20:30:00,wellness,Annual wellness visit,173.65,91.88
E01734,P0293,2025-03-25 14:47:00,2025-03-25 19:47:00,wellness,Well child visit,242.78,144.23
E01735,P0320,2024-08-14 16:19:00,2024-08-14 17:19:00,outpatient,Outpatient procedure,2396.79,2053.74
E01736,P0020,2023-03-11 17:19:00,2023-03-11 19:19:00,emergency,ED visit for chest pain,4277.8,3807.26
E01737,P0307,2024-05-28 15:39:00,2024-05-28 18:39:00,outpatient,Imaging study,1726.42,1472.63
E01738,P0173,2025-11-14 16:26:00,2025-11-14 17:26:00,urgentcare,Urgent care visit,441.27,281.84
E01739,P0321,2025-07-26 19:49:00,2025-07-26 20:49:00,ambulatory,Chronic disease check,314.68,168.88
E01740,P0473,2025-04-02 14:38:00,2025-04-02 18:38:00,wellness,Annual wellness visit,166.42,84.96
E01741,P0316,2025-02-18 08:19:00,2025-02-18 13:19:00,ambulatory,Medication review,137.77,105.46
E01742,P0237,2025-12-25 15:24:00,2025-12-25 19:24:00,ambulatory,Medication review,271.75,198.33
E01743,P0224,2023-11-12 09:12:00,2023-11-12 12:12:00,ambulatory,Follow-up visit,264.51,184.51
E01744,P0384,2025-12-25 12:25:00,2025-12-25 17:25:00,wellness,Annual wellness visit,90.1,69.64
E01745,P0406,2023-04-17 18:52:00,2023-04-17 21:52:00,wellness,Well child visit,231.28,0
E01746,P0387,2025-02-19 19:25:00,2025-02-28 09:25:00,inpatient,Admission for pneumonia,17283.82,12577.05
E01747,P0016,2023-12-10 11:46:00,2023-12-10 16:46:00,outpatient,Physical therapy,687.0,437.66
E01748,P0192,2024-01-09 15:56:00,2024-01-09 19:56:00,wellness,Well child visit,163.71,94.7
E01749,P0181,2024-08-25 10:10:00,2024-08-25 12:10:00,urgentcare,Urgent care visit,435.28,336.65
E01750,P0379,2024-07-05 13:40:00,2024-07-05 15:40:00,ambulatory,Follow-up visit,362.56,0
E01751,P0280,2023-07-31 12:48:00,2023-08-06 19:48:00,inpatient,Hospital admission,11590.33,8968.45
E01752,P0469,2025-12-27 19:59:00,2025-12-27 22:59:00,ambulatory,Chronic disease check,322.28,184.07
E01753,P0484,2023-12-10 16:49:00,2023-12-10 18:49:00,ambulatory,Medication review,233.02,137.17
E01754,P0356,2025-12-20 17:22:00,2025-12-20 20:22:00,wellness,Annual wellness visit,106.36,77.0
E01755,P0201,2023-02-22 18:01:00,2023-02-22 22:01:00,ambulatory,Chronic disease check,265.3,233.42
E01756,P0287,2024-10-18 19:54:00,2024-10-18 23:54:00,ambulatory,Chronic disease check,336.44,279.23
E01757,P0115,2024-09-19 17:43:00,2024-09-19 22:43:00,wellness,Annual wellness visit,109.2,95.06
E01758,P0058,2025-09-18 09:48:00,2025-09-18 10:48:00,emergency,ED visit for chest pain,1915.65,1403.77
E01759,P0138,2023-06-26 13:12:00,2023-06-26 15:12:00,urgentcare,Urgent care visit,327.54,206.38
E01760,P0233,2024-11-02 10:27:00,2024-11-02 11:27:00,wellness,Annual wellness visit,124.66,80.59
E01761,P0454,2025-05-09 15:07:00,2025-05-09 20:07:00,wellness,Well child visit,105.58,71.68
E01762,P0163,2024-06-28 09:33:00,2024-06-28 10:33:00,wellness,Annual wellness visit,135.36,69.59
E01763,P0182,2025-02-23 17:30:00,2025-02-23 22:30:00,wellness,Annual wellness visit,241.68,188.13
E01764,P0269,2023-05-04 17:19:00,2023-05-04 19:19:00,ambulatory,Follow-up visit,332.17,202.18
E01765,P0067,2025-11-19 15:59:00,2025-11-19 20:59:00,wellness,Well child visit,227.03,150.04
E01766,P0456,2024-11-08 16:30:00,2024-11-08 20:30:00,wellness,Well child visit,156.57,132.4
E01767,P0299,2025-07-10 16:11:00,2025-07-10 20:11:00,ambulatory,Follow-up visit,198.27,110.1
E01768,P0362,2024-11-21 19:38:00,2024-11-21 22:38:00,ambulatory,Chronic disease check,271.58,215.41
E01769,P0217,2024-10-11 19:09:00,2024-10-20 08:09:00,inpatient,Hospital admission,15793.11,9820.42
E01770,P0315,2023-06-19 18:49:00,2023-06-19 22:49:00,emergency,Emergency room admission,5925.47,3285.38
E01771,P0436,2023-03-22 07:43:00,2023-03-22 09:43:00,wellness,Well child visit,218.26,164.93
E01772,P0301,2024-04-20 08:14:00,2024-04-20 10:14:00,outpatient,Outpatient procedure,588.48,482.39
E01773,P0445,2024-03-02 07:05:00,2024-03-02 10:05:00,ambulatory,Follow-up visit,215.18,152.5
E01774,P0325,2024-01-09 18:38:00,2024-01-09 19:38:00,outpatient,Imaging study,924.6,777.08
E01775,P0269,2025-03-01 17:00:00,2025-03-01 22:00:00,outpatient,Imaging study,2489.22,1388.06
E01776,P0494,2024-03-30 14:13:00,2024-03-30 18:13:00,emergency,ED visit for chest pain,5484.23,4320.17
E01777,P0150,2023-11-03 19:44:00,2023-11-03 20:44:00,outpatient,Physical therapy,585.42,523.32
E01778,P0361,2025-01-25 11:54:00,2025-01-25 13:54:00,wellness,Annual wellness visit,241.95,0
E01779,P0270,2023-12-21 19:04:00,2023-12-22 00:04:00,wellness,Annual wellness visit,219.24,174.26
E01780,P0098,2023-09-16 10:24:00,2023-09-16 15:24:00,urgentcare,Urgent care visit,214.45,161.0
E01781,P0320,2025-02-11 19:36:00,2025-02-11 20:36:00,wellness,Annual wellness visit,231.68,154.33
E01782,P0251,2025-08-06 12:53:00,2025-08-06 13:53:00,wellness,Well child visit,175.2,115.91
E01783,P0362,2025-07-22 10:01:00,2025-07-22 12:01:00,wellness,Well child visit,233.98,160.44
E01784,P0134,2025-01-13 16:35:00,2025-01-13 19:35:00,outpatient,Imaging study,1364.43,766.68
E01785,P0293,2024-10-28 09:25:00,2024-10-28 14:25:00,emergency,ED visit for chest pain,1360.19,888.16
E01786,P0337,2023-07-29 13:41:00,2023-07-29 14:41:00,ambulatory,Follow-up visit,273.82,215.58
E01787,P0492,2025-08-18 09:59:00,2025-08-18 10:59:00,wellness,Annual wellness visit,163.15,94.52
E01788,P0404,2024-03-20 16:38:00,2024-03-20 21:38:00,outpatient,Outpatient procedure,2426.56,1529.53
E01789,P0089,2024-03-14 19:38:00,2024-03-14 23:38:00,wellness,Annual wellness visit,231.05,183.25
E01790,P0410,2023-06-04 17:55:00,2023-06-04 20:55:00,ambulatory,Medication review,186.16,103.79
E01791,P0460,2025-01-14 18:59:00,2025-01-14 20:59:00,wellness,Annual wellness visit,216.3,135.85
E01792,P0482,2025-05-05 09:05:00,2025-05-05 13:05:00,ambulatory,Chronic disease check,322.94,256.69
E01793,P0452,2023-11-27 13:42:00,2023-11-27 16:42:00,ambulatory,Follow-up visit,189.2,137.82
E01794,P0134,2025-10-17 17:25:00,2025-10-17 18:25:00,emergency,ED visit for chest pain,1820.35,1349.69
E01795,P0435,2025-06-17 07:02:00,2025-06-17 09:02:00,emergency,ED visit for chest pain,3812.32,2012.73
E01796,P0029,2025-08-17 19:57:00,2025-08-18 00:57:00,ambulatory,Medication review,374.99,204.37
E01797,P0252,2024-10-31 09:21:00,2024-10-31 14:21:00,outpatient,Physical therapy,2392.72,1428.96
E01798,P0077,2023-07-21 09:17:00,2023-07-21 12:17:00,wellness,Annual wellness visit,153.54,110.42
E01799,P0089,2023-04-02 11:31:00,2023-04-02 16:31:00,wellness,Well child visit,168.23,119.01
E01800,P0260,2025-06-16 12:57:00,2025-06-16 14:57:00,emergency,ED visit for chest pain,4435.93,3402.09
E01801,P0183,2025-03-18 08:02:00,2025-03-18 09:02:00,wellness,Well child visit,122.32,109.01
E01802,P0121,2023-06-17 16:46:00,2023-06-17 21:46:00,emergency,ED visit for chest pain,2535.74,1335.23
E01803,P0428,2024-03-06 19:25:00,2024-03-07 00:25:00,emergency,Emergency room admission,5482.55,2791.36
E01804,P0077,2023-12-09 19:27:00,2023-12-10 00:27:00,outpatient,Physical therapy,1948.41,992.93
E01805,P0156,2024-07-21 18:09:00,2024-07-21 23:09:00,wellness,Annual wellness visit,120.86,104.5
E01806,P0296,2025-08-20 08:24:00,2025-08-20 10:24:00,ambulatory,Chronic disease check,312.3,167.76
E01807,P0496,2025-03-25 07:49:00,2025-03-25 09:49:00,wellness,Annual wellness visit,207.08,0
E01808,P0107,2025-07-31 13:59:00,2025-07-31 17:59:00,wellness,Annual wellness visit,210.43,109.72
E01809,P0311,2023-07-02 08:58:00,2023-07-02 09:58:00,urgentcare,Urgent care visit,322.16,177.77
E01810,P0093,2023-03-07 14:37:00,2023-03-07 16:37:00,wellness,Well child visit,205.68,179.55
E01811,P0102,2024-03-14 07:37:00,2024-03-14 10:37:00,emergency,ED visit for chest pain,3816.61,2488.86
E01812,P0107,2024-01-02 14:46:00,2024-01-02 17:46:00,ambulatory,Follow-up visit,337.46,188.93
E01813,P0402,2023-07-25 08:32:00,2023-07-25 11:32:00,wellness,Well child visit,93.63,70.24
E01814,P0072,2023-01-18 16:50:00,2023-01-18 19:50:00,emergency,Emergency room admission,5908.12,4363.32
E01815,P0193,2024-02-01 18:57:00,2024-02-01 21:57:00,wellness,Well child visit,249.13,196.47
E01816,P0430,2023-01-03 10:39:00,2023-01-03 15:39:00,urgentcare,Urgent care visit,418.29,339.52
E01817,P0299,2023-02-04 08:39:00,2023-02-04 10:39:00,ambulatory,Follow-up visit,391.29,217.85
E01818,P0098,2025-01-05 16:22:00,2025-01-05 19:22:00,ambulatory,Chronic disease check,271.1,168.84
E01819,P0474,2023-02-25 11:25:00,2023-02-25 12:25:00,wellness,Annual wellness visit,232.1,118.43
E01820,P0247,2025-05-15 09:06:00,2025-05-15 12:06:00,emergency,ED visit for chest pain,4032.68,2388.65
E01821,P0254,2023-12-07 17:13:00,2023-12-07 22:13:00,wellness,Annual wellness visit,99.84,67.14
E01822,P0442,2025-04-24 10:53:00,2025-04-24 12:53:00,ambulatory,Chronic disease check,155.42,110.72
E01823,P0484,2024-12-02 12:27:00,2024-12-02 15:27:00,emergency,Emergency room admission,5759.86,4787.06
E01824,P0351,2023-01-16 10:47:00,2023-01-16 13:47:00,outpatient,Outpatient procedure,371.24,204.14
E01825,P0316,2025-04-10 15:28:00,2025-04-10 20:28:00,ambulatory,Medication review,375.98,255.89
E01826,P0217,2024-09-23 17:37:00,2024-09-23 18:37:00,emergency,ED visit for chest pain,2791.53,1811.11
E01827,P0218,2024-05-19 11:17:00,2024-05-19 15:17:00,urgentcare,Urgent care visit,528.71,441.32
E01828,P0129,2023-01-06 08:53:00,2023-01-06 09:53:00,ambulatory,Follow-up visit,275.38,225.51
E01829,P0264,2024-02-29 07:27:00,2024-02-29 11:27:00,wellness,Annual wellness visit,178.61,0
E01830,P0231,2023-07-04 15:20:00,2023-07-04 17:20:00,ambulatory,Follow-up visit,238.67,171.31
E01831,P0265,2025-01-20 14:38:00,2025-01-20 15:38:00,wellness,Annual wellness visit,113.7,0
E01832,P0445,2024-12-02 19:01:00,2024-12-02 20:01:00,outpatient,Outpatient procedure,1319.6,928.13
E01833,P0210,2024-05-19 07:55:00,2024-05-19 11:55:00,ambulatory,Chronic disease check,319.53,169.95
E01834,P0025,2024-08-12 13:09:00,2024-08-12 18:09:00,urgentcare,Urgent care visit,579.25,359.19
E01835,P0411,2023-08-22 19:00:00,2023-08-22 21:00:00,ambulatory,Medication review,126.94,85.56
E01836,P0179,2025-12-17 18:32:00,2025-12-17 21:32:00,ambulatory,Medication review,245.11,164.66
E01837,P0130,2024-02-23 09:03:00,2024-02-23 14:03:00,ambulatory,Follow-up visit,121.53,109.37
E01838,P0412,2024-02-15 17:21:00,2024-02-15 21:21:00,emergency,ED visit for chest pain,1698.58,1475.71
E01839,P0430,2025-03-17 14:27:00,2025-03-17 16:27:00,ambulatory,Medication review,142.1,74.69
E01840,P0124,2025-08-30 07:19:00,2025-08-30 08:19:00,urgentcare,Urgent care visit,175.91,116.31
E01841,P0218,2024-11-07 17:41:00,2024-11-07 22:41:00,wellness,Annual wellness visit,93.99,76.89
E01842,P0026,2025-09-21 18:22:00,2025-09-21 22:22:00,ambulatory,Chronic disease check,154.81,79.72
E01843,P0384,2024-04-28 16:16:00,2024-04-28 21:16:00,outpatient,Physical therapy,449.48,325.95
E01844,P0359,2024-07-06 16:47:00,2024-07-06 17:47:00,emergency,Emergency room admission,2506.74,1570.89
E01845,P0089,2025-10-24 07:38:00,2025-10-24 12:38:00,wellness,Well child visit,137.62,119.96
E01846,P0203,2025-12-19 15:24:00,2025-12-19 17:24:00,urgentcare,Urgent care visit,441.61,302.63
E01847,P0225,2025-04-29 13:31:00,2025-04-29 18:31:00,outpatient,Imaging study,1524.39,824.42
E01848,P0465,2023-07-23 09:32:00,2023-07-23 11:32:00,ambulatory,Follow-up visit,255.79,177.52
E01849,P0293,2024-04-22 09:58:00,2024-04-22 12:58:00,wellness,Annual wellness visit,159.9,127.09
E01850,P0496,2024-08-15 16:56:00,2024-08-15 21:56:00,ambulatory,Medication review,375.35,0
E01851,P0229,2023-05-18 19:08:00,2023-05-18 22:08:00,urgentcare,Urgent care visit,224.31,188.25
E01852,P0490,2023-02-23 10:39:00,2023-02-23 14:39:00,outpatient,Imaging study,412.16,341.24
E01853,P0277,2023-08-05 08:31:00,2023-08-05 12:31:00,urgentcare,Urgent care visit,174.72,133.54
E01854,P0338,2024-06-15 08:37:00,2024-06-15 13:37:00,wellness,Annual wellness visit,240.99,143.17
E01855,P0351,2025-11-16 17:09:00,2025-11-16 22:09:00,outpatient,Physical therapy,2246.89,1526.61
E01856,P0076,2023-06-21 14:35:00,2023-06-21 15:35:00,emergency,ED visit for chest pain,4627.88,4031.45
E01857,P0261,2023-05-25 16:19:00,2023-05-25 20:19:00,wellness,Well child visit,233.07,166.42
E01858,P0083,2025-07-13 13:04:00,2025-07-13 18:04:00,urgentcare,Urgent care visit,380.92,277.48
E01859,P0226,2025-02-04 14:28:00,2025-02-06 16:28:00,inpatient,Hospital admission,24329.39,20065.62
E01860,P0133,2025-05-07 15:05:00,2025-05-07 18:05:00,ambulatory,Follow-up visit,252.52,209.98
E01861,P0093,2025-02-17 16:36:00,2025-02-17 17:36:00,urgentcare,Urgent care visit,284.8,152.82
E01862,P0332,2023-11-20 15:43:00,2023-11-20 19:43:00,outpatient,Physical therapy,1783.55,1084.7
E01863,P0085,2025-05-17 16:33:00,2025-05-17 21:33:00,ambulatory,Medication review,162.12,129.84
E01864,P0297,2025-09-04 18:20:00,2025-09-04 19:20:00,emergency,ED visit for chest pain,2262.39,1338.74
E01865,P0061,2023-07-01 16:54:00,2023-07-01 20:54:00,wellness,Well child visit,108.0,55.9
E01866,P0461,2024-05-23 10:01:00,2024-05-23 14:01:00,ambulatory,Medication review,199.55,143.93
E01867,P0115,2025-02-11 13:02:00,2025-02-11 14:02:00,ambulatory,Chronic disease check,338.13,247.65
E01868,P0440,2025-03-26 10:06:00,2025-03-26 13:06:00,urgentcare,Urgent care visit,438.0,341.99
E01869,P0145,2025-02-09 13:32:00,2025-02-09 18:32:00,urgentcare,Urgent care visit,261.89,228.95
E01870,P0220,2025-07-16 15:43:00,2025-07-16 18:43:00,wellness,Well child visit,114.27,57.67
E01871,P0288,2025-03-01 09:25:00,2025-03-01 11:25:00,ambulatory,Chronic disease check,394.74,0
E01872,P0297,2025-04-12 11:41:00,2025-04-12 16:41:00,urgentcare,Urgent care visit,396.02,277.62
E01873,P0294,2024-03-30 11:32:00,2024-04-07 03:32:00,inpatient,Hospital admission,19604.44,0
E01874,P0315,2025-06-11 09:20:00,2025-06-11 12:20:00,wellness,Annual wellness visit,153.23,137.33
E01875,P0386,2023-05-20 14:15:00,2023-05-20 15:15:00,ambulatory,Follow-up visit,294.51,157.76
E01876,P0038,2023-08-20 17:00:00,2023-08-20 19:00:00,wellness,Annual wellness visit,147.24,132.43
E01877,P0448,2025-04-14 08:50:00,2025-04-14 10:50:00,wellness,Well child visit,124.14,106.48
E01878,P0175,2024-05-24 07:44:00,2024-05-24 10:44:00,wellness,Annual wellness visit,141.39,93.35
E01879,P0400,2023-02-14 09:49:00,2023-02-14 12:49:00,urgentcare,Urgent care visit,557.89,446.42
E01880,P0254,2023-09-13 17:31:00,2023-09-13 18:31:00,wellness,Annual wellness visit,158.63,134.71
E01881,P0357,2023-02-27 16:40:00,2023-02-27 20:40:00,wellness,Annual wellness visit,154.33,106.18
E01882,P0380,2023-05-14 15:48:00,2023-05-14 17:48:00,ambulatory,Medication review,316.05,226.07
E01883,P0386,2023-03-27 16:19:00,2023-03-27 21:19:00,ambulatory,Medication review,387.8,194.34
E01884,P0206,2023-10-25 08:39:00,2023-10-25 11:39:00,ambulatory,Chronic disease check,142.29,94.69
E01885,P0435,2024-04-08 12:34:00,2024-04-17 03:34:00,inpatient,Admission for pneumonia,12280.07,9217.86
E01886,P0485,2025-05-14 17:31:00,2025-05-14 22:31:00,wellness,Annual wellness visit,188.79,147.17
E01887,P0298,2025-06-20 12:19:00,2025-06-20 17:19:00,ambulatory,Chronic disease check,226.73,175.82
E01888,P0444,2024-11-27 17:02:00,2024-11-27 20:02:00,wellness,Annual wellness visit,246.62,134.23
E01889,P0315,2024-01-05 07:59:00,2024-01-05 11:59:00,wellness,Annual wellness visit,249.15,194.04
E01890,P0196,2023-04-02 12:59:00,2023-04-02 13:59:00,emergency,Emergency room admission,1258.96,842.24
E01891,P0373,2025-03-19 10:32:00,2025-03-19 14:32:00,wellness,Well child visit,140.3,0
E01892,P0500,2023-09-15 08:42:00,2023-09-15 13:42:00,outpatient,Imaging study,1574.39,0
E01893,P0191,2025-02-15 15:17:00,2025-02-15 16:17:00,ambulatory,Medication review,133.76,101.98
E01894,P0294,2023-10-06 12:05:00,2023-10-06 17:05:00,ambulatory,Chronic disease check,391.96,0
E01895,P0092,2025-02-09 13:24:00,2025-02-09 16:24:00,wellness,Well child visit,215.68,0
E01896,P0221,2023-04-13 12:34:00,2023-04-13 16:34:00,ambulatory,Follow-up visit,193.4,160.15
E01897,P0477,2025-05-17 13:12:00,2025-05-17 17:12:00,ambulatory,Chronic disease check,331.75,237.2
E01898,P0015,2024-09-23 12:26:00,2024-09-23 14:26:00,ambulatory,Medication review,173.84,142.91
E01899,P0015,2024-05-11 13:18:00,2024-05-11 16:18:00,ambulatory,Chronic disease check,343.7,279.54
E01900,P0438,2025-05-07 12:44:00,2025-05-07 15:44:00,outpatient,Imaging study,419.22,315.69
E01901,P0310,2024-04-13 07:54:00,2024-04-13 08:54:00,outpatient,Physical therapy,1828.54,0
E01902,P0218,2024-01-18 09:01:00,2024-01-18 11:01:00,wellness,Annual wellness visit,114.34,101.23
E01903,P0409,2025-09-06 18:50:00,2025-09-06 22:50:00,ambulatory,Follow-up visit,206.97,166.72
E01904,P0314,2023-02-26 08:46:00,2023-02-26 09:46:00,wellness,Annual wellness visit,118.3,63.52
E01905,P0467,2025-10-27 11:17:00,2025-11-04 03:17:00,inpatient,Admission for pneumonia,33093.99,29696.87
E01906,P0004,2023-01-31 08:50:00,2023-01-31 12:50:00,urgentcare,Urgent care visit,414.96,287.35
E01907,P0254,2023-09-19 10:20:00,2023-09-22 06:20:00,inpatient,Admission for pneumonia,11878.23,8049.11
E01908,P0403,2024-07-13 14:36:00,2024-07-13 16:36:00,emergency,ED visit for chest pain,5970.5,4877.97
E01909,P0437,2025-05-20 08:17:00,2025-05-20 10:17:00,wellness,Annual wellness visit,206.87,107.86
E01910,P0271,2025-09-07 12:50:00,2025-09-07 14:50:00,wellness,Well child visit,158.81,134.44
E01911,P0273,2024-12-18 17:50:00,2024-12-18 19:50:00,wellness,Well child visit,148.96,130.96
E01912,P0090,2023-09-10 18:27:00,2023-09-10 23:27:00,ambulatory,Follow-up visit,314.52,220.6
E01913,P0450,2024-07-03 07:48:00,2024-07-03 08:48:00,wellness,Well child visit,198.13,119.23
E01914,P0335,2025-08-14 12:46:00,2025-08-14 14:46:00,ambulatory,Follow-up visit,363.56,197.98
E01915,P0484,2025-07-05 11:52:00,2025-07-05 16:52:00,wellness,Well child visit,188.36,145.58
E01916,P0318,2023-06-23 14:41:00,2023-06-23 18:41:00,outpatient,Imaging study,2282.57,1838.98
E01917,P0125,2023-12-07 15:21:00,2023-12-07 17:21:00,outpatient,Physical therapy,367.55,263.0
E01918,P0351,2023-05-30 15:06:00,2023-05-30 18:06:00,wellness,Annual wellness visit,204.27,167.6
E01919,P0035,2025-03-03 11:12:00,2025-03-03 12:12:00,outpatient,Physical therapy,860.85,0
E01920,P0326,2025-03-02 17:23:00,2025-03-02 19:23:00,wellness,Annual wellness visit,142.0,86.15
E01921,P0458,2024-04-15 12:12:00,2024-04-15 13:12:00,wellness,Annual wellness visit,95.72,67.57
E01922,P0367,2025-06-21 15:05:00,2025-06-21 20:05:00,emergency,Emergency room admission,2361.69,1976.79
E01923,P0177,2024-07-25 11:20:00,2024-07-30 04:20:00,inpatient,Admission for pneumonia,37170.85,0
E01924,P0134,2023-04-20 16:04:00,2023-04-20 18:04:00,wellness,Well child visit,221.11,171.44
E01925,P0244,2024-03-21 14:41:00,2024-03-21 19:41:00,outpatient,Physical therapy,535.74,414.93
E01926,P0387,2024-10-18 11:06:00,2024-10-18 16:06:00,emergency,ED visit for chest pain,1529.0,1351.85
E01927,P0263,2025-03-01 17:37:00,2025-03-01 22:37:00,outpatient,Physical therapy,1574.42,1119.53
E01928,P0398,2023-05-05 12:13:00,2023-05-05 15:13:00,wellness,Annual wellness visit,167.0,139.45
E01929,P0054,2025-07-09 18:37:00,2025-07-09 20:37:00,wellness,Annual wellness visit,130.61,67.21
E01930,P0046,2025-02-19 19:07:00,2025-02-19 22:07:00,emergency,Emergency room admission,1792.65,1544.95
E01931,P0426,2024-04-08 17:06:00,2024-04-08 21:06:00,ambulatory,Follow-up visit,165.57,98.56
E01932,P0406,2023-08-19 18:01:00,2023-08-19 23:01:00,wellness,Well child visit,170.0,0
E01933,P0472,2024-03-06 09:56:00,2024-03-06 14:56:00,urgentcare,Urgent care visit,540.12,423.82
E01934,P0286,2023-12-10 09:29:00,2023-12-10 10:29:00,emergency,Emergency room admission,1128.39,0
E01935,P0008,2023-12-26 07:02:00,2023-12-26 08:02:00,wellness,Well child visit,100.08,0
E01936,P0237,2023-08-23 07:46:00,2023-08-23 08:46:00,ambulatory,Medication review,262.22,193.71
E01937,P0445,2025-09-11 19:12:00,2025-09-11 23:12:00,ambulatory,Medication review,154.08,82.19
E01938,P0152,2025-02-24 08:35:00,2025-02-24 11:35:00,wellness,Annual wellness visit,99.87,85.8
E01939,P0149,2024-05-14 17:56:00,2024-05-14 18:56:00,emergency,Emergency room admission,3907.13,3182.23
E01940,P0142,2023-10-11 10:19:00,2023-10-11 13:19:00,ambulatory,Medication review,206.61,129.45
E01941,P0347,2023-03-13 07:03:00,2023-03-13 09:03:00,urgentcare,Urgent care visit,480.0,327.75
E01942,P0385,2024-01-09 07:03:00,2024-01-09 10:03:00,ambulatory,Chronic disease check,348.86,306.08
E01943,P0488,2025-02-15 14:28:00,2025-02-15 15:28:00,outpatient,Physical therapy,1029.1,533.52
E01944,P0222,2025-03-09 14:12:00,2025-03-14 10:12:00,inpatient,Hospital admission,9128.94,7869.1
E01945,P0202,2024-09-04 08:28:00,2024-09-04 09:28:00,emergency,Emergency room admission,4490.81,4017.98
E01946,P0001,2024-10-25 08:42:00,2024-10-25 12:42:00,urgentcare,Urgent care visit,426.35,344.9
E01947,P0241,2023-01-31 13:16:00,2023-01-31 18:16:00,wellness,Well child visit,211.63,141.34
E01948,P0104,2023-10-16 13:26:00,2023-10-16 18:26:00,wellness,Well child visit,206.1,116.18
E01949,P0311,2023-02-01 16:00:00,2023-02-01 18:00:00,ambulatory,Medication review,271.18,195.84
E01950,P0460,2023-08-31 15:03:00,2023-08-31 20:03:00,outpatient,Physical therapy,2489.01,1882.53
E01951,P0401,2025-01-15 07:31:00,2025-01-15 10:31:00,outpatient,Imaging study,2066.27,1182.41
E01952,P0233,2025-07-19 13:26:00,2025-07-19 14:26:00,urgentcare,Urgent care visit,461.95,254.35
E01953,P0483,2025-06-02 18:58:00,2025-06-02 21:58:00,wellness,Annual wellness visit,162.73,106.11
E01954,P0155,2023-01-12 19:59:00,2023-01-20 21:59:00,inpatient,Hospital admission,18530.49,16238.23
E01955,P0402,2024-11-18 15:42:00,2024-11-18 18:42:00,ambulatory,Follow-up visit,392.02,268.23
E01956,P0234,2023-07-04 18:27:00,2023-07-04 20:27:00,wellness,Well child visit,168.12,124.55
E01957,P0402,2023-10-24 11:47:00,2023-10-24 12:47:00,wellness,Well child visit,187.37,164.13
E01958,P0224,2023-11-30 09:24:00,2023-11-30 14:24:00,wellness,Well child visit,240.88,169.79
E01959,P0039,2024-06-25 19:18:00,2024-06-25 22:18:00,ambulatory,Follow-up visit,194.59,105.49
E01960,P0284,2024-08-24 13:21:00,2024-08-24 17:21:00,ambulatory,Follow-up visit,353.36,221.76
E01961,P0400,2023-01-06 16:51:00,2023-01-06 18:51:00,ambulatory,Chronic disease check,155.37,108.57
E01962,P0001,2023-02-06 19:31:00,2023-02-06 20:31:00,outpatient,Imaging study,439.41,258.3
E01963,P0361,2025-04-19 11:41:00,2025-04-19 12:41:00,emergency,Emergency room admission,3242.73,0
E01964,P0424,2025-08-20 10:01:00,2025-08-20 15:01:00,wellness,Well child visit,116.07,99.24
E01965,P0454,2023-01-11 07:59:00,2023-01-11 08:59:00,urgentcare,Urgent care visit,368.46,207.95
E01966,P0135,2024-05-07 08:32:00,2024-05-07 10:32:00,outpatient,Outpatient procedure,2486.11,1630.38
E01967,P0479,2025-02-03 07:06:00,2025-02-03 11:06:00,ambulatory,Chronic disease check,138.46,121.46
E01968,P0329,2023-05-01 08:33:00,2023-05-01 09:33:00,outpatient,Outpatient procedure,1563.59,1163.57
E01969,P0433,2023-08-12 18:12:00,2023-08-12 19:12:00,ambulatory,Chronic disease check,208.2,110.83
E01970,P0451,2025-01-12 10:52:00,2025-01-12 14:52:00,wellness,Annual wellness visit,98.52,0
E01971,P0103,2025-08-04 08:12:00,2025-08-04 12:12:00,wellness,Annual wellness visit,184.98,92.83
E01972,P0248,2023-06-27 15:36:00,2023-06-27 20:36:00,wellness,Well child visit,215.63,168.12
E01973,P0117,2023-10-16 16:41:00,2023-10-16 21:41:00,urgentcare,Urgent care visit,360.75,305.22
E01974,P0212,2024-06-10 11:45:00,2024-06-10 15:45:00,ambulatory,Chronic disease check,334.48,279.13
E01975,P0046,2025-11-20 09:24:00,2025-11-27 10:24:00,inpatient,Admission for pneumonia,12874.28,10613.23
E01976,P0043,2023-05-25 07:36:00,2023-05-25 10:36:00,wellness,Annual wellness visit,143.17,91.73
E01977,P0288,2025-04-05 10:47:00,2025-04-05 12:47:00,outpatient,Imaging study,451.19,0
E01978,P0110,2025-01-07 14:28:00,2025-01-12 07:28:00,inpatient,Hospital admission,23816.61,15122.55
E01979,P0471,2025-12-21 08:01:00,2025-12-21 12:01:00,wellness,Well child visit,227.93,117.51
E01980,P0220,2024-03-24 19:14:00,2024-03-24 22:14:00,ambulatory,Medication review,369.48,259.14
E01981,P0281,2023-12-29 12:25:00,2023-12-29 14:25:00,ambulatory,Medication review,227.14,201.61
E01982,P0153,2023-10-10 16:13:00,2023-10-10 17:13:00,ambulatory,Follow-up visit,212.64,144.21
E01983,P0228,2023-04-13 13:42:00,2023-04-13 16:42:00,emergency,ED visit for chest pain,3189.83,2044.6
E01984,P0187,2023-11-23 10:30:00,2023-12-01 10:30:00,inpatient,Hospital admission,12214.26,9009.56
E01985,P0277,2024-10-26 08:49:00,2024-10-26 09:49:00,emergency,ED visit for chest pain,3416.26,2706.52
E01986,P0342,2023-07-28 10:59:00,2023-07-31 11:59:00,inpatient,Hospital admission,38335.43,26262.83
E01987,P0260,2023-07-14 17:15:00,2023-07-14 18:15:00,emergency,ED visit for chest pain,1625.85,1270.87
E01988,P0228,2023-04-21 18:43:00,2023-04-21 20:43:00,outpatient,Outpatient procedure,670.02,443.85
E01989,P0318,2024-04-23 12:22:00,2024-04-23 15:22:00,ambulatory,Follow-up visit,315.62,243.99
E01990,P0001,2023-10-04 10:06:00,2023-10-04 14:06:00,emergency,ED visit for chest pain,5495.7,4664.58
E01991,P0031,2025-05-05 19:57:00,2025-05-05 20:57:00,wellness,Annual wellness visit,102.63,65.16
E01992,P0442,2024-01-10 12:55:00,2024-01-10 17:55:00,outpatient,Physical therapy,871.19,745.95
E01993,P0174,2024-08-01 07:44:00,2024-08-01 11:44:00,wellness,Well child visit,105.98,82.84
E01994,P0433,2023-04-12 13:02:00,2023-04-12 18:02:00,wellness,Annual wellness visit,197.85,171.22
E01995,P0342,2023-05-15 07:49:00,2023-05-15 08:49:00,urgentcare,Urgent care visit,592.16,522.85
E01996,P0319,2024-09-14 19:18:00,2024-09-14 20:18:00,wellness,Annual wellness visit,122.52,61.41
E01997,P0179,2023-03-06 10:39:00,2023-03-06 14:39:00,wellness,Well child visit,97.3,51.16
E01998,P0278,2023-07-12 10:46:00,2023-07-12 13:46:00,wellness,Annual wellness visit,230.88,204.08
E01999,P0184,2024-05-13 13:22:00,2024-05-13 18:22:00,ambulatory,Follow-up visit,215.33,138.79
E02000,P0037,2025-04-14 15:18:00,2025-04-14 20:18:00,wellness,Annual wellness visit,240.49,182.21
E02001,P0204,2023-05-01 08:15:00,2023-05-01 13:15:00,ambulatory,Chronic disease check,228.32,157.77
E02002,P0023,2024-05-09 15:10:00,2024-05-09 20:10:00,urgentcare,Urgent care visit,270.18,212.54
E02003,P0490,2024-02-01 16:43:00,2024-02-01 19:43:00,wellness,Well child visit,139.08,117.49
E02004,P0011,2025-10-02 14:49:00,2025-10-02 18:49:00,wellness,Annual wellness visit,211.4,133.96
E02005,P0005,2024-12-13 07:11:00,2024-12-13 08:11:00,wellness,Well child visit,168.92,105.62
E02006,P0067,2024-01-12 11:52:00,2024-01-12 12:52:00,emergency,ED visit for chest pain,3242.83,1859.79
E02007,P0032,2023-11-03 10:44:00,2023-11-03 12:44:00,outpatient,Outpatient procedure,976.97,515.74
E02008,P0378,2023-03-23 17:58:00,2023-03-23 21:58:00,urgentcare,Urgent care visit,527.52,338.91
E02009,P0003,2025-04-27 15:42:00,2025-04-27 18:42:00,outpatient,Outpatient procedure,834.55,713.17
E02010,P0060,2025-03-15 14:34:00,2025-03-15 16:34:00,wellness,Annual wellness visit,217.13,0
E02011,P0145,2024-11-16 14:47:00,2024-11-16 17:47:00,emergency,ED visit for chest pain,4746.61,2987.09
E02012,P0290,2023-06-29 09:55:00,2023-06-29 14:55:00,emergency,ED visit for chest pain,4658.43,2910.0
E02013,P0203,2024-05-07 14:09:00,2024-05-07 16:09:00,wellness,Annual wellness visit,217.57,148.61
E02014,P0182,2023-06-09 11:21:00,2023-06-09 15:21:00,ambulatory,Follow-up visit,395.32,307.54
E02015,P0065,2025-06-30 08:57:00,2025-06-30 09:57:00,wellness,Annual wellness visit,218.18,128.78
E02016,P0385,2024-01-06 10:13:00,2024-01-06 14:13:00,ambulatory,Follow-up visit,316.12,170.58
E02017,P0408,2023-12-17 08:09:00,2023-12-17 11:09:00,outpatient,Physical therapy,2295.19,1868.91
E02018,P0268,2025-09-28 19:20:00,2025-09-28 20:20:00,ambulatory,Medication review,312.19,167.89
E02019,P0055,2025-10-27 14:27:00,2025-10-27 16:27:00,urgentcare,Urgent care visit,390.99,281.55
E02020,P0042,2024-10-02 16:42:00,2024-10-02 20:42:00,outpatient,Imaging study,1818.59,1031.13
E02021,P0354,2025-11-24 07:45:00,2025-11-24 08:45:00,wellness,Well child visit,210.07,0
E02022,P0470,2024-03-18 08:08:00,2024-03-18 13:08:00,wellness,Annual wellness visit,246.65,173.5
E02023,P0298,2023-12-20 15:41:00,2023-12-20 18:41:00,ambulatory,Chronic disease check,212.88,180.2
E02024,P0337,2025-11-18 09:21:00,2025-11-18 11:21:00,wellness,Well child visit,205.58,116.15
E02025,P0028,2024-03-13 17:29:00,2024-03-13 20:29:00,wellness,Annual wellness visit,175.86,97.45
E02026,P0485,2024-05-31 08:30:00,2024-05-31 11:30:00,wellness,Well child visit,134.6,102.56
E02027,P0375,2025-12-10 19:45:00,2025-12-10 20:45:00,wellness,Well child visit,100.57,73.51
E02028,P0364,2023-01-21 18:29:00,2023-01-21 20:29:00,wellness,Annual wellness visit,207.72,0
E02029,P0066,2024-03-01 07:51:00,2024-03-01 10:51:00,wellness,Annual wellness visit,239.94,140.99
E02030,P0068,2025-06-17 15:29:00,2025-06-17 18:29:00,wellness,Annual wellness visit,226.08,175.93
E02031,P0053,2024-02-02 07:42:00,2024-02-02 09:42:00,wellness,Well child visit,170.53,108.15
E02032,P0025,2025-03-21 10:21:00,2025-03-21 11:21:00,ambulatory,Follow-up visit,311.01,198.35
E02033,P0407,2025-06-20 14:47:00,2025-06-20 18:47:00,ambulatory,Medication review,219.64,118.25
E02034,P0276,2023-05-26 18:40:00,2023-05-26 19:40:00,wellness,Annual wellness visit,194.28,129.45
E02035,P0453,2023-06-01 15:00:00,2023-06-01 18:00:00,urgentcare,Urgent care visit,320.15,270.28
E02036,P0082,2025-12-23 10:43:00,2025-12-23 11:43:00,ambulatory,Follow-up visit,384.35,232.71
E02037,P0432,2024-07-19 08:08:00,2024-07-27 22:08:00,inpatient,Hospital admission,19161.38,10736.78
E02038,P0042,2024-02-20 09:01:00,2024-02-20 13:01:00,urgentcare,Urgent care visit,369.08,238.71
E02039,P0286,2025-05-05 13:42:00,2025-05-05 17:42:00,emergency,Emergency room admission,5765.64,0
E02040,P0197,2025-03-17 09:36:00,2025-03-17 10:36:00,wellness,Well child visit,181.25,116.87
E02041,P0031,2024-08-10 11:20:00,2024-08-10 14:20:00,ambulatory,Chronic disease check,303.69,269.11
E02042,P0201,2024-09-19 17:19:00,2024-09-23 17:19:00,inpatient,Admission for pneumonia,30387.51,19372.52
E02043,P0155,2025-02-10 09:51:00,2025-02-10 13:51:00,outpatient,Outpatient procedure,717.5,469.34
E02044,P0223,2023-08-29 08:30:00,2023-08-29 11:30:00,emergency,ED visit for chest pain,5840.15,3425.7
E02045,P0211,2024-12-04 18:10:00,2024-12-04 23:10:00,outpatient,Imaging study,1829.94,1407.96
E02046,P0052,2025-11-17 17:51:00,2025-11-17 18:51:00,outpatient,Imaging study,1474.36,1296.93
E02047,P0305,2023-07-20 19:37:00,2023-07-29 10:37:00,inpatient,Hospital admission,37630.38,28440.59
E02048,P0371,2023-06-23 18:13:00,2023-06-23 23:13:00,ambulatory,Chronic disease check,279.85,0
E02049,P0135,2024-11-24 11:05:00,2024-11-24 13:05:00,wellness,Well child visit,205.23,180.38
E02050,P0499,2025-01-18 18:22:00,2025-01-21 08:22:00,inpatient,Hospital admission,18398.8,10854.65
E02051,P0134,2023-03-13 18:46:00,2023-03-13 20:46:00,emergency,ED visit for chest pain,1295.5,1087.36
E02052,P0271,2023-02-27 13:22:00,2023-02-27 16:22:00,ambulatory,Chronic disease check,223.54,181.37
E02053,P0200,2024-07-04 15:31:00,2024-07-04 18:31:00,emergency,ED visit for chest pain,4959.94,3644.22
E02054,P0459,2024-07-03 19:19:00,2024-07-03 22:19:00,outpatient,Imaging study,2383.38,2113.63
E02055,P0224,2025-08-25 11:37:00,2025-08-25 15:37:00,ambulatory,Medication review,228.26,168.42
E02056,P0258,2023-05-11 14:21:00,2023-05-11 16:21:00,ambulatory,Follow-up visit,373.66,198.65
E02057,P0176,2023-02-15 16:08:00,2023-02-15 17:08:00,wellness,Well child visit,181.63,127.73
E02058,P0418,2025-03-28 17:10:00,2025-03-28 19:10:00,ambulatory,Chronic disease check,210.47,153.7
E02059,P0204,2025-07-03 10:06:00,2025-07-03 11:06:00,ambulatory,Follow-up visit,358.97,181.43
E02060,P0446,2023-10-07 11:05:00,2023-10-13 09:05:00,inpatient,Hospital admission,32415.27,19652.67
E02061,P0198,2024-08-08 07:53:00,2024-08-08 10:53:00,wellness,Annual wellness visit,194.11,116.3
E02062,P0460,2025-04-30 08:59:00,2025-04-30 11:59:00,wellness,Well child visit,214.28,125.44
E02063,P0415,2025-04-25 10:45:00,2025-04-25 14:45:00,wellness,Annual wellness visit,126.16,64.59
E02064,P0331,2023-09-07 15:27:00,2023-09-07 20:27:00,outpatient,Outpatient procedure,2108.29,0
E02065,P0073,2023-06-12 13:17:00,2023-06-12 18:17:00,emergency,ED visit for chest pain,3177.83,1993.56
E02066,P0108,2024-07-26 19:36:00,2024-07-26 21:36:00,ambulatory,Medication review,241.22,197.56
E02067,P0133,2025-10-17 07:49:00,2025-10-17 08:49:00,wellness,Annual wellness visit,169.56,143.77
E02068,P0479,2023-02-21 18:48:00,2023-02-21 23:48:00,urgentcare,Urgent care visit,334.91,284.72
E02069,P0421,2025-06-29 14:53:00,2025-06-29 18:53:00,wellness,Well child visit,111.13,73.36
E02070,P0166,2024-02-04 14:59:00,2024-02-04 15:59:00,ambulatory,Follow-up visit,151.21,114.66
E02071,P0024,2025-01-01 09:36:00,2025-01-01 13:36:00,emergency,Emergency room admission,5655.39,2883.31
E02072,P0480,2025-11-29 18:14:00,2025-11-29 19:14:00,ambulatory,Follow-up visit,130.18,90.28
E02073,P0350,2023-09-20 08:07:00,2023-09-20 11:07:00,wellness,Well child visit,119.81,91.66
E02074,P0485,2025-05-21 07:27:00,2025-05-21 12:27:00,wellness,Annual wellness visit,138.18,111.61
E02075,P0112,2025-12-19 17:42:00,2025-12-19 18:42:00,urgentcare,Urgent care visit,372.47,321.58
E02076,P0102,2025-02-13 17:37:00,2025-02-13 20:37:00,wellness,Annual wellness visit,146.17,103.38
E02077,P0201,2023-02-24 17:15:00,2023-02-24 19:15:00,wellness,Well child visit,182.1,148.16
E02078,P0177,2025-02-03 17:30:00,2025-02-03 20:30:00,wellness,Annual wellness visit,222.36,0
E02079,P0466,2023-12-13 09:34:00,2023-12-13 13:34:00,wellness,Annual wellness visit,126.29,108.29
E02080,P0309,2023-01-03 11:54:00,2023-01-03 14:54:00,outpatient,Physical therapy,2176.3,0
E02081,P0356,2024-03-30 13:02:00,2024-03-30 15:02:00,urgentcare,Urgent care visit,208.14,139.61
E02082,P0260,2023-03-13 15:00:00,2023-03-13 19:00:00,ambulatory,Follow-up visit,145.66,104.95
E02083,P0236,2024-01-19 13:38:00,2024-01-19 18:38:00,wellness,Annual wellness visit,169.65,136.7
E02084,P0414,2024-02-14 13:30:00,2024-02-14 14:30:00,wellness,Well child visit,105.79,58.17
E02085,P0203,2024-03-31 16:31:00,2024-03-31 21:31:00,wellness,Annual wellness visit,191.14,149.55
E02086,P0494,2025-06-09 19:04:00,2025-06-09 22:04:00,emergency,ED visit for chest pain,3624.08,2941.81
E02087,P0245,2025-06-25 19:51:00,2025-06-25 22:51:00,wellness,Annual wellness visit,110.96,98.96
E02088,P0494,2023-11-09 09:25:00,2023-11-09 11:25:00,wellness,Annual wellness visit,237.14,178.78
E02089,P0387,2024-06-03 09:37:00,2024-06-03 12:37:00,outpatient,Physical therapy,1532.47,1292.22
E02090,P0290,2024-01-13 10:02:00,2024-01-13 13:02:00,wellness,Well child visit,154.8,88.73
E02091,P0455,2024-11-22 10:36:00,2024-11-22 13:36:00,outpatient,Imaging study,1743.4,0
E02092,P0125,2025-09-07 11:10:00,2025-09-07 12:10:00,urgentcare,Urgent care visit,534.79,381.11
E02093,P0140,2025-10-04 11:42:00,2025-10-04 12:42:00,ambulatory,Follow-up visit,351.75,244.19
E02094,P0162,2024-09-16 09:04:00,2024-09-16 14:04:00,wellness,Annual wellness visit,141.83,0
E02095,P0455,2024-03-26 13:34:00,2024-03-26 15:34:00,outpatient,Outpatient procedure,1182.84,0
E02096,P0261,2025-03-28 10:54:00,2025-03-28 15:54:00,urgentcare,Urgent care visit,522.68,398.67
E02097,P0198,2024-07-20 15:07:00,2024-07-20 16:07:00,wellness,Well child visit,147.85,107.56
E02098,P0410,2023-05-18 13:17:00,2023-05-18 14:17:00,wellness,Well child visit,158.5,83.82
E02099,P0290,2024-12-01 12:37:00,2024-12-01 16:37:00,urgentcare,Urgent care visit,272.23,198.86
E02100,P0193,2024-03-09 17:05:00,2024-03-09 20:05:00,ambulatory,Chronic disease check,246.24,158.36
E02101,P0095,2023-01-02 09:20:00,2023-01-02 10:20:00,wellness,Well child visit,130.58,116.29
E02102,P0342,2025-10-13 08:38:00,2025-10-13 10:38:00,wellness,Annual wellness visit,206.63,115.69
E02103,P0038,2024-05-13 19:49:00,2024-05-13 23:49:00,emergency,ED visit for chest pain,5520.28,3781.96
E02104,P0291,2025-04-11 07:37:00,2025-04-11 12:37:00,outpatient,Imaging study,2400.76,1407.44
E02105,P0085,2025-09-17 10:56:00,2025-09-17 11:56:00,ambulatory,Follow-up visit,343.41,189.82
E02106,P0334,2023-02-27 14:51:00,2023-02-27 17:51:00,ambulatory,Medication review,314.73,224.69
E02107,P0244,2025-05-10 13:00:00,2025-05-10 15:00:00,outpatient,Outpatient procedure,2149.45,1883.52
E02108,P0351,2024-09-24 10:27:00,2024-09-24 11:27:00,ambulatory,Medication review,288.73,233.29
E02109,P0169,2023-03-05 15:44:00,2023-03-05 20:44:00,ambulatory,Follow-up visit,298.34,177.0
E02110,P0075,2023-09-05 17:00:00,2023-09-05 18:00:00,wellness,Annual wellness visit,146.32,118.5
E02111,P0249,2024-07-11 11:49:00,2024-07-11 16:49:00,urgentcare,Urgent care visit,438.04,303.11
E02112,P0365,2023-10-15 14:10:00,2023-10-15 19:10:00,wellness,Well child visit,164.28,102.46
E02113,P0341,2025-10-13 13:50:00,2025-10-13 16:50:00,urgentcare,Urgent care visit,407.58,354.33
E02114,P0454,2025-05-09 10:26:00,2025-05-09 14:26:00,emergency,ED visit for chest pain,5441.68,4224.11
E02115,P0018,2024-11-08 07:33:00,2024-11-08 08:33:00,wellness,Well child visit,155.07,97.06
E02116,P0113,2023-03-19 17:02:00,2023-03-19 21:02:00,ambulatory,Medication review,393.01,263.57
E02117,P0096,2025-06-22 08:20:00,2025-06-25 12:20:00,inpatient,Admission for pneumonia,36012.89,19985.04
E02118,P0357,2024-10-19 10:30:00,2024-10-19 11:30:00,ambulatory,Medication review,314.52,215.88
E02119,P0005,2024-12-17 08:52:00,2024-12-17 10:52:00,wellness,Well child visit,174.64,116.21
E02120,P0106,2024-04-25 08:20:00,2024-04-25 11:20:00,ambulatory,Medication review,291.94,218.46
E02121,P0287,2024-11-17 17:26:00,2024-11-17 21:26:00,urgentcare,Urgent care visit,306.91,204.27
E02122,P0223,2024-11-07 19:51:00,2024-11-07 22:51:00,wellness,Well child visit,229.95,183.53
E02123,P0158,2023-05-30 12:12:00,2023-05-30 17:12:00,outpatient,Physical therapy,566.89,493.88
E02124,P0302,2024-05-11 19:02:00,2024-05-11 22:02:00,wellness,Well child visit,134.13,82.36
E02125,P0295,2025-04-19 11:30:00,2025-04-19 12:30:00,emergency,Emergency room admission,3581.71,2000.18
E02126,P0025,2025-10-22 14:10:00,2025-10-22 16:10:00,ambulatory,Chronic disease check,289.52,228.55
E02127,P0112,2025-12-27 17:57:00,2026-01-04 06:57:00,inpatient,Admission for pneumonia,25809.65,13934.72
E02128,P0081,2023-01-17 19:58:00,2023-01-18 00:58:00,wellness,Annual wellness visit,161.29,125.24
E02129,P0059,2023-03-30 15:10:00,2023-03-30 18:10:00,emergency,ED visit for chest pain,2436.93,1406.32
E02130,P0323,2025-04-25 13:19:00,2025-04-25 16:19:00,outpatient,Physical therapy,1339.76,740.57
E02131,P0399,2024-05-15 07:10:00,2024-05-15 08:10:00,wellness,Well child visit,138.28,116.06
E02132,P0196,2023-10-31 19:20:00,2023-11-01 00:20:00,emergency,Emergency room admission,2039.57,1691.18
E02133,P0073,2024-12-29 08:49:00,2024-12-29 10:49:00,emergency,Emergency room admission,4871.8,3865.95
E02134,P0237,2025-03-16 13:04:00,2025-03-16 18:04:00,ambulatory,Chronic disease check,317.95,183.18
E02135,P0299,2025-08-23 07:02:00,2025-08-23 12:02:00,ambulatory,Follow-up visit,383.18,333.01
E02136,P0313,2023-05-21 11:27:00,2023-05-21 14:27:00,wellness,Annual wellness visit,178.41,107.72
E02137,P0168,2024-03-29 08:26:00,2024-03-29 09:26:00,ambulatory,Medication review,182.39,131.37
E02138,P0025,2024-08-30 10:07:00,2024-08-30 12:07:00,emergency,Emergency room admission,5126.95,4476.42
E02139,P0380,2024-05-24 10:19:00,2024-05-24 13:19:00,wellness,Annual wellness visit,163.2,98.91
E02140,P0107,2023-02-08 12:08:00,2023-02-08 14:08:00,outpatient,Physical therapy,1759.23,1287.37
E02141,P0259,2025-03-22 16:13:00,2025-03-22 17:13:00,outpatient,Physical therapy,371.87,232.61
E02142,P0363,2024-07-28 13:30:00,2024-07-28 18:30:00,emergency,Emergency room admission,5792.24,4949.17
E02143,P0335,2025-09-24 14:28:00,2025-09-24 17:28:00,wellness,Well child visit,100.31,57.71
E02144,P0020,2024-10-14 07:59:00,2024-10-14 09:59:00,ambulatory,Chronic disease check,183.95,161.67
E02145,P0084,2024-07-28 14:12:00,2024-07-28 18:12:00,wellness,Well child visit,144.13,115.4
E02146,P0374,2023-11-23 10:23:00,2023-11-23 12:23:00,emergency,Emergency room admission,1580.73,1184.67
E02147,P0120,2023-02-03 09:17:00,2023-02-03 12:17:00,wellness,Annual wellness visit,154.2,90.39
E02148,P0450,2023-02-14 10:44:00,2023-02-14 12:44:00,wellness,Well child visit,130.58,88.32
E02149,P0376,2025-05-26 14:47:00,2025-05-26 17:47:00,outpatient,Outpatient procedure,2352.19,1587.77
E02150,P0219,2025-09-06 17:24:00,2025-09-06 22:24:00,wellness,Well child visit,145.58,87.3
E02151,P0384,2024-07-23 17:57:00,2024-07-23 20:57:00,wellness,Annual wellness visit,123.7,108.44
E02152,P0089,2024-06-13 15:19:00,2024-06-13 17:19:00,emergency,Emergency room admission,2098.44,1276.57
E02153,P0470,2023-09-27 07:47:00,2023-09-30 15:47:00,inpatient,Admission for pneumonia,24366.25,12846.88
E02154,P0498,2023-02-03 08:33:00,2023-02-03 12:33:00,urgentcare,Urgent care visit,472.96,361.7
E02155,P0068,2025-02-03 07:59:00,2025-02-03 11:59:00,wellness,Well child visit,220.29,190.88
E02156,P0133,2025-08-05 19:27:00,2025-08-05 20:27:00,outpatient,Imaging study,2129.73,1611.94
E02157,P0354,2024-06-17 14:03:00,2024-06-17 15:03:00,ambulatory,Medication review,294.24,0
E02158,P0480,2024-06-24 07:51:00,2024-06-24 11:51:00,emergency,Emergency room admission,2734.78,1954.63
E02159,P0472,2025-08-18 17:44:00,2025-08-18 19:44:00,ambulatory,Follow-up visit,215.05,123.0
E02160,P0163,2024-12-03 13:34:00,2024-12-03 17:34:00,ambulatory,Chronic disease check,332.31,260.88
E02161,P0469,2023-10-29 11:13:00,2023-10-29 15:13:00,ambulatory,Follow-up visit,189.75,129.13
E02162,P0394,2024-01-17 08:42:00,2024-01-17 10:42:00,emergency,Emergency room admission,1331.14,729.05
E02163,P0235,2023-03-27 11:01:00,2023-04-05 21:01:00,inpatient,Admission for pneumonia,17786.29,14637.0
E02164,P0381,2023-06-01 14:45:00,2023-06-01 15:45:00,outpatient,Imaging study,2198.5,1355.46
E02165,P0019,2024-04-06 17:12:00,2024-04-06 19:12:00,urgentcare,Urgent care visit,308.63,240.05
E02166,P0092,2023-08-13 15:25:00,2023-08-13 16:25:00,ambulatory,Follow-up visit,168.35,0
E02167,P0464,2025-03-05 19:46:00,2025-03-05 22:46:00,ambulatory,Medication review,189.94,129.49
E02168,P0084,2024-08-15 09:33:00,2024-08-15 11:33:00,wellness,Annual wellness visit,108.08,70.33
E02169,P0165,2024-06-17 17:05:00,2024-06-17 21:05:00,outpatient,Outpatient procedure,2169.99,1873.81
E02170,P0379,2024-02-05 10:27:00,2024-02-05 13:27:00,outpatient,Imaging study,947.74,0
E02171,P0450,2023-02-07 12:12:00,2023-02-07 17:12:00,emergency,ED visit for chest pain,5187.15,3648.8
E02172,P0298,2023-01-25 11:37:00,2023-01-25 15:37:00,emergency,Emergency room admission,1006.13,507.22
E02173,P0192,2025-02-12 15:39:00,2025-02-12 18:39:00,outpatient,Imaging study,457.02,263.15
E02174,P0350,2024-06-11 17:38:00,2024-06-11 19:38:00,ambulatory,Medication review,231.23,176.47
E02175,P0082,2024-10-10 14:04:00,2024-10-10 16:04:00,emergency,ED visit for chest pain,2266.84,1968.78
E02176,P0243,2023-12-16 09:43:00,2023-12-16 12:43:00,ambulatory,Follow-up visit,278.83,186.08
E02177,P0454,2023-06-21 09:25:00,2023-06-21 14:25:00,ambulatory,Medication review,157.47,101.97
E02178,P0372,2023-11-06 17:06:00,2023-11-06 20:06:00,emergency,ED visit for chest pain,1496.83,1301.68
E02179,P0489,2025-04-20 10:43:00,2025-04-20 11:43:00,emergency,ED visit for chest pain,1673.34,1048.05
E02180,P0341,2025-04-03 10:58:00,2025-04-03 14:58:00,outpatient,Physical therapy,837.6,660.1
E02181,P0079,2023-12-19 17:37:00,2023-12-19 20:37:00,outpatient,Outpatient procedure,1760.98,910.6
E02182,P0194,2024-06-14 17:38:00,2024-06-14 22:38:00,wellness,Well child visit,94.33,50.83
E02183,P0105,2024-04-01 18:10:00,2024-04-01 23:10:00,outpatient,Outpatient procedure,1972.62,1020.72
E02184,P0294,2024-04-04 19:01:00,2024-04-04 21:01:00,ambulatory,Medication review,137.99,0
E02185,P0043,2023-11-07 08:36:00,2023-11-07 10:36:00,wellness,Well child visit,215.14,172.04
E02186,P0262,2023-08-19 19:08:00,2023-08-19 22:08:00,outpatient,Imaging study,1484.32,1064.82
E02187,P0275,2025-04-02 12:05:00,2025-04-02 13:05:00,ambulatory,Medication review,149.11,81.1
E02188,P0168,2023-04-30 13:38:00,2023-04-30 16:38:00,wellness,Annual wellness visit,248.21,207.22
E02189,P0345,2025-03-06 10:01:00,2025-03-06 15:01:00,wellness,Well child visit,238.49,161.43
E02190,P0269,2024-10-04 15:53:00,2024-10-04 18:53:00,ambulatory,Chronic disease check,337.26,254.67
E02191,P0145,2025-03-28 19:46:00,2025-03-28 22:46:00,emergency,Emergency room admission,4852.86,3582.95
E02192,P0371,2024-08-29 18:14:00,2024-08-29 20:14:00,wellness,Annual wellness visit,107.89,0
E02193,P0367,2023-10-24 10:03:00,2023-10-24 11:03:00,emergency,Emergency room admission,1885.87,1173.49
E02194,P0033,2023-12-01 17:26:00,2023-12-01 20:26:00,wellness,Annual wellness visit,175.1,107.26
E02195,P0249,2023-08-18 08:32:00,2023-08-18 12:32:00,emergency,ED visit for chest pain,5299.77,2975.13
E02196,P0390,2024-07-22 16:49:00,2024-07-22 21:49:00,ambulatory,Follow-up visit,147.03,103.73
E02197,P0102,2023-02-10 07:58:00,2023-02-10 09:58:00,wellness,Well child visit,230.03,152.72
E02198,P0378,2023-12-11 19:03:00,2023-12-11 20:03:00,outpatient,Imaging study,437.25,382.37
E02199,P0383,2024-11-20 10:18:00,2024-11-20 15:18:00,wellness,Annual wellness visit,153.36,76.92
E02200,P0324,2024-01-03 11:36:00,2024-01-03 13:36:00,wellness,Annual wellness visit,231.81,166.89
E02201,P0001,2023-11-28 14:07:00,2023-11-28 19:07:00,emergency,Emergency room admission,1771.67,928.1
E02202,P0204,2025-06-04 09:47:00,2025-06-04 13:47:00,ambulatory,Follow-up visit,331.76,279.71
E02203,P0091,2024-02-28 15:33:00,2024-02-28 20:33:00,urgentcare,Urgent care visit,551.83,323.26
E02204,P0248,2023-06-20 15:37:00,2023-06-20 18:37:00,ambulatory,Medication review,297.8,263.67
E02205,P0468,2025-04-04 10:01:00,2025-04-04 14:01:00,urgentcare,Urgent care visit,354.69,238.93
E02206,P0157,2023-08-11 07:00:00,2023-08-14 02:00:00,inpatient,Hospital admission,12455.65,7229.88
E02207,P0116,2023-11-09 08:41:00,2023-11-09 13:41:00,outpatient,Physical therapy,2168.13,1926.01
E02208,P0179,2025-08-02 19:34:00,2025-08-03 00:34:00,emergency,Emergency room admission,4614.45,3282.45
E02209,P0167,2023-02-10 13:55:00,2023-02-10 17:55:00,outpatient,Outpatient procedure,1384.62,1052.67
E02210,P0217,2025-01-28 16:55:00,2025-01-28 18:55:00,urgentcare,Urgent care visit,152.82,128.75
E02211,P0417,2023-06-03 17:36:00,2023-06-03 19:36:00,wellness,Well child visit,164.73,145.39
E02212,P0060,2025-10-27 18:51:00,2025-10-27 19:51:00,ambulatory,Medication review,218.66,0
E02213,P0215,2025-12-28 17:58:00,2025-12-28 19:58:00,ambulatory,Chronic disease check,271.48,173.74
E02214,P0255,2023-02-04 19:13:00,2023-02-04 21:13:00,wellness,Well child visit,202.24,130.94
E02215,P0489,2025-12-29 13:33:00,2025-12-29 15:33:00,urgentcare,Urgent care visit,425.24,310.38
E02216,P0049,2025-07-06 10:29:00,2025-07-06 13:29:00,wellness,Annual wellness visit,188.68,120.26
E02217,P0115,2025-06-10 17:43:00,2025-06-10 18:43:00,outpatient,Physical therapy,1980.79,1226.4
E02218,P0070,2023-02-16 14:35:00,2023-02-16 17:35:00,ambulatory,Follow-up visit,295.67,238.29
E02219,P0211,2024-09-15 08:04:00,2024-09-15 12:04:00,ambulatory,Chronic disease check,280.75,194.78
E02220,P0288,2025-07-25 12:14:00,2025-07-25 16:14:00,wellness,Well child visit,130.79,0
E02221,P0352,2024-08-05 13:55:00,2024-08-05 16:55:00,outpatient,Physical therapy,465.59,268.84
E02222,P0312,2024-09-11 08:55:00,2024-09-11 12:55:00,urgentcare,Urgent care visit,357.92,0
E02223,P0430,2024-12-04 10:31:00,2024-12-04 14:31:00,ambulatory,Medication review,325.26,267.81
E02224,P0055,2024-08-22 16:58:00,2024-08-30 08:58:00,inpatient,Admission for pneumonia,6950.45,4353.87
E02225,P0406,2025-11-20 13:43:00,2025-11-20 14:43:00,outpatient,Outpatient procedure,1018.67,0
E02226,P0061,2023-03-06 09:47:00,2023-03-06 13:47:00,urgentcare,Urgent care visit,212.79,109.72
E02227,P0205,2023-05-06 07:18:00,2023-05-06 12:18:00,wellness,Well child visit,118.66,76.35
E02228,P0054,2023-01-02 16:29:00,2023-01-02 21:29:00,urgentcare,Urgent care visit,407.91,346.71
E02229,P0412,2025-09-15 12:12:00,2025-09-15 17:12:00,wellness,Well child visit,178.17,107.75
E02230,P0438,2023-08-06 16:26:00,2023-08-06 19:26:00,outpatient,Outpatient procedure,1215.19,614.68
E02231,P0474,2025-01-28 07:13:00,2025-01-30 19:13:00,inpatient,Hospital admission,6021.48,4647.76
E02232,P0369,2025-04-05 08:44:00,2025-04-05 13:44:00,ambulatory,Medication review,368.81,0
E02233,P0183,2023-02-05 13:06:00,2023-02-05 17:06:00,outpatient,Physical therapy,944.12,570.65
E02234,P0290,2025-06-16 16:14:00,2025-06-16 19:14:00,wellness,Annual wellness visit,159.12,111.55
E02235,P0246,2023-02-09 18:09:00,2023-02-09 19:09:00,emergency,Emergency room admission,3607.18,2401.58
E02236,P0330,2023-03-05 08:55:00,2023-03-05 10:55:00,urgentcare,Urgent care visit,342.48,177.76
E02237,P0139,2024-09-12 11:18:00,2024-09-12 13:18:00,emergency,Emergency room admission,3967.41,2608.01
E02238,P0141,2025-05-14 16:32:00,2025-05-14 20:32:00,outpatient,Imaging study,2100.7,1188.86
E02239,P0482,2023-10-18 09:09:00,2023-10-18 10:09:00,wellness,Well child visit,141.78,105.56
E02240,P0224,2023-10-08 12:22:00,2023-10-08 16:22:00,emergency,Emergency room admission,4817.4,4218.0
E02241,P0093,2023-01-17 12:39:00,2023-01-17 14:39:00,wellness,Well child visit,124.47,84.12
E02242,P0016,2024-09-21 15:11:00,2024-09-21 19:11:00,wellness,Well child visit,138.57,107.24
E02243,P0167,2024-04-01 17:15:00,2024-04-01 21:15:00,ambulatory,Follow-up visit,211.35,177.37
E02244,P0419,2024-04-06 12:20:00,2024-04-06 13:20:00,wellness,Annual wellness visit,168.26,149.38
E02245,P0148,2024-12-13 10:43:00,2024-12-13 11:43:00,ambulatory,Medication review,166.54,87.02
E02246,P0380,2023-09-19 18:14:00,2023-09-19 20:14:00,wellness,Annual wellness visit,241.44,210.47
E02247,P0399,2023-10-21 17:48:00,2023-10-21 21:48:00,ambulatory,Chronic disease check,258.5,209.12
E02248,P0275,2024-05-19 17:32:00,2024-05-19 20:32:00,outpatient,Physical therapy,1522.51,1172.4
E02249,P0284,2024-01-06 16:58:00,2024-01-06 19:58:00,ambulatory,Chronic disease check,167.69,93.23
E02250,P0440,2025-04-11 08:58:00,2025-04-11 13:58:00,ambulatory,Chronic disease check,211.75,157.96
E02251,P0230,2024-11-19 07:53:00,2024-11-19 12:53:00,wellness,Annual wellness visit,226.27,146.01
E02252,P0307,2025-07-06 14:45:00,2025-07-06 17:45:00,wellness,Annual wellness visit,133.08,107.25
E02253,P0327,2023-10-17 12:04:00,2023-10-17 16:04:00,wellness,Well child visit,229.82,125.22
E02254,P0405,2023-09-01 13:04:00,2023-09-01 18:04:00,urgentcare,Urgent care visit,285.13,165.31
E02255,P0149,2024-02-21 07:37:00,2024-02-21 10:37:00,urgentcare,Urgent care visit,254.12,149.65
E02256,P0064,2025-05-12 08:25:00,2025-05-12 09:25:00,ambulatory,Follow-up visit,312.75,259.64
E02257,P0267,2024-01-09 14:17:00,2024-01-09 15:17:00,emergency,Emergency room admission,3516.2,2900.28
E02258,P0286,2023-12-23 15:11:00,2023-12-23 20:11:00,wellness,Annual wellness visit,166.03,0
E02259,P0147,2025-06-09 10:08:00,2025-06-09 13:08:00,urgentcare,Urgent care visit,457.92,262.21
E02260,P0228,2025-04-16 12:34:00,2025-04-16 14:34:00,outpatient,Physical therapy,2338.48,1381.04
E02261,P0416,2025-11-14 07:51:00,2025-11-14 08:51:00,urgentcare,Urgent care visit,380.35,244.37
E02262,P0352,2024-08-22 11:45:00,2024-08-22 15:45:00,ambulatory,Medication review,259.04,179.17
E02263,P0381,2023-11-29 17:06:00,2023-11-29 21:06:00,ambulatory,Follow-up visit,284.88,254.9
E02264,P0115,2025-03-22 09:19:00,2025-03-22 14:19:00,wellness,Well child visit,186.74,159.75
E02265,P0323,2024-06-20 12:49:00,2024-06-20 13:49:00,urgentcare,Urgent care visit,424.32,329.19
E02266,P0058,2024-11-27 15:11:00,2024-11-27 17:11:00,wellness,Annual wellness visit,182.39,151.94
E02267,P0351,2023-12-02 08:37:00,2023-12-02 09:37:00,outpatient,Imaging study,1488.67,1139.47
E02268,P0149,2023-12-15 18:06:00,2023-12-15 21:06:00,emergency,ED visit for chest pain,2888.3,2159.59
E02269,P0481,2025-07-26 16:56:00,2025-07-26 19:56:00,emergency,ED visit for chest pain,3134.01,2599.83
E02270,P0456,2024-12-14 19:52:00,2024-12-15 00:52:00,ambulatory,Medication review,155.4,123.82
E02271,P0432,2024-01-02 09:26:00,2024-01-02 10:26:00,ambulatory,Medication review,243.51,166.83
E02272,P0276,2023-06-01 09:20:00,2023-06-01 12:20:00,outpatient,Outpatient procedure,1463.4,1105.92
E02273,P0465,2023-06-17 14:53:00,2023-06-17 15:53:00,emergency,ED visit for chest pain,5623.77,4872.22
E02274,P0135,2023-07-22 11:32:00,2023-07-22 13:32:00,emergency,Emergency room admission,3069.82,2177.21
E02275,P0201,2023-08-03 08:24:00,2023-08-07 06:24:00,inpatient,Hospital admission,30688.06,17920.85
E02276,P0258,2025-06-08 16:09:00,2025-06-08 17:09:00,ambulatory,Medication review,337.1,201.69
E02277,P0252,2023-06-13 11:41:00,2023-06-13 14:41:00,urgentcare,Urgent care visit,409.4,325.54
E02278,P0317,2023-12-08 08:47:00,2023-12-08 12:47:00,outpatient,Outpatient procedure,1329.62,861.81
E02279,P0076,2025-05-20 14:13:00,2025-05-20 19:13:00,ambulatory,Chronic disease check,178.16,95.45
E02280,P0425,2025-10-30 16:11:00,2025-10-30 17:11:00,outpatient,Imaging study,1960.0,1733.57
E02281,P0007,2024-10-14 10:19:00,2024-10-14 12:19:00,urgentcare,Urgent care visit,453.0,361.7
E02282,P0063,2024-05-08 16:58:00,2024-05-08 17:58:00,wellness,Annual wellness visit,91.67,77.11
E02283,P0243,2024-10-07 12:57:00,2024-10-07 13:57:00,ambulatory,Chronic disease check,188.14,97.25
E02284,P0031,2024-11-02 16:07:00,2024-11-02 17:07:00,outpatient,Physical therapy,2182.29,1198.53
E02285,P0146,2023-10-05 12:06:00,2023-10-05 14:06:00,ambulatory,Follow-up visit,320.1,211.33
E02286,P0464,2025-12-23 15:28:00,2025-12-23 17:28:00,ambulatory,Chronic disease check,226.15,125.73
E02287,P0226,2024-12-15 15:41:00,2024-12-15 20:41:00,wellness,Annual wellness visit,154.15,89.96
E02288,P0124,2023-05-04 19:01:00,2023-05-04 20:01:00,urgentcare,Urgent care visit,431.98,384.54
E02289,P0385,2025-05-31 08:32:00,2025-05-31 11:32:00,urgentcare,Urgent care visit,434.79,295.72
E02290,P0127,2024-11-15 13:35:00,2024-11-15 17:35:00,wellness,Well child visit,128.31,93.31
E02291,P0183,2023-08-25 08:43:00,2023-08-25 12:43:00,ambulatory,Chronic disease check,201.25,177.62
E02292,P0315,2023-10-02 15:40:00,2023-10-02 17:40:00,wellness,Annual wellness visit,165.45,112.97
E02293,P0438,2025-05-13 18:05:00,2025-05-13 22:05:00,wellness,Well child visit,155.58,134.68
E02294,P0152,2023-06-18 13:26:00,2023-06-18 16:26:00,wellness,Well child visit,131.03,69.53
E02295,P0458,2025-08-03 12:31:00,2025-08-03 14:31:00,wellness,Well child visit,143.56,95.3
E02296,P0136,2025-02-03 09:07:00,2025-02-03 10:07:00,wellness,Annual wellness visit,120.23,0
E02297,P0070,2024-03-14 07:08:00,2024-03-14 10:08:00,ambulatory,Chronic disease check,159.96,93.32
E02298,P0069,2025-11-08 08:44:00,2025-11-08 11:44:00,emergency,ED visit for chest pain,4132.18,2815.32
E02299,P0271,2024-04-15 17:06:00,2024-04-15 20:06:00,urgentcare,Urgent care visit,507.41,370.48
E02300,P0295,2025-05-06 15:27:00,2025-05-06 19:27:00,urgentcare,Urgent care visit,267.06,194.38
E02301,P0089,2024-07-23 17:28:00,2024-07-23 22:28:00,ambulatory,Chronic disease check,247.22,209.76
E02302,P0387,2023-08-18 19:03:00,2023-08-23 07:03:00,inpatient,Admission for pneumonia,34259.38,24497.34
E02303,P0458,2025-10-02 09:06:00,2025-10-02 13:06:00,ambulatory,Follow-up visit,194.45,98.88
E02304,P0496,2023-09-03 08:48:00,2023-09-03 12:48:00,ambulatory,Chronic disease check,354.96,0
E02305,P0398,2023-03-13 10:27:00,2023-03-13 13:27:00,outpatient,Physical therapy,2383.64,1672.24
E02306,P0268,2025-11-04 15:25:00,2025-11-04 17:25:00,emergency,ED visit for chest pain,3696.72,2812.32
E02307,P0184,2024-03-31 19:29:00,2024-04-05 06:29:00,inpatient,Admission for pneumonia,13291.27,10691.4
E02308,P0231,2024-05-29 08:36:00,2024-05-29 10:36:00,wellness,Annual wellness visit,204.79,153.4
E02309,P0058,2024-12-15 10:17:00,2024-12-15 15:17:00,emergency,ED visit for chest pain,5112.11,4538.17
E02310,P0096,2025-03-21 09:16:00,2025-03-21 12:16:00,ambulatory,Follow-up visit,194.06,172.32
E02311,P0474,2023-12-15 10:58:00,2023-12-15 11:58:00,wellness,Well child visit,187.79,127.71
E02312,P0069,2024-07-26 08:07:00,2024-07-26 09:07:00,wellness,Well child visit,99.06,76.85
E02313,P0430,2023-07-24 16:38:00,2023-07-24 18:38:00,outpatient,Imaging study,651.03,585.36
E02314,P0123,2023-06-04 08:00:00,2023-06-04 13:00:00,urgentcare,Urgent care visit,367.22,0
E02315,P0051,2023-10-23 09:27:00,2023-10-28 07:27:00,inpatient,Admission for pneumonia,24495.53,12523.7
E02316,P0374,2025-08-30 09:34:00,2025-08-30 13:34:00,outpatient,Physical therapy,2462.52,1632.03
E02317,P0094,2023-06-10 15:27:00,2023-06-10 18:27:00,wellness,Annual wellness visit,216.95,133.61
E02318,P0136,2024-03-14 09:56:00,2024-03-14 13:56:00,urgentcare,Urgent care visit,194.86,0
E02319,P0019,2025-02-22 15:58:00,2025-02-22 19:58:00,wellness,Well child visit,105.87,62.04
E02320,P0244,2025-03-28 14:39:00,2025-03-28 16:39:00,wellness,Annual wellness visit,98.97,80.33
E02321,P0017,2024-04-29 13:40:00,2024-04-29 17:40:00,ambulatory,Follow-up visit,322.0,234.58
E02322,P0101,2023-03-05 07:10:00,2023-03-05 10:10:00,ambulatory,Medication review,250.16,156.4
E02323,P0031,2024-05-13 09:19:00,2024-05-13 12:19:00,wellness,Annual wellness visit,242.85,123.95
E02324,P0237,2025-08-03 08:31:00,2025-08-03 10:31:00,wellness,Annual wellness visit,210.42,160.29
E02325,P0088,2023-08-12 10:29:00,2023-08-12 15:29:00,wellness,Annual wellness visit,220.08,175.47
E02326,P0242,2025-03-09 15:27:00,2025-03-09 17:27:00,emergency,Emergency room admission,1846.75,1517.49
E02327,P0130,2024-07-26 19:41:00,2024-07-26 23:41:00,ambulatory,Chronic disease check,341.86,186.1
E02328,P0086,2023-05-21 15:05:00,2023-05-21 16:05:00,ambulatory,Chronic disease check,247.34,147.9
E02329,P0028,2023-10-24 10:50:00,2023-10-29 15:50:00,inpatient,Hospital admission,15966.62,9156.33
E02330,P0074,2025-03-24 07:15:00,2025-03-24 09:15:00,wellness,Annual wellness visit,144.77,125.16
E02331,P0139,2023-10-18 19:30:00,2023-10-18 20:30:00,urgentcare,Urgent care visit,412.5,328.66
E02332,P0229,2025-08-29 10:04:00,2025-08-29 14:04:00,urgentcare,Urgent care visit,427.66,329.2
E02333,P0216,2024-12-24 12:23:00,2024-12-24 13:23:00,outpatient,Outpatient procedure,794.23,546.53
E02334,P0041,2024-09-06 19:17:00,2024-09-07 00:17:00,outpatient,Physical therapy,353.03,195.43
E02335,P0486,2025-01-05 16:58:00,2025-01-05 21:58:00,ambulatory,Chronic disease check,218.21,112.34
E02336,P0055,2023-08-15 12:27:00,2023-08-15 17:27:00,wellness,Annual wellness visit,183.03,104.01
E02337,P0221,2025-04-08 19:55:00,2025-04-08 22:55:00,ambulatory,Medication review,325.1,277.62
E02338,P0131,2025-05-26 15:46:00,2025-05-26 19:46:00,ambulatory,Chronic disease check,155.53,101.37
E02339,P0031,2025-10-21 15:58:00,2025-10-21 18:58:00,emergency,ED visit for chest pain,2491.0,1269.05
E02340,P0384,2023-07-01 16:38:00,2023-07-01 17:38:00,wellness,Well child visit,181.5,111.92
E02341,P0434,2023-06-25 14:27:00,2023-06-25 17:27:00,ambulatory,Chronic disease check,132.21,96.32
E02342,P0372,2024-02-17 13:42:00,2024-02-17 18:42:00,urgentcare,Urgent care visit,582.88,485.8
E02343,P0403,2024-04-16 11:45:00,2024-04-16 16:45:00,ambulatory,Chronic disease check,195.32,118.79
E02344,P0484,2025-10-29 09:41:00,2025-11-01 15:41:00,inpatient,Admission for pneumonia,13616.05,8543.04
E02345,P0222,2023-01-20 09:52:00,2023-01-20 10:52:00,wellness,Annual wellness visit,249.66,199.08
E02346,P0252,2023-10-31 07:14:00,2023-10-31 10:14:00,outpatient,Outpatient procedure,2285.86,1946.32
E02347,P0390,2023-05-05 07:21:00,2023-05-05 08:21:00,wellness,Well child visit,177.77,106.57
E02348,P0150,2025-04-05 14:44:00,2025-04-05 16:44:00,outpatient,Physical therapy,1606.24,806.22
E02349,P0265,2023-07-04 09:04:00,2023-07-04 12:04:00,ambulatory,Follow-up visit,153.35,0
E02350,P0012,2023-07-09 13:33:00,2023-07-09 18:33:00,ambulatory,Medication review,330.83,185.56
E02351,P0121,2025-10-09 10:26:00,2025-10-09 14:26:00,wellness,Well child visit,208.75,166.17
E02352,P0317,2023-01-19 16:14:00,2023-01-19 19:14:00,wellness,Annual wellness visit,138.03,121.07
E02353,P0444,2025-05-20 15:11:00,2025-05-20 18:11:00,emergency,Emergency room admission,2881.39,1499.09
E02354,P0472,2025-11-20 11:43:00,2025-11-20 13:43:00,ambulatory,Follow-up visit,189.73,162.43
E02355,P0371,2025-07-01 08:24:00,2025-07-01 09:24:00,urgentcare,Urgent care visit,385.53,0
E02356,P0163,2025-01-26 18:50:00,2025-01-26 21:50:00,wellness,Annual wellness visit,142.76,114.74
E02357,P0493,2023-11-04 07:18:00,2023-11-04 09:18:00,urgentcare,Urgent care visit,436.16,230.02
E02358,P0105,2024-05-04 11:44:00,2024-05-04 15:44:00,ambulatory,Chronic disease check,235.11,147.8
E02359,P0484,2024-05-27 11:50:00,2024-05-27 16:50:00,ambulatory,Chronic disease check,369.36,312.22
E02360,P0222,2023-04-20 08:37:00,2023-04-20 09:37:00,ambulatory,Chronic disease check,274.15,233.71
E02361,P0370,2023-10-13 19:03:00,2023-10-14 00:03:00,wellness,Annual wellness visit,235.64,204.6
E02362,P0335,2025-07-03 17:10:00,2025-07-03 20:10:00,wellness,Annual wellness visit,244.9,216.59
E02363,P0201,2025-12-23 12:54:00,2025-12-23 17:54:00,wellness,Well child visit,231.96,140.3
E02364,P0167,2025-08-15 10:52:00,2025-08-15 13:52:00,emergency,Emergency room admission,4149.58,2757.95
E02365,P0082,2024-03-31 12:52:00,2024-04-07 08:52:00,inpatient,Admission for pneumonia,6591.49,3525.63
E02366,P0318,2023-10-13 16:24:00,2023-10-13 19:24:00,wellness,Annual wellness visit,107.15,83.0
E02367,P0481,2023-12-28 17:46:00,2023-12-28 20:46:00,wellness,Annual wellness visit,145.35,89.35
E02368,P0444,2023-08-23 07:32:00,2023-08-23 08:32:00,emergency,Emergency room admission,3269.71,1921.36
E02369,P0136,2023-02-18 07:55:00,2023-02-18 08:55:00,ambulatory,Follow-up visit,155.78,0
E02370,P0268,2023-06-27 07:30:00,2023-06-27 08:30:00,wellness,Annual wellness visit,205.75,119.38
E02371,P0463,2025-05-24 08:10:00,2025-05-24 11:10:00,wellness,Annual wellness visit,104.33,79.49
E02372,P0136,2025-02-05 07:11:00,2025-02-05 11:11:00,emergency,ED visit for chest pain,4650.69,0
E02373,P0385,2024-06-13 12:19:00,2024-06-13 16:19:00,ambulatory,Chronic disease check,323.11,246.22
E02374,P0458,2025-06-19 14:09:00,2025-06-19 16:09:00,wellness,Well child visit,226.34,147.83
E02375,P0495,2023-06-30 12:40:00,2023-06-30 14:40:00,wellness,Well child visit,91.09,71.75
E02376,P0409,2024-02-24 19:29:00,2024-02-24 22:29:00,outpatient,Outpatient procedure,1382.0,834.44
E02377,P0180,2025-05-13 08:25:00,2025-05-13 12:25:00,ambulatory,Medication review,399.77,0
E02378,P0087,2024-10-12 19:55:00,2024-10-12 20:55:00,wellness,Annual wellness visit,209.91,174.31
E02379,P0343,2025-03-18 14:43:00,2025-03-20 14:43:00,inpatient,Admission for pneumonia,23319.19,18222.48
E02380,P0199,2025-03-30 09:36:00,2025-03-30 11:36:00,emergency,Emergency room admission,2307.92,2036.87
E02381,P0319,2025-04-17 16:18:00,2025-04-17 20:18:00,emergency,ED visit for chest pain,3504.25,2859.62
E02382,P0151,2023-06-14 18:18:00,2023-06-14 20:18:00,ambulatory,Medication review,281.89,164.36
E02383,P0008,2023-08-11 15:42:00,2023-08-11 18:42:00,wellness,Well child visit,170.1,0
E02384,P0155,2023-09-15 11:00:00,2023-09-20 19:00:00,inpatient,Hospital admission,35379.21,22042.66
E02385,P0158,2025-02-13 16:20:00,2025-02-13 18:20:00,outpatient,Outpatient procedure,2384.44,1275.08
E02386,P0405,2024-06-01 17:19:00,2024-06-01 20:19:00,outpatient,Imaging study,659.98,481.74
E02387,P0089,2025-03-29 18:15:00,2025-03-29 21:15:00,wellness,Annual wellness visit,218.16,175.96
E02388,P0052,2025-10-06 10:20:00,2025-10-06 15:20:00,outpatient,Physical therapy,1510.95,844.17
E02389,P0128,2025-05-28 10:59:00,2025-05-28 13:59:00,wellness,Well child visit,126.06,88.26
E02390,P0443,2024-01-02 19:21:00,2024-01-02 20:21:00,ambulatory,Chronic disease check,267.91,196.83
E02391,P0215,2025-04-09 13:54:00,2025-04-09 16:54:00,ambulatory,Follow-up visit,362.53,231.63
E02392,P0051,2023-03-31 10:06:00,2023-03-31 11:06:00,urgentcare,Urgent care visit,222.45,138.9
E02393,P0337,2023-06-18 19:23:00,2023-06-18 21:23:00,outpatient,Outpatient procedure,843.7,461.83
E02394,P0206,2025-12-17 14:14:00,2025-12-17 15:14:00,wellness,Annual wellness visit,221.81,154.97
E02395,P0052,2025-10-31 13:34:00,2025-10-31 14:34:00,outpatient,Outpatient procedure,2472.4,1397.55
E02396,P0358,2025-07-03 16:23:00,2025-07-03 21:23:00,wellness,Annual wellness visit,189.66,100.91
E02397,P0414,2023-01-28 10:34:00,2023-01-28 13:34:00,wellness,Well child visit,237.04,195.63
E02398,P0124,2025-10-13 19:45:00,2025-10-13 20:45:00,wellness,Well child visit,184.35,148.36
E02399,P0285,2023-08-03 17:45:00,2023-08-03 21:45:00,ambulatory,Follow-up visit,367.55,295.59
E02400,P0482,2023-04-15 19:19:00,2023-04-16 00:19:00,ambulatory,Medication review,192.34,146.03
E02401,P0433,2025-08-13 15:56:00,2025-08-19 03:56:00,inpatient,Hospital admission,35489.41,26669.39
E02402,P0040,2025-06-15 12:48:00,2025-06-15 14:48:00,wellness,Annual wellness visit,144.03,112.7
E02403,P0012,2023-12-07 16:31:00,2023-12-07 21:31:00,ambulatory,Chronic disease check,309.28,219.29
E02404,P0002,2025-08-16 17:13:00,2025-08-16 18:13:00,ambulatory,Chronic disease check,320.22,174.45
E02405,P0213,2023-02-26 16:25:00,2023-02-26 21:25:00,wellness,Well child visit,107.77,95.96
E02406,P0080,2024-02-20 18:33:00,2024-02-20 23:33:00,wellness,Well child visit,230.66,138.52
E02407,P0252,2024-02-10 15:16:00,2024-02-10 18:16:00,urgentcare,Urgent care visit,526.88,357.73
E02408,P0215,2023-08-06 07:07:00,2023-08-06 09:07:00,ambulatory,Medication review,343.52,173.81
E02409,P0371,2025-01-20 13:00:00,2025-01-20 17:00:00,outpatient,Physical therapy,2207.69,0
E02410,P0017,2024-06-10 18:25:00,2024-06-10 21:25:00,wellness,Annual wellness visit,121.06,70.86
E02411,P0203,2023-11-29 09:04:00,2023-12-05 13:04:00,inpatient,Admission for pneumonia,25892.73,19186.15
E02412,P0391,2024-12-22 14:46:00,2024-12-22 17:46:00,ambulatory,Chronic disease check,231.56,117.63
E02413,P0411,2024-12-31 08:07:00,2024-12-31 12:07:00,ambulatory,Follow-up visit,293.53,175.64
E02414,P0436,2025-01-16 18:53:00,2025-01-26 17:53:00,inpatient,Hospital admission,37946.5,20330.86
E02415,P0029,2025-04-12 12:05:00,2025-04-12 14:05:00,outpatient,Outpatient procedure,1154.47,799.05
E02416,P0005,2025-01-15 07:47:00,2025-01-15 12:47:00,wellness,Annual wellness visit,212.7,130.35
E02417,P0109,2023-08-19 17:34:00,2023-08-19 22:34:00,outpatient,Physical therapy,2204.55,1223.04
E02418,P0278,2025-10-27 08:07:00,2025-10-27 10:07:00,emergency,ED visit for chest pain,1020.28,882.7
E02419,P0379,2023-06-02 07:15:00,2023-06-02 10:15:00,ambulatory,Follow-up visit,360.28,0
E02420,P0076,2023-05-26 13:26:00,2023-05-26 17:26:00,wellness,Well child visit,205.15,159.88
E02421,P0207,2024-05-16 10:56:00,2024-05-16 15:56:00,outpatient,Outpatient procedure,2197.5,1371.12
E02422,P0047,2024-10-29 07:17:00,2024-10-29 08:17:00,wellness,Well child visit,230.87,199.66
E02423,P0216,2023-11-15 15:22:00,2023-11-15 20:22:00,wellness,Well child visit,221.24,186.33
E02424,P0063,2024-05-20 16:25:00,2024-05-20 19:25:00,ambulatory,Follow-up visit,209.87,116.42
E02425,P0395,2025-07-08 15:24:00,2025-07-08 18:24:00,wellness,Annual wellness visit,219.15,130.11
E02426,P0191,2025-10-16 15:38:00,2025-10-16 16:38:00,urgentcare,Urgent care visit,303.61,170.6
E02427,P0438,2023-04-04 18:27:00,2023-04-04 23:27:00,emergency,Emergency room admission,3255.48,2584.01
E02428,P0010,2024-08-22 14:25:00,2024-08-22 17:25:00,wellness,Well child visit,213.47,172.75
E02429,P0240,2025-01-03 08:06:00,2025-01-03 12:06:00,wellness,Well child visit,106.28,61.79
E02430,P0424,2023-09-08 13:10:00,2023-09-08 17:10:00,ambulatory,Medication review,345.54,239.21
E02431,P0329,2025-09-12 18:20:00,2025-09-12 19:20:00,urgentcare,Urgent care visit,247.43,155.19
E02432,P0117,2024-01-16 14:32:00,2024-01-16 17:32:00,ambulatory,Chronic disease check,349.97,245.43
E02433,P0167,2024-01-06 13:32:00,2024-01-06 14:32:00,outpatient,Outpatient procedure,656.39,415.45
E02434,P0395,2025-12-17 13:52:00,2025-12-17 15:52:00,urgentcare,Urgent care visit,552.08,398.6
E02435,P0427,2023-04-04 14:39:00,2023-04-04 18:39:00,ambulatory,Follow-up visit,240.01,120.99
E02436,P0335,2024-02-28 09:27:00,2024-02-28 13:27:00,emergency,Emergency room admission,5722.54,5019.99
E02437,P0107,2025-04-01 15:07:00,2025-04-01 19:07:00,outpatient,Imaging study,1821.58,1350.7
E02438,P0112,2025-06-02 19:19:00,2025-06-03 00:19:00,emergency,Emergency room admission,5163.07,3420.92
E02439,P0344,2024-06-23 15:49:00,2024-06-23 20:49:00,outpatient,Physical therapy,2486.03,1918.64
E02440,P0091,2024-11-16 13:19:00,2024-11-16 15:19:00,wellness,Well child visit,131.55,107.25
E02441,P0352,2023-10-24 15:05:00,2023-10-24 17:05:00,ambulatory,Medication review,281.76,150.33
E02442,P0464,2025-07-09 14:19:00,2025-07-09 17:19:00,ambulatory,Chronic disease check,337.42,194.6
E02443,P0336,2025-04-22 14:41:00,2025-04-22 15:41:00,outpatient,Physical therapy,1920.84,1417.87
E02444,P0238,2024-11-25 12:52:00,2024-11-25 15:52:00,ambulatory,Follow-up visit,164.46,120.83
E02445,P0442,2025-12-15 11:25:00,2025-12-15 13:25:00,wellness,Well child visit,225.21,131.53
E02446,P0207,2023-09-24 14:46:00,2023-09-24 16:46:00,outpatient,Physical therapy,696.58,397.35
E02447,P0484,2025-09-14 08:45:00,2025-09-14 09:45:00,outpatient,Imaging study,1975.47,1643.7
E02448,P0334,2025-05-22 17:21:00,2025-05-22 18:21:00,emergency,Emergency room admission,5840.43,3908.26
E02449,P0030,2023-11-19 17:31:00,2023-11-19 22:31:00,urgentcare,Urgent care visit,317.38,192.74
E02450,P0283,2024-04-21 07:33:00,2024-04-21 10:33:00,ambulatory,Follow-up visit,169.2,141.15
E02451,P0490,2024-02-29 16:58:00,2024-02-29 18:58:00,ambulatory,Follow-up visit,172.41,137.71
E02452,P0493,2023-01-29 08:37:00,2023-02-03 04:37:00,inpatient,Admission for pneumonia,12269.08,7452.91
E02453,P0425,2025-05-14 16:19:00,2025-05-14 17:19:00,wellness,Well child visit,228.94,157.01
E02454,P0455,2024-03-18 08:22:00,2024-03-18 12:22:00,urgentcare,Urgent care visit,565.73,0
E02455,P0455,2024-12-02 18:41:00,2024-12-02 19:41:00,urgentcare,Urgent care visit,573.61,0
E02456,P0299,2024-01-14 14:03:00,2024-01-14 18:03:00,wellness,Well child visit,119.37,77.67
E02457,P0115,2025-06-21 09:43:00,2025-06-21 14:43:00,emergency,ED visit for chest pain,2321.05,1562.75
E02458,P0124,2023-01-11 16:12:00,2023-01-11 18:12:00,emergency,Emergency room admission,5785.3,4608.41
E02459,P0388,2024-06-16 08:02:00,2024-06-16 10:02:00,emergency,ED visit for chest pain,5392.98,2931.03
E02460,P0310,2024-04-05 09:10:00,2024-04-05 13:10:00,wellness,Well child visit,202.11,0
E02461,P0093,2023-06-28 09:43:00,2023-06-28 14:43:00,ambulatory,Chronic disease check,153.0,90.1
E02462,P0334,2025-05-29 08:00:00,2025-05-29 10:00:00,wellness,Well child visit,222.87,151.78
E02463,P0331,2023-12-18 14:44:00,2023-12-18 16:44:00,ambulatory,Chronic disease check,274.83,0
E02464,P0183,2025-09-28 11:31:00,2025-10-07 02:31:00,inpatient,Admission for pneumonia,31463.23,16026.05
E02465,P0371,2025-06-09 12:08:00,2025-06-09 13:08:00,wellness,Well child visit,156.99,0
E02466,P0187,2023-02-14 09:53:00,2023-02-14 10:53:00,urgentcare,Urgent care visit,395.54,287.17
E02467,P0432,2023-04-06 09:49:00,2023-04-06 11:49:00,urgentcare,Urgent care visit,497.24,403.09
E02468,P0484,2024-05-02 17:34:00,2024-05-02 18:34:00,wellness,Annual wellness visit,134.72,98.87
E02469,P0089,2024-12-14 10:17:00,2024-12-14 12:17:00,emergency,Emergency room admission,1952.08,1723.61
E02470,P0126,2023-03-25 09:37:00,2023-03-25 12:37:00,ambulatory,Chronic disease check,373.64,238.24
E02471,P0499,2024-04-08 12:45:00,2024-04-08 15:45:00,wellness,Annual wellness visit,142.57,84.18
E02472,P0208,2024-08-06 18:51:00,2024-08-06 20:51:00,ambulatory,Follow-up visit,294.66,170.05
E02473,P0084,2024-05-19 13:43:00,2024-05-19 15:43:00,wellness,Annual wellness visit,184.74,92.91
E02474,P0276,2024-04-17 09:05:00,2024-04-17 11:05:00,wellness,Well child visit,223.06,178.69
E02475,P0047,2023-04-28 14:34:00,2023-04-28 17:34:00,wellness,Well child visit,210.22,131.43
E02476,P0448,2023-10-02 07:57:00,2023-10-02 08:57:00,outpatient,Imaging study,613.81,405.48
E02477,P0039,2024-09-24 17:02:00,2024-09-24 20:02:00,ambulatory,Follow-up visit,197.8,170.62
E02478,P0197,2024-07-03 17:56:00,2024-07-03 18:56:00,wellness,Well child visit,180.62,115.01
E02479,P0408,2023-09-29 10:05:00,2023-09-29 14:05:00,wellness,Annual wellness visit,161.41,87.15
E02480,P0191,2025-03-31 09:11:00,2025-03-31 13:11:00,wellness,Well child visit,226.8,156.35
E02481,P0078,2025-11-07 17:44:00,2025-11-07 21:44:00,outpatient,Outpatient procedure,854.12,733.62
E02482,P0073,2025-05-21 09:03:00,2025-05-21 13:03:00,outpatient,Outpatient procedure,2079.03,1061.51
E02483,P0293,2025-12-27 11:35:00,2025-12-27 14:35:00,ambulatory,Chronic disease check,364.88,191.36
E02484,P0086,2023-05-09 13:02:00,2023-05-09 15:02:00,outpatient,Imaging study,2192.13,1104.77
E02485,P0049,2023-10-13 08:42:00,2023-10-13 13:42:00,wellness,Well child visit,192.38,114.49
E02486,P0431,2025-06-23 15:16:00,2025-06-23 20:16:00,wellness,Annual wellness visit,163.76,98.97
E02487,P0310,2025-02-05 18:49:00,2025-02-15 15:49:00,inpatient,Hospital admission,14545.03,0
E02488,P0079,2025-10-24 16:18:00,2025-10-29 04:18:00,inpatient,Admission for pneumonia,30078.66,22598.49
E02489,P0346,2023-08-13 17:04:00,2023-08-13 19:04:00,ambulatory,Follow-up visit,326.07,202.49
E02490,P0278,2023-03-26 14:21:00,2023-03-26 18:21:00,ambulatory,Medication review,297.53,172.36
E02491,P0107,2023-12-15 17:03:00,2023-12-15 22:03:00,emergency,ED visit for chest pain,5929.5,3805.06
E02492,P0184,2023-04-28 09:49:00,2023-04-28 12:49:00,emergency,ED visit for chest pain,3283.08,2902.29
E02493,P0141,2025-11-30 12:41:00,2025-11-30 17:41:00,wellness,Well child visit,215.7,171.29
E02494,P0272,2023-12-18 12:28:00,2023-12-18 16:28:00,wellness,Well child visit,203.7,112.85
E02495,P0404,2025-11-06 11:32:00,2025-11-06 15:32:00,wellness,Annual wellness visit,167.16,107.81
E02496,P0474,2024-10-15 19:34:00,2024-10-15 22:34:00,wellness,Well child visit,102.82,58.35
E02497,P0082,2024-12-18 07:08:00,2024-12-18 08:08:00,wellness,Well child visit,175.33,138.81
E02498,P0340,2025-04-10 09:52:00,2025-04-10 12:52:00,emergency,ED visit for chest pain,3180.83,1830.51
E02499,P0390,2024-01-05 18:01:00,2024-01-05 19:01:00,wellness,Annual wellness visit,104.5,85.39
E02500,P0126,2023-06-28 11:54:00,2023-06-28 16:54:00,emergency,Emergency room admission,3824.33,3117.69
E02501,P0311,2025-05-05 13:43:00,2025-05-05 15:43:00,outpatient,Imaging study,2129.25,1098.49
E02502,P0210,2024-06-21 12:50:00,2024-06-21 13:50:00,ambulatory,Chronic disease check,389.6,261.86
E02503,P0095,2024-08-06 18:02:00,2024-08-06 19:02:00,wellness,Annual wellness visit,93.0,69.36
E02504,P0026,2023-06-22 16:48:00,2023-06-22 18:48:00,outpatient,Outpatient procedure,840.34,601.26
E02505,P0091,2024-09-02 14:54:00,2024-09-02 15:54:00,wellness,Annual wellness visit,103.89,67.83
E02506,P0003,2025-05-09 07:21:00,2025-05-09 12:21:00,outpatient,Imaging study,615.85,470.28
E02507,P0165,2025-03-30 08:53:00,2025-03-30 12:53:00,ambulatory,Follow-up visit,352.67,243.2
E02508,P0224,2025-03-11 11:48:00,2025-03-11 13:48:00,emergency,ED visit for chest pain,4514.43,2275.86
E02509,P0294,2025-08-06 09:57:00,2025-08-06 11:57:00,ambulatory,Follow-up visit,195.99,0
E02510,P0228,2023-10-28 10:48:00,2023-10-28 11:48:00,urgentcare,Urgent care visit,242.51,197.55
E02511,P0059,2024-06-14 11:49:00,2024-06-14 12:49:00,wellness,Well child visit,244.4,135.61
E02512,P0103,2025-03-07 12:57:00,2025-03-07 15:57:00,outpatient,Imaging study,2279.84,1245.98
E02513,P0384,2024-01-01 14:55:00,2024-01-01 18:55:00,wellness,Well child visit,195.36,138.58
E02514,P0245,2023-03-06 14:12:00,2023-03-15 23:12:00,inpatient,Admission for pneumonia,13086.56,9707.11
E02515,P0093,2023-04-03 11:44:00,2023-04-03 15:44:00,outpatient,Imaging study,2079.47,1312.39
E02516,P0175,2025-06-22 07:20:00,2025-06-22 08:20:00,wellness,Well child visit,223.74,167.33
E02517,P0290,2024-09-05 18:54:00,2024-09-05 20:54:00,wellness,Annual wellness visit,96.59,59.38
E02518,P0113,2024-06-30 11:33:00,2024-06-30 12:33:00,ambulatory,Follow-up visit,335.2,196.97
E02519,P0177,2024-11-17 10:21:00,2024-11-17 15:21:00,ambulatory,Medication review,350.7,0
E02520,P0131,2023-01-23 09:49:00,2023-01-23 12:49:00,ambulatory,Medication review,364.76,236.32
E02521,P0116,2023-10-08 14:08:00,2023-10-08 19:08:00,ambulatory,Chronic disease check,278.99,216.3
E02522,P0089,2025-06-07 19:31:00,2025-06-07 22:31:00,wellness,Annual wellness visit,100.12,89.28
E02523,P0002,2024-04-10 15:32:00,2024-04-10 18:32:00,ambulatory,Chronic disease check,295.23,204.5
E02524,P0484,2023-07-07 13:40:00,2023-07-07 16:40:00,wellness,Annual wellness visit,127.51,106.36
E02525,P0017,2024-03-27 15:08:00,2024-03-27 20:08:00,ambulatory,Medication review,141.74,95.1
E02526,P0157,2025-04-20 19:34:00,2025-04-20 20:34:00,ambulatory,Chronic disease check,202.21,141.97
E02527,P0465,2024-07-18 10:37:00,2024-07-18 14:37:00,ambulatory,Medication review,134.34,87.33
E02528,P0278,2024-12-20 14:05:00,2024-12-20 17:05:00,urgentcare,Urgent care visit,553.24,305.69
E02529,P0449,2024-04-23 13:53:00,2024-04-23 18:53:00,ambulatory,Follow-up visit,378.89,245.18
E02530,P0153,2023-06-28 15:51:00,2023-06-28 18:51:00,emergency,Emergency room admission,5064.03,4432.81
E02531,P0077,2023-12-08 16:50:00,2023-12-08 17:50:00,ambulatory,Medication review,123.11,76.73
E02532,P0021,2025-02-27 07:20:00,2025-02-27 10:20:00,outpatient,Imaging study,2447.84,1627.22
E02533,P0452,2024-11-22 07:37:00,2024-11-22 09:37:00,ambulatory,Chronic disease check,317.65,192.75
E02534,P0218,2024-05-18 10:36:00,2024-05-18 11:36:00,ambulatory,Medication review,230.98,156.15
E02535,P0109,2025-04-08 15:02:00,2025-04-08 16:02:00,wellness,Annual wellness visit,177.68,101.85
E02536,P0094,2025-08-31 16:48:00,2025-08-31 19:48:00,ambulatory,Medication review,337.31,170.83
E02537,P0263,2025-11-04 14:21:00,2025-11-04 17:21:00,ambulatory,Chronic disease check,181.05,139.5
E02538,P0414,2025-03-04 15:02:00,2025-03-04 17:02:00,urgentcare,Urgent care visit,407.69,253.53
E02539,P0417,2025-11-20 18:50:00,2025-11-20 23:50:00,wellness,Well child visit,228.95,204.9
E02540,P0013,2024-10-06 17:52:00,2024-10-06 20:52:00,outpatient,Physical therapy,2165.95,1634.69
E02541,P0293,2023-08-30 18:51:00,2023-08-30 22:51:00,wellness,Well child visit,99.39,80.11
E02542,P0392,2025-04-02 18:39:00,2025-04-02 22:39:00,wellness,Well child visit,94.76,55.19
E02543,P0430,2023-05-23 13:51:00,2023-05-23 15:51:00,wellness,Annual wellness visit,182.46,125.87
E02544,P0484,2023-12-30 15:41:00,2023-12-30 20:41:00,urgentcare,Urgent care visit,186.04,129.52
E02545,P0288,2024-10-23 10:28:00,2024-10-23 12:28:00,wellness,Well child visit,164.18,0
E02546,P0378,2023-01-13 16:06:00,2023-01-13 20:06:00,emergency,ED visit for chest pain,5094.03,3791.48
E02547,P0088,2024-08-20 09:41:00,2024-08-20 10:41:00,ambulatory,Medication review,177.75,130.92
E02548,P0352,2024-04-25 08:29:00,2024-05-04 12:29:00,inpatient,Admission for pneumonia,32216.81,20006.47
E02549,P0328,2023-02-09 08:55:00,2023-02-09 11:55:00,outpatient,Physical therapy,1089.34,810.68
E02550,P0215,2025-02-18 17:13:00,2025-02-18 19:13:00,ambulatory,Chronic disease check,137.78,114.06
E02551,P0225,2025-01-23 11:24:00,2025-01-23 16:24:00,wellness,Well child visit,174.88,103.67
E02552,P0468,2024-07-23 18:14:00,2024-07-23 20:14:00,ambulatory,Medication review,347.28,194.02
E02553,P0447,2023-06-04 14:57:00,2023-06-04 19:57:00,outpatient,Imaging study,545.62,382.37
E02554,P0475,2025-02-10 17:56:00,2025-02-10 20:56:00,wellness,Annual wellness visit,196.13,125.03
E02555,P0331,2023-04-17 08:45:00,2023-04-17 12:45:00,ambulatory,Chronic disease check,302.14,0
E02556,P0452,2023-10-18 18:09:00,2023-10-18 23:09:00,urgentcare,Urgent care visit,191.92,111.29
E02557,P0230,2023-08-23 15:07:00,2023-08-23 16:07:00,urgentcare,Urgent care visit,571.61,380.07
E02558,P0153,2023-04-09 10:28:00,2023-04-09 11:28:00,wellness,Annual wellness visit,172.11,121.69
E02559,P0460,2023-05-15 14:45:00,2023-05-15 16:45:00,emergency,Emergency room admission,2950.77,2184.32
E02560,P0213,2024-08-29 12:06:00,2024-08-29 17:06:00,ambulatory,Follow-up visit,211.35,161.51
E02561,P0010,2025-11-23 15:39:00,2025-11-23 20:39:00,ambulatory,Medication review,390.46,223.94
E02562,P0332,2024-07-18 08:30:00,2024-07-18 09:30:00,ambulatory,Follow-up visit,237.31,158.81
E02563,P0304,2025-02-27 08:52:00,2025-02-27 10:52:00,outpatient,Imaging study,2059.58,1352.66
E02564,P0008,2025-12-22 09:16:00,2025-12-22 10:16:00,ambulatory,Follow-up visit,187.23,0
E02565,P0234,2023-12-25 14:11:00,2023-12-25 16:11:00,wellness,Well child visit,197.6,120.98
E02566,P0112,2025-02-20 17:45:00,2025-02-20 19:45:00,ambulatory,Chronic disease check,299.74,269.56
E02567,P0349,2025-09-19 07:06:00,2025-09-19 08:06:00,urgentcare,Urgent care visit,230.39,189.89
E02568,P0477,2024-09-02 09:46:00,2024-09-02 12:46:00,outpatient,Physical therapy,772.89,392.19
E02569,P0047,2023-11-16 10:48:00,2023-11-16 14:48:00,emergency,Emergency room admission,2757.58,1580.25
E02570,P0466,2025-07-13 13:54:00,2025-07-13 14:54:00,wellness,Well child visit,129.99,98.74
E02571,P0230,2024-08-24 11:08:00,2024-08-24 15:08:00,wellness,Well child visit,140.92,72.83
E02572,P0182,2025-05-20 11:21:00,2025-05-20 16:21:00,wellness,Well child visit,210.62,171.85
E02573,P0399,2023-02-03 11:08:00,2023-02-03 15:08:00,emergency,ED visit for chest pain,5118.05,4279.51
E02574,P0461,2023-10-28 09:01:00,2023-10-28 12:01:00,ambulatory,Medication review,364.8,248.32
E02575,P0256,2025-01-26 11:43:00,2025-01-26 15:43:00,wellness,Annual wellness visit,155.78,137.76
E02576,P0119,2025-02-19 13:52:00,2025-02-19 17:52:00,ambulatory,Medication review,289.21,256.84
E02577,P0209,2023-05-31 09:12:00,2023-05-31 12:12:00,wellness,Well child visit,183.04,162.38
E02578,P0438,2023-12-23 09:18:00,2023-12-23 10:18:00,emergency,Emergency room admission,5751.71,4267.38
E02579,P0199,2025-04-21 16:37:00,2025-04-21 21:37:00,wellness,Well child visit,110.61,73.75
E02580,P0038,2025-04-15 10:01:00,2025-04-19 10:01:00,inpatient,Admission for pneumonia,36346.37,27045.67
E02581,P0303,2023-11-13 17:02:00,2023-11-13 22:02:00,emergency,Emergency room admission,4934.74,2892.42
E02582,P0385,2025-09-04 13:49:00,2025-09-04 18:49:00,ambulatory,Medication review,264.14,184.42
E02583,P0313,2025-06-07 07:12:00,2025-06-07 10:12:00,wellness,Well child visit,109.43,77.7
E02584,P0026,2024-05-30 17:22:00,2024-05-30 19:22:00,ambulatory,Follow-up visit,146.78,108.8
E02585,P0382,2023-06-23 09:38:00,2023-06-23 11:38:00,wellness,Annual wellness visit,154.39,77.47
E02586,P0035,2023-04-12 18:08:00,2023-04-12 22:08:00,wellness,Annual wellness visit,238.79,0
E02587,P0431,2023-05-18 12:12:00,2023-05-18 14:12:00,outpatient,Imaging study,2176.4,1724.66
E02588,P0289,2024-09-07 09:01:00,2024-09-07 10:01:00,wellness,Well child visit,122.66,77.1
E02589,P0462,2025-08-20 09:15:00,2025-08-20 10:15:00,outpatient,Physical therapy,1601.16,0
E02590,P0223,2025-02-24 12:04:00,2025-02-24 14:04:00,outpatient,Physical therapy,1933.02,1693.19
E02591,P0070,2023-01-24 12:37:00,2023-01-24 17:37:00,wellness,Annual wellness visit,245.14,128.02
E02592,P0094,2024-04-20 07:31:00,2024-04-20 12:31:00,wellness,Well child visit,239.2,160.56
E02593,P0483,2024-06-18 16:32:00,2024-06-18 21:32:00,urgentcare,Urgent care visit,330.31,250.91
E02594,P0439,2025-12-29 09:14:00,2025-12-29 10:14:00,ambulatory,Medication review,143.85,92.9
E02595,P0322,2025-07-07 17:30:00,2025-07-07 21:30:00,emergency,ED visit for chest pain,2986.1,2176.12
E02596,P0246,2024-08-17 07:06:00,2024-08-17 10:06:00,wellness,Well child visit,129.67,90.29
E02597,P0062,2024-10-13 10:50:00,2024-10-13 11:50:00,outpatient,Imaging study,1744.63,1333.23
E02598,P0162,2023-07-18 07:13:00,2023-07-18 08:13:00,emergency,ED visit for chest pain,3430.62,0
E02599,P0101,2023-05-31 15:28:00,2023-05-31 18:28:00,outpatient,Imaging study,436.64,233.37
E02600,P0295,2024-01-03 07:46:00,2024-01-03 09:46:00,urgentcare,Urgent care visit,462.75,340.73
E02601,P0265,2024-03-06 14:50:00,2024-03-06 15:50:00,ambulatory,Medication review,173.17,0
E02602,P0095,2024-09-27 11:41:00,2024-09-27 15:41:00,urgentcare,Urgent care visit,278.98,226.5
E02603,P0253,2025-06-28 19:47:00,2025-06-29 00:47:00,ambulatory,Follow-up visit,236.48,191.5
E02604,P0162,2023-01-11 18:48:00,2023-01-18 18:48:00,inpatient,Hospital admission,20060.32,0
E02605,P0399,2023-05-27 15:02:00,2023-05-27 16:02:00,urgentcare,Urgent care visit,589.86,316.12
E02606,P0356,2023-12-07 16:11:00,2023-12-07 21:11:00,wellness,Well child visit,145.54,93.24
E02607,P0099,2023-03-17 17:19:00,2023-03-20 11:19:00,inpatient,Admission for pneumonia,24983.71,17577.37
E02608,P0177,2023-06-11 19:26:00,2023-06-11 20:26:00,ambulatory,Chronic disease check,209.87,0
E02609,P0134,2025-03-14 18:25:00,2025-03-14 21:25:00,wellness,Annual wellness visit,129.82,112.78
E02610,P0025,2025-08-26 07:02:00,2025-08-26 08:02:00,outpatient,Physical therapy,927.12,554.73
E02611,P0425,2024-09-29 12:26:00,2024-09-29 15:26:00,urgentcare,Urgent care visit,202.75,181.24
E02612,P0390,2023-11-03 10:02:00,2023-11-03 11:02:00,wellness,Annual wellness visit,218.68,168.91
E02613,P0302,2023-11-25 19:36:00,2023-11-25 20:36:00,ambulatory,Chronic disease check,186.79,161.79
E02614,P0279,2024-07-24 17:43:00,2024-07-24 18:43:00,ambulatory,Medication review,304.82,218.31
E02615,P0078,2023-11-19 17:22:00,2023-11-19 20:22:00,ambulatory,Chronic disease check,145.35,89.1
E02616,P0224,2024-02-28 10:28:00,2024-02-28 12:28:00,outpatient,Imaging study,1053.6,582.49
E02617,P0029,2025-08-17 12:07:00,2025-08-17 15:07:00,emergency,Emergency room admission,5235.02,4213.33
E02618,P0431,2023-03-29 15:37:00,2023-03-29 20:37:00,ambulatory,Follow-up visit,276.35,204.12
E02619,P0022,2023-08-29 17:13:00,2023-09-08 04:13:00,inpatient,Admission for pneumonia,26914.54,22776.73
E02620,P0041,2023-10-25 13:39:00,2023-10-25 17:39:00,wellness,Well child visit,106.04,75.8
E02621,P0284,2023-04-07 12:51:00,2023-04-07 14:51:00,ambulatory,Follow-up visit,344.1,197.72
E02622,P0062,2025-04-05 07:33:00,2025-04-05 10:33:00,wellness,Annual wellness visit,249.07,139.15
E02623,P0161,2025-08-21 18:34:00,2025-08-21 19:34:00,wellness,Well child visit,166.17,107.24
E02624,P0143,2023-04-27 16:04:00,2023-04-27 18:04:00,wellness,Annual wellness visit,236.97,126.06
E02625,P0385,2025-03-10 19:43:00,2025-03-10 20:43:00,wellness,Well child visit,221.66,175.48
E02626,P0296,2025-09-22 13:36:00,2025-09-22 17:36:00,wellness,Well child visit,111.16,63.57
E02627,P0168,2025-02-08 07:02:00,2025-02-08 10:02:00,outpatient,Outpatient procedure,810.6,450.0
E02628,P0197,2025-12-30 12:08:00,2025-12-30 13:08:00,wellness,Well child visit,110.76,91.4
E02629,P0465,2024-03-18 13:37:00,2024-03-18 18:37:00,ambulatory,Chronic disease check,232.36,202.44
E02630,P0027,2023-03-27 13:45:00,2023-03-27 17:45:00,ambulatory,Follow-up visit,186.84,121.14
E02631,P0067,2023-06-29 18:02:00,2023-06-29 22:02:00,outpatient,Outpatient procedure,885.16,663.46
E02632,P0301,2024-03-19 17:00:00,2024-03-19 18:00:00,wellness,Annual wellness visit,184.78,96.73
E02633,P0380,2023-03-01 09:26:00,2023-03-01 12:26:00,wellness,Well child visit,111.64,70.96
E02634,P0353,2025-07-31 19:55:00,2025-07-31 22:55:00,wellness,Well child visit,180.95,107.21
E02635,P0058,2024-01-18 13:41:00,2024-01-18 14:41:00,ambulatory,Medication review,133.87,95.5
E02636,P0023,2025-08-07 12:57:00,2025-08-07 16:57:00,wellness,Well child visit,239.51,144.45
E02637,P0140,2023-10-08 07:44:00,2023-10-13 16:44:00,inpatient,Admission for pneumonia,15718.22,12219.25
E02638,P0474,2025-11-18 08:32:00,2025-11-18 09:32:00,ambulatory,Medication review,276.08,200.0
E02639,P0368,2025-03-08 12:56:00,2025-03-08 15:56:00,ambulatory,Chronic disease check,268.23,229.21
E02640,P0433,2024-11-07 13:47:00,2024-11-07 17:47:00,wellness,Annual wellness visit,115.1,85.04
E02641,P0352,2023-09-10 15:25:00,2023-09-10 20:25:00,ambulatory,Chronic disease check,258.61,201.65
E02642,P0195,2025-04-16 08:45:00,2025-04-16 12:45:00,wellness,Well child visit,224.46,160.87
E02643,P0016,2024-08-29 14:39:00,2024-08-29 16:39:00,ambulatory,Chronic disease check,332.18,168.22
E02644,P0101,2023-05-09 13:14:00,2023-05-09 18:14:00,ambulatory,Follow-up visit,222.25,144.41
E02645,P0102,2023-05-19 14:31:00,2023-05-19 16:31:00,outpatient,Physical therapy,1794.66,1580.11
E02646,P0217,2023-07-12 12:23:00,2023-07-12 16:23:00,ambulatory,Medication review,135.11,91.34
E02647,P0032,2024-01-03 11:21:00,2024-01-03 14:21:00,ambulatory,Follow-up visit,141.01,103.82
E02648,P0158,2024-06-27 07:57:00,2024-06-27 11:57:00,ambulatory,Medication review,391.22,312.25
E02649,P0110,2024-10-17 18:51:00,2024-10-17 22:51:00,wellness,Well child visit,183.36,144.68
E02650,P0064,2023-06-13 19:56:00,2023-06-14 00:56:00,ambulatory,Medication review,298.42,196.7
E02651,P0494,2024-09-07 19:15:00,2024-09-07 23:15:00,outpatient,Imaging study,1577.62,997.12
E02652,P0454,2024-04-26 10:19:00,2024-04-26 13:19:00,wellness,Well child visit,204.16,123.63
E02653,P0344,2025-03-21 16:20:00,2025-03-21 17:20:00,ambulatory,Chronic disease check,224.79,116.82
E02654,P0096,2025-09-06 15:05:00,2025-09-16 10:05:00,inpatient,Admission for pneumonia,9015.87,5389.18
E02655,P0004,2023-07-25 16:37:00,2023-07-25 18:37:00,urgentcare,Urgent care visit,223.77,150.6
E02656,P0124,2023-10-22 18:46:00,2023-10-22 23:46:00,wellness,Annual wellness visit,201.78,164.34
E02657,P0069,2025-04-09 11:56:00,2025-04-09 14:56:00,wellness,Annual wellness visit,96.39,60.62
E02658,P0391,2025-03-19 14:51:00,2025-03-19 18:51:00,wellness,Annual wellness visit,188.77,113.89
E02659,P0225,2024-04-29 17:36:00,2024-04-29 19:36:00,ambulatory,Medication review,182.67,154.72
E02660,P0334,2023-10-07 11:04:00,2023-10-07 13:04:00,wellness,Annual wellness visit,93.47,56.13
E02661,P0001,2024-01-22 10:53:00,2024-01-22 12:53:00,wellness,Well child visit,172.6,95.85
E02662,P0493,2023-05-25 17:19:00,2023-05-25 22:19:00,wellness,Annual wellness visit,174.04,142.69
E02663,P0248,2024-10-19 08:26:00,2024-10-19 11:26:00,ambulatory,Medication review,355.97,226.7
E02664,P0460,2025-06-25 12:31:00,2025-06-25 16:31:00,ambulatory,Medication review,279.15,209.07
E02665,P0104,2024-03-28 09:07:00,2024-03-28 10:07:00,ambulatory,Chronic disease check,121.06,98.72
E02666,P0126,2023-11-13 10:08:00,2023-11-13 14:08:00,wellness,Annual wellness visit,248.86,215.37
E02667,P0253,2025-08-14 10:43:00,2025-08-14 12:43:00,ambulatory,Chronic disease check,382.99,327.33
E02668,P0260,2023-03-11 13:47:00,2023-03-11 17:47:00,outpatient,Physical therapy,2342.88,1619.53
E02669,P0474,2023-01-08 10:32:00,2023-01-08 15:32:00,urgentcare,Urgent care visit,312.68,203.67
E02670,P0018,2024-10-03 09:53:00,2024-10-03 14:53:00,ambulatory,Chronic disease check,260.96,144.6
E02671,P0148,2023-03-18 17:55:00,2023-03-18 21:55:00,wellness,Well child visit,216.57,171.34
E02672,P0068,2024-07-07 07:18:00,2024-07-07 11:18:00,emergency,ED visit for chest pain,3313.54,2327.88
E02673,P0220,2023-10-10 13:20:00,2023-10-10 18:20:00,ambulatory,Chronic disease check,379.28,315.62
E02674,P0008,2024-05-16 19:03:00,2024-05-16 23:03:00,urgentcare,Urgent care visit,235.91,0
E02675,P0325,2025-04-06 11:28:00,2025-04-06 15:28:00,urgentcare,Urgent care visit,478.02,348.7
E02676,P0137,2025-09-21 18:01:00,2025-09-21 23:01:00,ambulatory,Medication review,178.48,0
E02677,P0474,2025-09-19 19:46:00,2025-09-20 00:46:00,wellness,Well child visit,224.18,187.6
E02678,P0307,2024-06-11 17:13:00,2024-06-11 22:13:00,urgentcare,Urgent care visit,342.26,282.55
E02679,P0008,2024-03-01 09:26:00,2024-03-01 13:26:00,emergency,ED visit for chest pain,4852.9,0
E02680,P0152,2023-09-27 19:43:00,2023-09-27 21:43:00,wellness,Well child visit,246.06,210.94
E02681,P0052,2023-11-18 19:15:00,2023-11-19 00:15:00,wellness,Annual wellness visit,183.72,140.4
E02682,P0467,2024-08-13 16:35:00,2024-08-13 19:35:00,wellness,Annual wellness visit,126.48,63.45
E02683,P0038,2025-07-11 14:27:00,2025-07-11 16:27:00,wellness,Annual wellness visit,112.0,92.58
E02684,P0498,2024-09-14 15:29:00,2024-09-14 18:29:00,ambulatory,Medication review,168.33,95.05
E02685,P0204,2025-10-29 18:52:00,2025-10-29 22:52:00,outpatient,Physical therapy,441.27,357.31
E02686,P0270,2023-09-21 10:29:00,2023-09-21 14:29:00,wellness,Well child visit,174.14,91.1
E02687,P0337,2024-08-17 08:09:00,2024-08-17 12:09:00,ambulatory,Chronic disease check,266.2,207.37
E02688,P0375,2024-06-07 16:49:00,2024-06-07 19:49:00,wellness,Well child visit,154.13,123.16
E02689,P0295,2024-07-09 13:40:00,2024-07-09 14:40:00,ambulatory,Chronic disease check,330.85,233.62
E02690,P0352,2024-07-05 16:40:00,2024-07-05 20:40:00,ambulatory,Medication review,173.98,124.68
E02691,P0498,2025-06-29 09:37:00,2025-06-29 11:37:00,wellness,Annual wellness visit,153.2,79.71
E02692,P0279,2023-10-16 14:07:00,2023-10-16 15:07:00,wellness,Annual wellness visit,151.47,76.18
E02693,P0215,2024-10-14 19:30:00,2024-10-14 23:30:00,ambulatory,Chronic disease check,311.63,274.37
E02694,P0170,2025-12-06 13:48:00,2025-12-06 16:48:00,ambulatory,Chronic disease check,211.78,181.15
E02695,P0181,2023-12-19 11:20:00,2023-12-19 15:20:00,wellness,Annual wellness visit,158.95,79.91
E02696,P0198,2024-11-22 15:53:00,2024-11-22 19:53:00,ambulatory,Follow-up visit,346.34,213.51
E02697,P0030,2025-04-29 13:31:00,2025-04-29 16:31:00,ambulatory,Follow-up visit,191.5,107.54
E02698,P0457,2024-09-11 11:26:00,2024-09-11 12:26:00,wellness,Well child visit,213.17,186.14
E02699,P0003,2024-02-18 10:26:00,2024-02-18 15:26:00,wellness,Well child visit,155.05,78.58
E02700,P0398,2024-10-13 15:01:00,2024-10-13 16:01:00,wellness,Well child visit,206.83,105.06
E02701,P0126,2023-04-04 17:37:00,2023-04-04 20:37:00,ambulatory,Chronic disease check,346.77,194.73
E02702,P0109,2025-04-22 08:02:00,2025-04-22 10:02:00,ambulatory,Medication review,132.66,83.99
E02703,P0025,2024-04-02 07:31:00,2024-04-02 12:31:00,ambulatory,Chronic disease check,337.52,269.57
E02704,P0109,2023-01-25 16:57:00,2023-01-25 20:57:00,wellness,Well child visit,192.08,141.86
E02705,P0445,2025-09-24 09:18:00,2025-09-24 12:18:00,urgentcare,Urgent care visit,301.49,217.7
E02706,P0057,2025-03-08 17:24:00,2025-03-08 20:24:00,wellness,Well child visit,174.26,109.28
E02707,P0022,2024-12-25 19:51:00,2024-12-25 23:51:00,ambulatory,Chronic disease check,330.5,204.8
E02708,P0261,2023-01-30 16:46:00,2023-02-05 02:46:00,inpatient,Hospital admission,22941.02,16728.93
E02709,P0347,2024-11-20 16:58:00,2024-11-20 21:58:00,wellness,Well child visit,97.23,48.66
E02710,P0368,2024-07-07 09:30:00,2024-07-07 10:30:00,outpatient,Outpatient procedure,2063.15,1323.53
E02711,P0272,2023-10-14 12:40:00,2023-10-14 17:40:00,outpatient,Outpatient procedure,916.81,630.27
E02712,P0433,2023-03-25 10:52:00,2023-03-25 11:52:00,ambulatory,Chronic disease check,277.79,212.79
E02713,P0242,2025-06-13 14:51:00,2025-06-13 17:51:00,wellness,Annual wellness visit,187.55,143.01
E02714,P0035,2025-05-21 19:35:00,2025-05-21 22:35:00,ambulatory,Medication review,398.16,0
E02715,P0268,2024-02-17 07:03:00,2024-02-17 12:03:00,outpatient,Physical therapy,1448.36,798.99
E02716,P0311,2025-11-30 13:45:00,2025-11-30 18:45:00,ambulatory,Chronic disease check,345.67,187.49
E02717,P0216,2024-03-26 09:52:00,2024-03-26 13:52:00,wellness,Well child visit,94.98,74.94
E02718,P0193,2024-07-27 09:49:00,2024-07-27 13:49:00,outpatient,Imaging study,1223.98,755.21
E02719,P0265,2025-06-27 10:17:00,2025-06-27 11:17:00,wellness,Annual wellness visit,151.43,0
E02720,P0432,2023-06-27 13:20:00,2023-06-27 14:20:00,ambulatory,Medication review,394.88,343.28
E02721,P0409,2025-08-17 16:13:00,2025-08-17 21:13:00,urgentcare,Urgent care visit,217.31,185.7
E02722,P0422,2024-11-27 16:36:00,2024-11-27 19:36:00,ambulatory,Medication review,236.01,174.05
E02723,P0012,2023-11-09 11:01:00,2023-11-09 13:01:00,emergency,Emergency room admission,3246.86,1909.24
E02724,P0243,2025-10-26 16:53:00,2025-10-26 17:53:00,wellness,Annual wellness visit,246.91,145.97
E02725,P0348,2023-04-26 07:36:00,2023-04-26 11:36:00,urgentcare,Urgent care visit,292.36,248.26
E02726,P0366,2025-07-06 07:56:00,2025-07-06 12:56:00,ambulatory,Chronic disease check,198.56,0
E02727,P0229,2024-06-15 08:12:00,2024-06-15 12:12:00,ambulatory,Chronic disease check,237.8,148.76
E02728,P0304,2023-03-23 14:43:00,2023-03-23 16:43:00,ambulatory,Follow-up visit,249.58,160.0
E02729,P0034,2023-04-29 16:31:00,2023-04-29 21:31:00,ambulatory,Medication review,204.7,183.21
E02730,P0391,2025-03-10 09:51:00,2025-03-10 13:51:00,outpatient,Outpatient procedure,2118.9,1487.92
E02731,P0282,2025-04-21 10:30:00,2025-04-21 15:30:00,ambulatory,Follow-up visit,126.4,111.71
E02732,P0351,2023-06-12 09:34:00,2023-06-12 11:34:00,ambulatory,Medication review,286.23,155.57
E02733,P0059,2023-02-27 17:47:00,2023-02-27 20:47:00,emergency,Emergency room admission,4664.96,2621.12
E02734,P0291,2025-12-07 17:59:00,2025-12-07 21:59:00,outpatient,Outpatient procedure,2164.14,1524.2
E02735,P0069,2023-02-24 18:04:00,2023-02-24 22:04:00,urgentcare,Urgent care visit,153.17,100.36
E02736,P0390,2023-03-17 09:01:00,2023-03-17 10:01:00,urgentcare,Urgent care visit,354.61,208.43
E02737,P0400,2023-10-22 13:36:00,2023-10-22 18:36:00,wellness,Annual wellness visit,187.07,110.29
E02738,P0464,2025-06-13 18:17:00,2025-06-13 21:17:00,outpatient,Imaging study,1636.44,1421.29
E02739,P0125,2023-04-01 14:10:00,2023-04-01 18:10:00,outpatient,Physical therapy,1021.39,761.62
E02740,P0442,2024-04-06 10:15:00,2024-04-06 13:15:00,ambulatory,Chronic disease check,219.21,110.77
E02741,P0250,2023-07-27 09:54:00,2023-07-27 11:54:00,ambulatory,Chronic disease check,148.04,94.17
E02742,P0022,2024-10-13 14:30:00,2024-10-13 15:30:00,outpatient,Physical therapy,1086.45,583.91
E02743,P0245,2024-03-31 15:48:00,2024-03-31 18:48:00,outpatient,Imaging study,1864.0,1128.4
E02744,P0160,2025-11-08 16:10:00,2025-11-08 18:10:00,ambulatory,Follow-up visit,149.31,93.25
E02745,P0158,2023-04-16 18:07:00,2023-04-16 19:07:00,emergency,Emergency room admission,4737.97,4222.06
E02746,P0407,2023-04-11 10:23:00,2023-04-11 14:23:00,ambulatory,Chronic disease check,270.01,147.3
E02747,P0322,2025-12-29 17:16:00,2025-12-29 18:16:00,urgentcare,Urgent care visit,484.64,412.59
E02748,P0231,2023-04-20 09:25:00,2023-04-20 11:25:00,outpatient,Imaging study,1705.38,1401.34
E02749,P0322,2025-05-23 15:44:00,2025-05-23 18:44:00,wellness,Well child visit,132.14,96.44
E02750,P0151,2024-04-19 14:13:00,2024-04-19 18:13:00,wellness,Annual wellness visit,242.6,127.74
E02751,P0112,2024-10-15 15:11:00,2024-10-15 17:11:00,emergency,Emergency room admission,4767.75,4040.39
E02752,P0182,2025-10-17 13:14:00,2025-10-17 17:14:00,ambulatory,Follow-up visit,317.8,235.35
E02753,P0361,2025-06-18 10:59:00,2025-06-18 11:59:00,outpatient,Physical therapy,1419.9,0
E02754,P0397,2023-03-19 09:19:00,2023-03-19 14:19:00,outpatient,Imaging study,2125.71,1538.34
E02755,P0472,2024-09-15 17:57:00,2024-09-15 19:57:00,outpatient,Outpatient procedure,2491.05,1471.35
E02756,P0154,2025-02-02 08:10:00,2025-02-02 13:10:00,wellness,Well child visit,145.51,104.04
E02757,P0299,2025-03-07 07:24:00,2025-03-07 11:24:00,ambulatory,Chronic disease check,374.91,231.19
E02758,P0197,2024-06-05 13:38:00,2024-06-05 15:38:00,urgentcare,Urgent care visit,477.22,380.44
E02759,P0294,2024-08-03 18:05:00,2024-08-03 19:05:00,ambulatory,Chronic disease check,378.04,0
E02760,P0138,2023-08-24 14:14:00,2023-08-24 15:14:00,outpatient,Imaging study,1272.3,642.83
E02761,P0083,2023-06-07 15:45:00,2023-06-07 16:45:00,emergency,Emergency room admission,2962.9,2246.51
E02762,P0483,2023-07-22 10:53:00,2023-07-22 13:53:00,wellness,Well child visit,224.04,146.67
E02763,P0456,2024-06-06 16:35:00,2024-06-06 18:35:00,wellness,Well child visit,201.04,123.66
E02764,P0377,2023-09-14 16:08:00,2023-09-20 23:08:00,inpatient,Hospital admission,15812.93,14048.8
E02765,P0395,2023-11-07 14:14:00,2023-11-07 17:14:00,emergency,Emergency room admission,5843.15,4265.82
E02766,P0331,2024-01-19 08:59:00,2024-01-19 13:59:00,ambulatory,Chronic disease check,369.39,0
E02767,P0194,2023-09-10 17:14:00,2023-09-10 21:14:00,ambulatory,Chronic disease check,397.19,267.79
E02768,P0040,2024-10-03 19:44:00,2024-10-03 23:44:00,wellness,Well child visit,236.44,134.67
E02769,P0487,2023-10-03 09:11:00,2023-10-03 11:11:00,emergency,Emergency room admission,4368.25,2653.56
E02770,P0302,2023-05-29 10:33:00,2023-05-29 14:33:00,ambulatory,Medication review,392.15,230.7
E02771,P0216,2023-02-03 08:36:00,2023-02-03 12:36:00,ambulatory,Medication review,361.99,191.44
E02772,P0077,2024-07-19 13:53:00,2024-07-19 14:53:00,outpatient,Outpatient procedure,903.57,674.71
E02773,P0109,2024-12-18 08:04:00,2024-12-18 12:04:00,wellness,Well child visit,138.65,119.68
E02774,P0223,2023-10-14 13:25:00,2023-10-14 14:25:00,emergency,ED visit for chest pain,1461.22,874.59
E02775,P0385,2024-03-22 08:08:00,2024-03-22 13:08:00,wellness,Well child visit,183.53,145.73
E02776,P0330,2024-11-16 13:04:00,2024-11-16 18:04:00,ambulatory,Medication review,332.22,190.39
E02777,P0351,2024-06-22 08:34:00,2024-06-22 11:34:00,ambulatory,Follow-up visit,290.2,170.21
E02778,P0440,2024-10-24 07:02:00,2024-10-28 04:02:00,inpatient,Admission for pneumonia,31260.34,19922.53
E02779,P0374,2024-03-02 11:37:00,2024-03-02 14:37:00,outpatient,Imaging study,2335.79,1985.43
E02780,P0205,2024-01-05 16:06:00,2024-01-05 21:06:00,ambulatory,Follow-up visit,184.03,114.15
E02781,P0387,2024-04-23 08:07:00,2024-04-23 11:07:00,wellness,Well child visit,238.02,155.0
E02782,P0379,2025-02-04 18:43:00,2025-02-04 22:43:00,outpatient,Outpatient procedure,943.3,0
E02783,P0077,2023-08-23 11:26:00,2023-08-23 16:26:00,ambulatory,Medication review,248.24,170.45
E02784,P0422,2023-05-11 09:17:00,2023-05-11 10:17:00,ambulatory,Medication review,201.06,126.45
E02785,P0125,2025-06-10 14:15:00,2025-06-10 15:15:00,ambulatory,Follow-up visit,263.87,205.65
E02786,P0412,2023-04-16 08:01:00,2023-04-16 09:01:00,ambulatory,Medication review,322.46,223.2
E02787,P0125,2024-02-27 16:56:00,2024-02-27 17:56:00,wellness,Annual wellness visit,141.93,85.17
E02788,P0222,2025-04-24 09:54:00,2025-04-24 10:54:00,ambulatory,Follow-up visit,384.68,267.1
E02789,P0281,2025-07-23 08:39:00,2025-07-23 09:39:00,wellness,Well child visit,188.42,141.76
E02790,P0164,2023-09-21 12:38:00,2023-09-21 16:38:00,ambulatory,Chronic disease check,354.91,268.64
E02791,P0334,2023-10-20 14:18:00,2023-10-20 19:18:00,urgentcare,Urgent care visit,445.45,387.45
E02792,P0370,2024-06-23 10:03:00,2024-06-23 12:03:00,wellness,Annual wellness visit,91.96,47.92
E02793,P0100,2025-10-25 14:22:00,2025-10-25 17:22:00,wellness,Well child visit,246.29,212.79
E02794,P0010,2023-10-10 09:52:00,2023-10-10 12:52:00,outpatient,Outpatient procedure,1929.98,1188.31
E02795,P0079,2025-04-17 15:11:00,2025-04-17 16:11:00,wellness,Annual wellness visit,106.5,64.16
E02796,P0379,2023-10-18 07:19:00,2023-10-18 08:19:00,ambulatory,Chronic disease check,395.27,0
E02797,P0218,2024-02-26 19:37:00,2024-02-27 00:37:00,emergency,Emergency room admission,1617.31,1360.4
E02798,P0143,2024-10-16 10:57:00,2024-10-16 15:57:00,wellness,Annual wellness visit,110.88,57.53
E02799,P0194,2023-02-26 08:37:00,2023-02-26 13:37:00,wellness,Annual wellness visit,211.2,115.22
E02800,P0107,2024-09-20 10:34:00,2024-09-20 12:34:00,wellness,Annual wellness visit,182.14,107.67
E02801,P0090,2025-11-24 13:27:00,2025-11-24 14:27:00,ambulatory,Follow-up visit,343.05,204.9
E02802,P0307,2025-04-23 18:35:00,2025-04-23 21:35:00,wellness,Annual wellness visit,143.32,89.1
E02803,P0257,2024-09-02 17:24:00,2024-09-02 21:24:00,ambulatory,Follow-up visit,239.9,136.58
E02804,P0299,2025-05-29 10:17:00,2025-05-29 13:17:00,ambulatory,Follow-up visit,168.68,133.57
E02805,P0299,2024-05-21 14:27:00,2024-05-28 10:27:00,inpatient,Admission for pneumonia,27646.35,20735.89
E02806,P0444,2024-07-20 18:17:00,2024-07-20 23:17:00,urgentcare,Urgent care visit,397.57,226.99
E02807,P0242,2024-12-30 13:54:00,2024-12-30 14:54:00,urgentcare,Urgent care visit,300.57,270.19
E02808,P0492,2024-11-11 16:36:00,2024-11-11 17:36:00,ambulatory,Chronic disease check,194.9,172.33
E02809,P0190,2025-11-12 08:02:00,2025-11-12 13:02:00,urgentcare,Urgent care visit,562.26,348.63
E02810,P0137,2025-01-26 10:44:00,2025-01-26 12:44:00,ambulatory,Medication review,233.21,0
E02811,P0358,2024-08-13 14:32:00,2024-08-13 17:32:00,ambulatory,Chronic disease check,378.67,255.12
E02812,P0163,2024-11-23 10:33:00,2024-11-23 15:33:00,outpatient,Physical therapy,1577.23,1230.06
E02813,P0209,2024-11-25 19:45:00,2024-11-25 21:45:00,wellness,Annual wellness visit,114.66,97.57
E02814,P0363,2025-03-06 15:25:00,2025-03-06 20:25:00,urgentcare,Urgent care visit,217.83,138.43
E02815,P0042,2025-07-26 18:00:00,2025-07-26 22:00:00,wellness,Annual wellness visit,242.14,152.45
E02816,P0109,2024-08-09 14:00:00,2024-08-09 19:00:00,emergency,ED visit for chest pain,2575.47,1541.52
E02817,P0296,2023-07-27 13:42:00,2023-07-27 18:42:00,wellness,Well child visit,113.54,83.58
E02818,P0122,2023-06-08 14:05:00,2023-06-08 15:05:00,outpatient,Outpatient procedure,1079.87,830.99
E02819,P0257,2025-03-17 15:47:00,2025-03-17 17:47:00,wellness,Annual wellness visit,201.14,102.92
E02820,P0012,2024-03-02 15:05:00,2024-03-02 17:05:00,ambulatory,Chronic disease check,226.27,175.69
E02821,P0397,2023-01-09 08:37:00,2023-01-09 11:37:00,urgentcare,Urgent care visit,391.34,323.17
E02822,P0491,2023-02-09 16:29:00,2023-02-09 18:29:00,ambulatory,Chronic disease check,228.25,166.52
E02823,P0061,2023-09-08 11:52:00,2023-09-08 15:52:00,wellness,Well child visit,215.4,175.16
E02824,P0227,2024-10-24 17:57:00,2024-10-24 20:57:00,ambulatory,Medication review,354.73,259.4
E02825,P0426,2025-03-06 18:59:00,2025-03-06 21:59:00,outpatient,Imaging study,1057.84,615.71
E02826,P0418,2023-08-11 14:51:00,2023-08-11 16:51:00,wellness,Well child visit,209.69,105.8
E02827,P0203,2024-06-21 15:37:00,2024-06-21 16:37:00,urgentcare,Urgent care visit,597.06,341.88
E02828,P0212,2025-02-23 19:15:00,2025-02-23 22:15:00,outpatient,Outpatient procedure,1547.75,1157.98
E02829,P0232,2023-02-22 14:01:00,2023-03-03 20:01:00,inpatient,Hospital admission,36226.23,21278.57
E02830,P0113,2023-03-09 08:47:00,2023-03-09 12:47:00,outpatient,Imaging study,536.36,436.65
E02831,P0293,2025-04-01 19:15:00,2025-04-01 21:15:00,wellness,Well child visit,180.83,143.32
E02832,P0018,2023-06-16 10:19:00,2023-06-16 12:19:00,urgentcare,Urgent care visit,254.23,149.02
E02833,P0470,2025-09-14 18:12:00,2025-09-14 20:12:00,outpatient,Imaging study,2405.39,1715.99
E02834,P0052,2024-06-27 08:30:00,2024-06-27 09:30:00,wellness,Well child visit,242.8,169.34
E02835,P0111,2024-05-29 16:17:00,2024-05-29 17:17:00,wellness,Annual wellness visit,106.6,94.89
E02836,P0297,2023-06-20 07:25:00,2023-06-20 08:25:00,outpatient,Physical therapy,2166.53,1862.31
E02837,P0083,2023-03-21 09:34:00,2023-03-21 14:34:00,emergency,ED visit for chest pain,3765.29,3167.69
E02838,P0475,2023-03-09 19:45:00,2023-03-09 20:45:00,wellness,Annual wellness visit,230.19,137.79
E02839,P0074,2024-02-15 11:24:00,2024-02-15 16:24:00,wellness,Well child visit,233.25,144.84
E02840,P0134,2023-05-03 10:34:00,2023-05-03 13:34:00,emergency,ED visit for chest pain,1907.16,1000.41
E02841,P0245,2023-07-16 15:17:00,2023-07-16 20:17:00,ambulatory,Medication review,147.91,96.56
E02842,P0041,2025-09-11 08:41:00,2025-09-11 09:41:00,ambulatory,Follow-up visit,341.4,198.46
E02843,P0070,2023-07-20 16:56:00,2023-07-20 19:56:00,urgentcare,Urgent care visit,566.8,509.29
E02844,P0156,2023-01-09 09:45:00,2023-01-09 14:45:00,emergency,Emergency room admission,3733.79,2299.01
E02845,P0062,2025-12-28 14:50:00,2025-12-28 17:50:00,wellness,Well child visit,140.74,122.94
E02846,P0039,2024-03-12 14:26:00,2024-03-12 18:26:00,urgentcare,Urgent care visit,532.11,370.53
E02847,P0151,2024-01-20 17:19:00,2024-01-20 18:19:00,emergency,Emergency room admission,2118.09,1090.82
E02848,P0327,2023-08-16 18:13:00,2023-08-16 22:13:00,ambulatory,Medication review,154.19,138.69
E02849,P0087,2023-11-07 09:01:00,2023-11-07 12:01:00,wellness,Annual wellness visit,135.43,71.84
E02850,P0122,2024-11-18 10:43:00,2024-11-18 13:43:00,wellness,Well child visit,98.22,87.05
E02851,P0095,2025-04-12 16:21:00,2025-04-12 19:21:00,ambulatory,Chronic disease check,347.96,197.25
E02852,P0166,2025-10-14 19:37:00,2025-10-14 22:37:00,wellness,Annual wellness visit,232.95,129.42
E02853,P0187,2023-05-14 19:04:00,2023-05-14 23:04:00,wellness,Well child visit,183.4,129.89
E02854,P0469,2025-05-22 13:39:00,2025-05-22 18:39:00,emergency,Emergency room admission,2339.87,2088.25
E02855,P0016,2024-11-28 14:23:00,2024-11-28 18:23:00,ambulatory,Medication review,217.4,188.44
E02856,P0107,2025-10-30 12:03:00,2025-10-30 14:03:00,ambulatory,Follow-up visit,358.49,243.52
E02857,P0371,2023-11-16 13:39:00,2023-11-16 17:39:00,wellness,Well child visit,111.32,0
E02858,P0208,2024-06-14 13:31:00,2024-06-14 14:31:00,ambulatory,Medication review,253.4,131.04
E02859,P0151,2024-07-16 08:53:00,2024-07-16 10:53:00,emergency,ED visit for chest pain,925.98,651.61
E02860,P0490,2024-01-04 11:26:00,2024-01-06 21:26:00,inpatient,Admission for pneumonia,32773.41,26586.17
E02861,P0053,2023-01-08 17:53:00,2023-01-08 21:53:00,emergency,Emergency room admission,2986.81,2296.64
E02862,P0498,2023-07-25 15:17:00,2023-07-25 17:17:00,urgentcare,Urgent care visit,391.33,269.5
E02863,P0087,2023-08-16 09:04:00,2023-08-16 12:04:00,wellness,Annual wellness visit,229.23,127.45
E02864,P0074,2024-01-06 09:59:00,2024-01-06 14:59:00,ambulatory,Follow-up visit,163.41,116.74
E02865,P0242,2023-11-15 15:58:00,2023-11-15 17:58:00,ambulatory,Medication review,220.22,162.17
E02866,P0153,2024-07-12 08:34:00,2024-07-12 09:34:00,wellness,Well child visit,206.21,140.42
E02867,P0411,2025-02-02 08:44:00,2025-02-02 09:44:00,wellness,Well child visit,239.76,183.85
E02868,P0423,2024-10-05 10:18:00,2024-10-05 13:18:00,emergency,ED visit for chest pain,5832.63,5080.56
E02869,P0085,2025-12-22 17:06:00,2025-12-22 19:06:00,urgentcare,Urgent care visit,565.59,461.87
E02870,P0224,2025-01-06 15:21:00,2025-01-06 20:21:00,wellness,Well child visit,246.89,175.21
E02871,P0015,2023-02-05 08:14:00,2023-02-05 09:14:00,wellness,Annual wellness visit,233.19,174.62
E02872,P0466,2024-11-05 11:08:00,2024-11-05 14:08:00,emergency,ED visit for chest pain,1293.73,1097.9
E02873,P0065,2025-11-11 19:59:00,2025-11-11 20:59:00,urgentcare,Urgent care visit,568.43,349.68
E02874,P0285,2025-07-19 11:54:00,2025-07-19 13:54:00,ambulatory,Follow-up visit,274.17,146.41
E02875,P0262,2024-04-02 07:23:00,2024-04-02 11:23:00,outpatient,Imaging study,788.43,551.18
E02876,P0468,2023-02-21 18:29:00,2023-02-21 20:29:00,ambulatory,Medication review,250.1,202.39
E02877,P0342,2024-03-30 18:16:00,2024-03-30 23:16:00,wellness,Well child visit,206.06,123.68
E02878,P0470,2025-04-04 17:10:00,2025-04-04 22:10:00,emergency,ED visit for chest pain,970.08,699.45
E02879,P0491,2025-10-06 13:21:00,2025-10-06 18:21:00,ambulatory,Medication review,280.21,226.2
E02880,P0279,2024-01-18 16:49:00,2024-01-18 17:49:00,urgentcare,Urgent care visit,525.35,381.71
E02881,P0026,2025-01-05 09:36:00,2025-01-05 14:36:00,outpatient,Physical therapy,1637.02,1099.52
E02882,P0194,2023-04-10 13:37:00,2023-04-10 16:37:00,wellness,Annual wellness visit,157.26,93.32
E02883,P0388,2025-06-28 07:44:00,2025-06-28 08:44:00,wellness,Annual wellness visit,153.85,104.26
E02884,P0048,2025-05-06 18:19:00,2025-05-06 23:19:00,emergency,Emergency room admission,1252.47,696.38
E02885,P0113,2025-11-14 11:47:00,2025-11-14 13:47:00,outpatient,Imaging study,1353.6,1010.31
E02886,P0083,2025-03-25 12:02:00,2025-03-25 15:02:00,outpatient,Imaging study,962.85,812.52
E02887,P0093,2023-01-19 16:04:00,2023-01-19 19:04:00,ambulatory,Follow-up visit,309.09,246.52
E02888,P0462,2024-03-11 12:08:00,2024-03-11 17:08:00,wellness,Annual wellness visit,90.76,0
E02889,P0141,2023-09-16 12:15:00,2023-09-16 13:15:00,wellness,Well child visit,205.22,122.85
E02890,P0448,2023-08-10 12:35:00,2023-08-10 17:35:00,ambulatory,Chronic disease check,214.65,131.52
E02891,P0490,2023-02-28 13:33:00,2023-02-28 15:33:00,ambulatory,Medication review,353.55,291.18
E02892,P0008,2023-12-03 13:17:00,2023-12-03 17:17:00,wellness,Annual wellness visit,99.83,0
E02893,P0114,2024-11-23 18:31:00,2024-11-23 23:31:00,outpatient,Outpatient procedure,940.46,820.43
E02894,P0435,2023-10-13 15:57:00,2023-10-13 19:57:00,wellness,Well child visit,126.22,64.13
E02895,P0425,2025-06-10 13:41:00,2025-06-10 15:41:00,wellness,Annual wellness visit,234.77,158.95
E02896,P0051,2023-11-18 17:14:00,2023-11-18 19:14:00,ambulatory,Follow-up visit,352.18,218.64
E02897,P0209,2023-12-29 09:02:00,2023-12-29 12:02:00,ambulatory,Medication review,311.66,177.78
E02898,P0208,2024-03-05 15:06:00,2024-03-05 16:06:00,ambulatory,Follow-up visit,230.94,191.16
E02899,P0385,2024-03-17 09:04:00,2024-03-17 11:04:00,wellness,Annual wellness visit,183.82,114.12
E02900,P0400,2025-01-03 07:07:00,2025-01-03 09:07:00,emergency,ED visit for chest pain,1671.24,899.27
E02901,P0300,2024-05-05 17:58:00,2024-05-05 19:58:00,wellness,Annual wellness visit,123.86,0
E02902,P0251,2023-06-23 17:18:00,2023-06-23 18:18:00,outpatient,Physical therapy,304.54,154.91
E02903,P0363,2024-11-30 14:20:00,2024-11-30 15:20:00,ambulatory,Follow-up visit,225.5,188.67
E02904,P0193,2024-07-29 18:56:00,2024-07-29 22:56:00,outpatient,Physical therapy,440.78,285.36
E02905,P0497,2023-01-06 19:24:00,2023-01-06 23:24:00,ambulatory,Medication review,282.22,232.76
E02906,P0074,2024-08-08 12:52:00,2024-08-08 14:52:00,wellness,Annual wellness visit,111.87,59.64
E02907,P0198,2025-08-17 14:56:00,2025-08-17 19:56:00,outpatient,Imaging study,1990.43,1259.14
E02908,P0149,2024-08-12 11:10:00,2024-08-12 15:10:00,ambulatory,Medication review,123.6,67.65
E02909,P0152,2024-12-23 10:20:00,2024-12-23 15:20:00,emergency,Emergency room admission,4466.43,3876.86
E02910,P0344,2025-10-18 14:18:00,2025-10-18 18:18:00,ambulatory,Chronic disease check,319.22,167.07
E02911,P0091,2025-05-06 08:08:00,2025-05-06 10:08:00,outpatient,Physical therapy,358.31,202.1
E02912,P0045,2024-10-19 15:08:00,2024-10-19 20:08:00,urgentcare,Urgent care visit,174.72,143.07
E02913,P0320,2023-09-28 11:11:00,2023-09-28 12:11:00,wellness,Well child visit,198.03,136.91
E02914,P0281,2025-06-23 07:24:00,2025-06-23 11:24:00,outpatient,Imaging study,1684.24,1268.31
E02915,P0105,2023-10-05 09:34:00,2023-10-05 11:34:00,ambulatory,Follow-up visit,311.51,222.94
E02916,P0300,2023-10-10 13:27:00,2023-10-10 18:27:00,wellness,Well child visit,205.27,0
E02917,P0213,2025-10-16 08:25:00,2025-10-16 09:25:00,wellness,Annual wellness visit,135.77,100.81
E02918,P0099,2023-03-01 19:44:00,2023-03-01 21:44:00,wellness,Well child visit,162.57,131.55
E02919,P0126,2023-11-01 11:09:00,2023-11-01 12:09:00,ambulatory,Chronic disease check,178.01,120.15
E02920,P0307,2025-10-25 13:29:00,2025-10-25 17:29:00,outpatient,Outpatient procedure,1647.73,1463.78
E02921,P0387,2024-06-12 08:45:00,2024-06-19 13:45:00,inpatient,Hospital admission,28409.77,23312.46
E02922,P0255,2023-05-27 12:49:00,2023-05-27 14:49:00,ambulatory,Follow-up visit,377.42,194.94
E02923,P0051,2023-03-04 13:37:00,2023-03-04 16:37:00,urgentcare,Urgent care visit,223.65,146.98
E02924,P0095,2024-03-27 13:17:00,2024-03-27 14:17:00,ambulatory,Chronic disease check,345.53,198.07
E02925,P0144,2024-12-08 10:45:00,2024-12-08 12:45:00,ambulatory,Chronic disease check,256.92,197.59
E02926,P0161,2025-03-01 17:28:00,2025-03-01 21:28:00,emergency,ED visit for chest pain,5884.88,4187.53
E02927,P0262,2025-05-22 09:43:00,2025-05-22 11:43:00,wellness,Well child visit,134.59,105.42
E02928,P0426,2024-09-20 13:56:00,2024-09-20 15:56:00,wellness,Well child visit,140.38,102.68
E02929,P0497,2024-10-31 13:32:00,2024-10-31 18:32:00,ambulatory,Follow-up visit,380.07,211.77
E02930,P0345,2025-05-13 09:09:00,2025-05-13 13:09:00,wellness,Well child visit,230.13,131.57
E02931,P0484,2024-10-16 18:59:00,2024-10-16 19:59:00,wellness,Annual wellness visit,188.22,113.49
E02932,P0450,2023-10-11 08:14:00,2023-10-11 10:14:00,wellness,Well child visit,182.08,122.87
E02933,P0401,2023-01-09 10:10:00,2023-01-09 12:10:00,outpatient,Imaging study,2032.33,1742.1
E02934,P0237,2023-01-13 11:53:00,2023-01-13 14:53:00,ambulatory,Medication review,392.29,285.15
E02935,P0440,2025-02-04 08:59:00,2025-02-04 13:59:00,emergency,Emergency room admission,2385.66,1630.79
E02936,P0105,2025-12-20 09:17:00,2025-12-20 10:17:00,wellness,Annual wellness visit,136.82,110.78
E02937,P0099,2023-11-16 18:50:00,2023-11-16 19:50:00,ambulatory,Medication review,379.41,296.42
E02938,P0163,2025-03-19 15:19:00,2025-03-19 19:19:00,wellness,Well child visit,212.55,107.27
E02939,P0101,2024-03-25 18:27:00,2024-03-25 20:27:00,ambulatory,Medication review,357.64,239.81
E02940,P0003,2023-10-11 09:35:00,2023-10-11 10:35:00,wellness,Annual wellness visit,221.47,189.7
E02941,P0369,2024-08-21 15:35:00,2024-08-21 18:35:00,outpatient,Imaging study,578.3,0
E02942,P0396,2024-02-21 10:29:00,2024-02-25 16:29:00,inpatient,Admission for pneumonia,20377.23,15696.13
E02943,P0196,2025-11-09 09:50:00,2025-11-09 14:50:00,wellness,Well child visit,186.84,147.51
E02944,P0327,2024-02-28 13:30:00,2024-02-28 14:30:00,wellness,Well child visit,226.29,168.05
E02945,P0147,2023-09-30 07:24:00,2023-09-30 12:24:00,emergency,ED visit for chest pain,5925.4,3626.18
E02946,P0367,2023-08-21 10:12:00,2023-08-21 12:12:00,urgentcare,Urgent care visit,267.7,215.62
E02947,P0048,2024-03-16 13:23:00,2024-03-16 14:23:00,emergency,Emergency room admission,5106.84,2711.62
E02948,P0461,2025-03-12 08:52:00,2025-03-12 12:52:00,ambulatory,Medication review,216.59,170.27
E02949,P0459,2023-05-03 16:13:00,2023-05-03 17:13:00,outpatient,Physical therapy,776.82,616.41
E02950,P0296,2023-03-15 11:52:00,2023-03-15 14:52:00,outpatient,Outpatient procedure,1703.73,1043.94
E02951,P0140,2024-12-14 13:55:00,2024-12-14 17:55:00,wellness,Well child visit,232.98,123.56
E02952,P0110,2024-01-27 15:54:00,2024-01-27 16:54:00,urgentcare,Urgent care visit,273.5,188.97
E02953,P0235,2025-11-01 07:51:00,2025-11-01 09:51:00,ambulatory,Medication review,131.78,66.52
E02954,P0473,2024-10-12 13:30:00,2024-10-12 16:30:00,ambulatory,Chronic disease check,245.27,205.12
E02955,P0231,2023-03-15 08:33:00,2023-03-15 13:33:00,ambulatory,Chronic disease check,130.42,106.44
E02956,P0337,2025-12-15 18:50:00,2025-12-15 23:50:00,wellness,Annual wellness visit,193.33,134.07
E02957,P0053,2023-08-07 13:14:00,2023-08-07 18:14:00,ambulatory,Chronic disease check,379.8,338.93
E02958,P0265,2023-08-20 08:27:00,2023-08-28 09:27:00,inpatient,Admission for pneumonia,25423.73,0
E02959,P0225,2025-12-03 10:26:00,2025-12-03 12:26:00,ambulatory,Follow-up visit,164.75,113.78
E02960,P0022,2023-02-27 12:40:00,2023-02-27 17:40:00,outpatient,Outpatient procedure,756.23,455.43
E02961,P0330,2024-12-13 14:12:00,2024-12-13 17:12:00,ambulatory,Follow-up visit,243.12,174.6
E02962,P0127,2024-05-05 11:13:00,2024-05-05 16:13:00,ambulatory,Medication review,303.72,171.67
E02963,P0082,2023-10-18 08:36:00,2023-10-18 12:36:00,ambulatory,Medication review,373.52,258.77
E02964,P0287,2024-11-07 16:12:00,2024-11-07 19:12:00,wellness,Well child visit,238.64,171.63
E02965,P0310,2023-01-09 10:27:00,2023-01-09 11:27:00,emergency,ED visit for chest pain,1673.29,0
E02966,P0105,2025-08-04 10:03:00,2025-08-04 14:03:00,wellness,Well child visit,210.63,155.24
E02967,P0416,2024-06-06 12:24:00,2024-06-06 13:24:00,outpatient,Physical therapy,1703.54,1335.66
E02968,P0085,2025-11-26 13:19:00,2025-11-26 16:19:00,ambulatory,Follow-up visit,239.41,120.13
E02969,P0279,2024-01-26 07:07:00,2024-01-26 12:07:00,ambulatory,Chronic disease check,376.51,207.09
E02970,P0370,2025-07-24 10:49:00,2025-07-24 15:49:00,urgentcare,Urgent care visit,539.26,474.58
E02971,P0407,2025-07-22 19:44:00,2025-07-22 20:44:00,ambulatory,Medication review,153.84,94.92
E02972,P0164,2025-09-11 18:08:00,2025-09-11 23:08:00,wellness,Annual wellness visit,237.45,118.83
E02973,P0309,2025-06-25 08:24:00,2025-06-25 10:24:00,wellness,Annual wellness visit,101.71,0
E02974,P0367,2023-10-16 10:18:00,2023-10-16 13:18:00,emergency,ED visit for chest pain,4343.19,2547.9
E02975,P0348,2024-12-15 19:36:00,2024-12-24 19:36:00,inpatient,Admission for pneumonia,22436.57,20062.38
E02976,P0049,2025-05-24 09:03:00,2025-05-24 14:03:00,urgentcare,Urgent care visit,412.15,223.94
E02977,P0187,2025-06-08 12:58:00,2025-06-08 16:58:00,outpatient,Imaging study,1185.8,785.82
E02978,P0021,2025-02-12 15:56:00,2025-02-12 17:56:00,outpatient,Imaging study,728.5,368.94
E02979,P0315,2023-11-08 09:45:00,2023-11-08 12:45:00,outpatient,Physical therapy,2378.95,1550.94
E02980,P0365,2025-07-28 17:39:00,2025-07-28 19:39:00,ambulatory,Follow-up visit,388.01,213.74
E02981,P0046,2024-06-13 11:09:00,2024-06-13 16:09:00,ambulatory,Chronic disease check,316.96,161.17
E02982,P0355,2024-05-13 14:11:00,2024-05-13 15:11:00,wellness,Well child visit,211.96,147.77
E02983,P0328,2023-06-19 12:36:00,2023-06-19 13:36:00,ambulatory,Follow-up visit,328.66,170.1
E02984,P0204,2023-11-07 14:09:00,2023-11-07 15:09:00,outpatient,Outpatient procedure,367.61,203.59
E02985,P0179,2024-03-03 18:25:00,2024-03-03 21:25:00,ambulatory,Chronic disease check,356.51,263.51
E02986,P0443,2024-02-21 10:45:00,2024-02-21 13:45:00,ambulatory,Medication review,200.93,157.83
E02987,P0184,2023-07-02 17:14:00,2023-07-02 19:14:00,ambulatory,Medication review,150.18,99.29
E02988,P0292,2024-05-31 13:33:00,2024-05-31 15:33:00,wellness,Well child visit,245.25,219.25
E02989,P0199,2024-05-06 09:39:00,2024-05-06 10:39:00,emergency,Emergency room admission,5370.64,4709.86
E02990,P0487,2023-10-12 18:13:00,2023-10-12 22:13:00,ambulatory,Follow-up visit,238.52,193.55
E02991,P0073,2024-11-13 11:30:00,2024-11-13 16:30:00,ambulatory,Medication review,372.46,260.43
E02992,P0066,2023-03-22 07:35:00,2023-03-22 09:35:00,wellness,Well child visit,93.33,71.46
E02993,P0045,2025-02-11 07:17:00,2025-02-11 10:17:00,ambulatory,Follow-up visit,144.08,104.28
E02994,P0174,2023-10-21 15:27:00,2023-10-21 16:27:00,wellness,Annual wellness visit,154.1,122.02
E02995,P0451,2024-02-10 11:00:00,2024-02-10 14:00:00,outpatient,Physical therapy,2276.92,0
E02996,P0466,2024-02-16 07:13:00,2024-02-16 08:13:00,wellness,Annual wellness visit,235.13,185.51
E02997,P0302,2024-04-25 08:07:00,2024-04-25 13:07:00,wellness,Annual wellness visit,160.94,127.28
E02998,P0415,2025-12-24 07:45:00,2025-12-24 09:45:00,emergency,Emergency room admission,3586.31,2275.04
E02999,P0488,2024-11-17 16:16:00,2024-11-17 21:16:00,wellness,Annual wellness visit,210.96,157.94
E03000,P0118,2024-06-21 19:03:00,2024-06-21 21:03:00,wellness,Well child visit,191.34,128.17
E03001,P0125,2025-03-17 09:54:00,2025-03-17 14:54:00,urgentcare,Urgent care visit,562.29,396.27
E03002,P0416,2023-10-08 18:30:00,2023-10-08 22:30:00,wellness,Well child visit,173.19,145.69
E03003,P0443,2024-09-12 14:49:00,2024-09-12 17:49:00,urgentcare,Urgent care visit,496.1,421.05
E03004,P0467,2023-05-31 08:30:00,2023-05-31 09:30:00,outpatient,Physical therapy,2454.85,1766.0
E03005,P0109,2024-05-15 07:08:00,2024-05-15 12:08:00,outpatient,Outpatient procedure,1251.83,928.69
E03006,P0317,2023-10-13 08:36:00,2023-10-13 13:36:00,ambulatory,Follow-up visit,283.67,226.6
E03007,P0072,2024-04-21 15:05:00,2024-04-21 19:05:00,outpatient,Imaging study,1913.58,1452.51
E03008,P0388,2025-04-10 15:17:00,2025-04-10 19:17:00,outpatient,Outpatient procedure,1353.66,952.48
E03009,P0246,2023-09-14 18:13:00,2023-09-14 23:13:00,ambulatory,Follow-up visit,271.95,180.48
E03010,P0121,2025-12-13 18:20:00,2025-12-13 21:20:00,ambulatory,Medication review,126.88,96.67
E03011,P0451,2023-11-27 14:50:00,2023-11-27 18:50:00,urgentcare,Urgent care visit,227.35,0
E03012,P0095,2025-06-09 14:34:00,2025-06-09 19:34:00,ambulatory,Medication review,352.62,177.89
E03013,P0359,2025-07-05 17:59:00,2025-07-05 21:59:00,outpatient,Imaging study,488.38,437.49
E03014,P0167,2023-01-02 14:54:00,2023-01-02 17:54:00,wellness,Annual wellness visit,182.92,150.61
E03015,P0290,2023-10-05 12:31:00,2023-10-05 15:31:00,ambulatory,Chronic disease check,294.3,201.87
E03016,P0223,2025-10-12 13:29:00,2025-10-12 16:29:00,ambulatory,Follow-up visit,126.98,109.82
E03017,P0190,2025-12-25 07:25:00,2025-12-30 16:25:00,inpatient,Hospital admission,6997.09,6069.15
E03018,P0482,2023-09-13 14:31:00,2023-09-13 15:31:00,emergency,ED visit for chest pain,5448.9,3442.97
E03019,P0283,2023-05-24 09:22:00,2023-05-24 14:22:00,ambulatory,Chronic disease check,388.03,328.65
E03020,P0180,2025-12-30 16:05:00,2025-12-30 20:05:00,urgentcare,Urgent care visit,186.13,0
E03021,P0431,2025-12-12 14:18:00,2025-12-15 00:18:00,inpatient,Admission for pneumonia,7906.8,6400.93
E03022,P0003,2024-01-12 11:28:00,2024-01-12 14:28:00,outpatient,Physical therapy,1607.6,920.16
E03023,P0486,2025-10-03 12:57:00,2025-10-03 16:57:00,ambulatory,Medication review,397.88,236.01
E03024,P0009,2024-02-06 07:18:00,2024-02-06 08:18:00,urgentcare,Urgent care visit,195.75,124.49
E03025,P0007,2025-11-04 13:40:00,2025-11-04 14:40:00,wellness,Annual wellness visit,168.95,123.11
E03026,P0497,2024-12-06 09:32:00,2024-12-06 11:32:00,wellness,Annual wellness visit,115.93,76.89
E03027,P0108,2023-02-02 13:33:00,2023-02-02 15:33:00,urgentcare,Urgent care visit,548.9,446.25
E03028,P0256,2023-02-10 09:19:00,2023-02-10 12:19:00,outpatient,Imaging study,2028.09,1542.33
E03029,P0217,2025-07-13 13:12:00,2025-07-13 15:12:00,wellness,Well child visit,165.13,148.23
E03030,P0358,2025-10-10 18:46:00,2025-10-10 19:46:00,urgentcare,Urgent care visit,513.04,319.13
E03031,P0485,2025-01-22 13:57:00,2025-01-22 17:57:00,outpatient,Physical therapy,862.57,562.54
E03032,P0463,2024-03-02 13:10:00,2024-03-02 16:10:00,ambulatory,Chronic disease check,190.88,112.15
E03033,P0170,2024-07-28 13:29:00,2024-07-28 17:29:00,outpatient,Physical therapy,2271.91,1738.16
E03034,P0215,2025-11-18 10:23:00,2025-11-18 13:23:00,ambulatory,Chronic disease check,261.87,189.76
E03035,P0439,2024-12-24 18:10:00,2024-12-24 23:10:00,wellness,Annual wellness visit,241.15,203.02
E03036,P0427,2025-06-08 13:41:00,2025-06-08 16:41:00,ambulatory,Follow-up visit,264.92,148.81
E03037,P0441,2025-08-01 15:04:00,2025-08-01 18:04:00,outpatient,Outpatient procedure,1453.95,1264.54
E03038,P0462,2024-05-14 09:42:00,2024-05-14 13:42:00,outpatient,Physical therapy,1997.2,0
E03039,P0288,2024-05-30 12:07:00,2024-05-30 14:07:00,wellness,Well child visit,229.4,0
E03040,P0306,2023-03-06 13:04:00,2023-03-06 14:04:00,outpatient,Imaging study,1978.95,1242.09
E03041,P0031,2023-03-07 17:10:00,2023-03-07 19:10:00,ambulatory,Chronic disease check,268.96,184.34
E03042,P0376,2023-04-15 14:48:00,2023-04-15 16:48:00,urgentcare,Urgent care visit,276.16,200.73
E03043,P0357,2024-04-10 19:36:00,2024-04-10 23:36:00,ambulatory,Medication review,373.96,234.06
E03044,P0326,2024-12-08 18:22:00,2024-12-08 19:22:00,urgentcare,Urgent care visit,258.76,135.95
E03045,P0071,2024-12-20 08:52:00,2024-12-20 11:52:00,ambulatory,Follow-up visit,130.77,101.43
E03046,P0326,2024-12-04 07:23:00,2024-12-04 09:23:00,wellness,Annual wellness visit,243.51,152.11
E03047,P0176,2023-05-13 09:22:00,2023-05-13 13:22:00,wellness,Annual wellness visit,185.46,153.88
E03048,P0385,2024-11-08 10:12:00,2024-11-08 11:12:00,ambulatory,Medication review,343.3,296.01
E03049,P0058,2024-12-23 16:49:00,2024-12-23 17:49:00,wellness,Annual wellness visit,133.96,88.47
E03050,P0095,2024-06-25 09:32:00,2024-06-25 14:32:00,emergency,ED visit for chest pain,3114.07,2685.71
E03051,P0413,2023-08-16 18:48:00,2023-08-16 19:48:00,outpatient,Imaging study,1451.86,855.69
E03052,P0099,2024-12-17 12:56:00,2024-12-17 15:56:00,ambulatory,Follow-up visit,215.82,130.32
E03053,P0388,2023-03-25 17:18:00,2023-03-25 18:18:00,ambulatory,Chronic disease check,283.69,152.49
E03054,P0245,2024-09-15 12:52:00,2024-09-15 15:52:00,outpatient,Physical therapy,987.86,580.83
E03055,P0233,2025-05-05 09:18:00,2025-05-05 13:18:00,outpatient,Outpatient procedure,710.25,473.23
E03056,P0103,2024-05-27 13:34:00,2024-05-27 14:34:00,wellness,Annual wellness visit,249.63,209.28
E03057,P0342,2025-09-01 13:23:00,2025-09-01 17:23:00,ambulatory,Medication review,321.36,182.12
E03058,P0218,2023-07-27 09:57:00,2023-07-27 13:57:00,wellness,Well child visit,94.6,67.19
E03059,P0262,2025-06-24 13:41:00,2025-06-28 05:41:00,inpatient,Hospital admission,6479.93,4338.69
E03060,P0120,2025-06-02 11:06:00,2025-06-02 12:06:00,wellness,Annual wellness visit,216.42,188.11
E03061,P0307,2023-06-01 14:26:00,2023-06-01 18:26:00,ambulatory,Chronic disease check,383.49,243.22
E03062,P0365,2023-10-20 09:08:00,2023-10-20 13:08:00,ambulatory,Medication review,243.4,199.96
E03063,P0486,2024-03-16 11:47:00,2024-03-16 13:47:00,wellness,Annual wellness visit,222.45,138.68
E03064,P0177,2023-07-05 18:13:00,2023-07-05 21:13:00,emergency,Emergency room admission,4216.09,0
E03065,P0075,2024-05-11 13:50:00,2024-05-11 16:50:00,ambulatory,Medication review,222.55,124.16
E03066,P0090,2024-05-01 08:49:00,2024-05-01 10:49:00,urgentcare,Urgent care visit,264.91,170.79
E03067,P0190,2025-08-13 10:09:00,2025-08-13 15:09:00,ambulatory,Follow-up visit,290.7,228.88
E03068,P0150,2024-08-07 17:43:00,2024-08-07 20:43:00,ambulatory,Follow-up visit,174.34,123.53
E03069,P0363,2024-09-04 11:14:00,2024-09-04 15:14:00,wellness,Well child visit,231.27,136.45
E03070,P0408,2023-03-20 18:42:00,2023-03-20 20:42:00,wellness,Well child visit,196.32,136.14
E03071,P0348,2024-10-18 07:16:00,2024-10-18 11:16:00,outpatient,Physical therapy,623.57,340.39
E03072,P0345,2023-09-17 13:39:00,2023-09-17 16:39:00,emergency,ED visit for chest pain,5025.38,2942.12
E03073,P0083,2025-05-25 09:24:00,2025-05-25 14:24:00,ambulatory,Follow-up visit,143.35,113.6
E03074,P0251,2023-11-15 09:40:00,2023-11-15 10:40:00,wellness,Annual wellness visit,184.99,121.88
E03075,P0461,2024-10-21 14:33:00,2024-10-21 16:33:00,wellness,Well child visit,198.7,161.19
E03076,P0059,2025-01-05 09:20:00,2025-01-05 14:20:00,urgentcare,Urgent care visit,381.23,264.93
E03077,P0227,2024-12-10 17:09:00,2024-12-10 22:09:00,outpatient,Outpatient procedure,2149.07,1395.31
E03078,P0101,2024-07-15 12:25:00,2024-07-15 13:25:00,wellness,Annual wellness visit,91.66,46.05
E03079,P0398,2025-12-02 11:09:00,2025-12-02 16:09:00,outpatient,Physical therapy,1387.61,712.8
E03080,P0110,2024-09-26 17:53:00,2024-09-26 20:53:00,outpatient,Outpatient procedure,2237.1,1650.48
E03081,P0258,2025-03-23 07:48:00,2025-03-23 09:48:00,ambulatory,Follow-up visit,301.6,183.64
E03082,P0310,2024-02-26 11:39:00,2024-02-26 15:39:00,urgentcare,Urgent care visit,458.18,0
E03083,P0348,2023-05-21 16:09:00,2023-05-21 18:09:00,ambulatory,Chronic disease check,187.23,134.18
E03084,P0050,2024-05-13 16:22:00,2024-05-13 18:22:00,wellness,Annual wellness visit,161.43,83.84
E03085,P0385,2024-05-14 11:10:00,2024-05-14 14:10:00,ambulatory,Follow-up visit,225.08,161.65
E03086,P0082,2023-07-21 11:00:00,2023-07-21 16:00:00,wellness,Annual wellness visit,195.21,125.85
E03087,P0121,2024-02-08 18:41:00,2024-02-08 19:41:00,wellness,Well child visit,231.04,163.85
E03088,P0371,2025-04-21 10:47:00,2025-04-21 14:47:00,urgentcare,Urgent care visit,528.49,0
E03089,P0276,2023-06-26 18:04:00,2023-06-26 22:04:00,ambulatory,Medication review,397.3,259.1
E03090,P0007,2025-11-11 17:06:00,2025-11-11 20:06:00,ambulatory,Chronic disease check,301.44,208.85
E03091,P0024,2024-12-25 09:12:00,2024-12-25 10:12:00,wellness,Annual wellness visit,131.12,106.5
E03092,P0495,2023-01-19 14:47:00,2023-01-19 15:47:00,ambulatory,Chronic disease check,241.44,174.86
E03093,P0447,2025-12-27 17:21:00,2025-12-27 20:21:00,urgentcare,Urgent care visit,196.89,134.58
E03094,P0271,2023-08-14 16:58:00,2023-08-14 17:58:00,ambulatory,Medication review,294.22,182.88
E03095,P0133,2025-05-10 17:20:00,2025-05-10 21:20:00,emergency,ED visit for chest pain,1623.02,1034.91
E03096,P0200,2024-01-17 14:44:00,2024-01-17 18:44:00,urgentcare,Urgent care visit,374.33,252.93
E03097,P0376,2023-08-27 18:44:00,2023-08-27 23:44:00,outpatient,Outpatient procedure,1401.05,1174.9
E03098,P0124,2025-03-31 08:49:00,2025-03-31 10:49:00,ambulatory,Chronic disease check,327.81,285.02
E03099,P0226,2023-02-21 13:21:00,2023-02-21 16:21:00,ambulatory,Chronic disease check,258.44,139.4
E03100,P0279,2025-12-10 15:09:00,2025-12-10 18:09:00,urgentcare,Urgent care visit,520.42,294.74
E03101,P0072,2024-08-14 18:23:00,2024-08-14 22:23:00,wellness,Well child visit,243.83,150.89
E03102,P0201,2023-12-27 15:26:00,2023-12-27 19:26:00,emergency,Emergency room admission,1944.45,972.88
E03103,P0488,2023-05-27 14:48:00,2023-05-27 18:48:00,outpatient,Physical therapy,2014.1,1247.28
E03104,P0321,2025-02-06 10:10:00,2025-02-06 13:10:00,outpatient,Outpatient procedure,1424.99,1055.04
E03105,P0273,2024-02-29 14:05:00,2024-02-29 17:05:00,outpatient,Imaging study,1354.24,887.46
E03106,P0194,2025-03-04 17:07:00,2025-03-04 22:07:00,ambulatory,Follow-up visit,372.67,218.6
E03107,P0283,2024-04-18 07:03:00,2024-04-18 08:03:00,ambulatory,Follow-up visit,197.93,137.48
E03108,P0309,2024-04-11 13:51:00,2024-04-11 15:51:00,emergency,Emergency room admission,4419.49,0
E03109,P0392,2024-01-06 19:44:00,2024-01-06 21:44:00,ambulatory,Medication review,338.25,302.78
E03110,P0305,2023-12-10 15:14:00,2023-12-10 16:14:00,wellness,Annual wellness visit,151.33,92.62
E03111,P0023,2023-04-13 13:26:00,2023-04-13 15:26:00,emergency,Emergency room admission,3852.95,2763.67
E03112,P0088,2023-11-18 11:47:00,2023-11-18 15:47:00,wellness,Annual wellness visit,109.85,55.82
E03113,P0275,2025-03-31 18:07:00,2025-03-31 19:07:00,wellness,Well child visit,225.68,143.05
E03114,P0230,2025-12-02 18:11:00,2025-12-02 21:11:00,ambulatory,Chronic disease check,353.14,302.91
E03115,P0298,2023-04-27 12:23:00,2023-04-27 14:23:00,outpatient,Outpatient procedure,2345.69,1272.73
E03116,P0064,2025-04-18 12:43:00,2025-04-18 16:43:00,wellness,Annual wellness visit,146.95,105.97
E03117,P0274,2023-01-20 14:23:00,2023-01-20 15:23:00,outpatient,Physical therapy,1383.54,1134.94
E03118,P0438,2024-10-03 13:56:00,2024-10-08 03:56:00,inpatient,Admission for pneumonia,9220.24,5348.17
E03119,P0049,2025-08-02 13:15:00,2025-08-02 16:15:00,wellness,Annual wellness visit,161.78,129.09
E03120,P0386,2025-05-07 17:11:00,2025-05-07 20:11:00,ambulatory,Follow-up visit,290.46,201.93
E03121,P0288,2023-07-01 16:47:00,2023-07-01 18:47:00,ambulatory,Medication review,267.16,0
E03122,P0364,2023-04-20 13:41:00,2023-04-20 18:41:00,ambulatory,Follow-up visit,393.85,0
E03123,P0358,2024-02-29 17:58:00,2024-02-29 18:58:00,wellness,Well child visit,169.93,152.33
E03124,P0179,2023-12-18 08:57:00,2023-12-18 12:57:00,wellness,Annual wellness visit,125.49,83.91
E03125,P0062,2024-05-10 08:18:00,2024-05-10 12:18:00,urgentcare,Urgent care visit,426.26,258.78
E03126,P0019,2023-04-03 12:17:00,2023-04-03 17:17:00,urgentcare,Urgent care visit,525.66,362.96
E03127,P0084,2024-08-28 13:20:00,2024-08-28 18:20:00,outpatient,Physical therapy,2008.35,1184.85
E03128,P0356,2024-04-25 18:36:00,2024-04-25 23:36:00,ambulatory,Medication review,376.78,302.71
E03129,P0064,2024-07-24 19:30:00,2024-07-24 21:30:00,wellness,Annual wellness visit,186.6,104.16
E03130,P0165,2024-12-01 08:48:00,2024-12-01 12:48:00,urgentcare,Urgent care visit,513.92,428.33
E03131,P0359,2024-10-22 16:31:00,2024-10-22 17:31:00,outpatient,Imaging study,1684.57,1402.96
E03132,P0445,2024-01-03 08:48:00,2024-01-03 10:48:00,ambulatory,Chronic disease check,317.87,262.06
E03133,P0063,2025-03-20 10:58:00,2025-03-20 15:58:00,outpatient,Imaging study,1616.12,974.98
E03134,P0423,2024-05-30 12:25:00,2024-05-30 14:25:00,wellness,Well child visit,105.01,61.65
E03135,P0027,2023-01-18 15:01:00,2023-01-18 20:01:00,outpatient,Physical therapy,1179.87,937.7
E03136,P0397,2023-04-05 18:06:00,2023-04-14 00:06:00,inpatient,Admission for pneumonia,20574.07,13269.14
E03137,P0404,2025-08-09 09:18:00,2025-08-09 12:18:00,ambulatory,Follow-up visit,376.11,272.67
E03138,P0384,2023-12-27 18:59:00,2023-12-27 19:59:00,outpatient,Physical therapy,1313.98,1065.06
E03139,P0097,2023-07-10 14:08:00,2023-07-10 18:08:00,ambulatory,Follow-up visit,262.3,223.2
E03140,P0111,2025-08-21 10:16:00,2025-08-27 23:16:00,inpatient,Admission for pneumonia,21395.92,16623.86
E03141,P0062,2024-04-08 19:03:00,2024-04-08 22:03:00,ambulatory,Medication review,392.89,341.01
E03142,P0157,2023-12-18 18:01:00,2023-12-18 20:01:00,wellness,Well child visit,207.6,111.61
E03143,P0316,2024-04-15 08:02:00,2024-04-15 12:02:00,ambulatory,Follow-up visit,308.64,177.14
E03144,P0121,2024-09-23 07:14:00,2024-09-23 08:14:00,ambulatory,Follow-up visit,369.64,280.75
E03145,P0159,2023-12-11 12:03:00,2023-12-11 17:03:00,wellness,Well child visit,229.62,129.07
E03146,P0343,2024-07-26 11:10:00,2024-07-26 14:10:00,wellness,Well child visit,91.17,61.6
E03147,P0180,2023-07-06 09:00:00,2023-07-06 14:00:00,outpatient,Outpatient procedure,1236.75,0
E03148,P0173,2024-07-15 07:08:00,2024-07-15 12:08:00,ambulatory,Chronic disease check,344.76,186.59
E03149,P0254,2023-05-14 10:17:00,2023-05-14 14:17:00,ambulatory,Chronic disease check,130.9,108.95
E03150,P0069,2024-10-27 08:35:00,2024-10-27 13:35:00,ambulatory,Follow-up visit,135.62,88.72
E03151,P0039,2023-05-25 07:27:00,2023-05-25 09:27:00,outpatient,Imaging study,1000.27,746.8
E03152,P0093,2023-12-26 07:36:00,2023-12-26 09:36:00,outpatient,Imaging study,832.1,652.74
E03153,P0222,2025-05-17 17:14:00,2025-05-17 19:14:00,ambulatory,Medication review,337.1,215.34
E03154,P0119,2023-07-11 16:42:00,2023-07-11 19:42:00,ambulatory,Follow-up visit,146.0,109.51
E03155,P0278,2024-01-28 17:23:00,2024-01-28 18:23:00,urgentcare,Urgent care visit,526.1,427.92
E03156,P0157,2023-11-01 12:01:00,2023-11-01 13:01:00,wellness,Annual wellness visit,150.57,106.15
E03157,P0097,2024-01-27 10:26:00,2024-01-27 13:26:00,wellness,Annual wellness visit,197.93,174.36
E03158,P0132,2025-01-29 08:44:00,2025-01-29 13:44:00,wellness,Well child visit,151.0,119.69
E03159,P0260,2025-01-11 11:54:00,2025-01-11 13:54:00,ambulatory,Medication review,199.6,144.67
E03160,P0197,2023-10-01 16:27:00,2023-10-01 19:27:00,emergency,ED visit for chest pain,2651.98,1611.33
E03161,P0175,2023-02-14 16:51:00,2023-02-14 19:51:00,urgentcare,Urgent care visit,223.39,166.09
E03162,P0451,2025-09-09 17:46:00,2025-09-11 19:46:00,inpatient,Admission for pneumonia,14457.11,0
E03163,P0414,2025-05-14 11:50:00,2025-05-14 14:50:00,emergency,Emergency room admission,1968.6,1645.36
E03164,P0241,2023-04-02 11:24:00,2023-04-02 15:24:00,ambulatory,Medication review,154.89,109.85
E03165,P0003,2024-11-27 11:40:00,2024-11-27 13:40:00,wellness,Well child visit,178.08,104.16
E03166,P0141,2025-04-03 18:22:00,2025-04-09 18:22:00,inpatient,Admission for pneumonia,23555.72,15826.61
E03167,P0302,2024-06-12 14:47:00,2024-06-12 15:47:00,ambulatory,Follow-up visit,234.4,160.1
E03168,P0437,2023-02-15 14:23:00,2023-02-15 19:23:00,emergency,ED visit for chest pain,1162.6,870.19
E03169,P0465,2023-02-23 19:56:00,2023-02-23 21:56:00,wellness,Well child visit,217.75,178.22
E03170,P0487,2025-07-06 08:45:00,2025-07-06 11:45:00,outpatient,Imaging study,1162.82,776.22
E03171,P0373,2024-11-24 08:18:00,2024-11-24 13:18:00,ambulatory,Chronic disease check,323.83,0
E03172,P0484,2023-07-16 13:33:00,2023-07-16 17:33:00,wellness,Well child visit,195.95,142.1
E03173,P0371,2024-02-23 11:50:00,2024-02-23 13:50:00,outpatient,Imaging study,2433.24,0
E03174,P0313,2025-06-09 16:49:00,2025-06-09 21:49:00,emergency,ED visit for chest pain,2571.1,1618.98
E03175,P0466,2024-11-17 13:58:00,2024-11-17 17:58:00,wellness,Annual wellness visit,227.1,157.56
E03176,P0160,2024-06-25 10:02:00,2024-06-25 15:02:00,wellness,Well child visit,159.54,132.83
E03177,P0275,2024-11-09 14:36:00,2024-11-09 15:36:00,ambulatory,Follow-up visit,204.19,171.07
E03178,P0170,2024-05-07 16:11:00,2024-05-07 19:11:00,wellness,Well child visit,229.41,153.96
E03179,P0089,2024-09-08 15:46:00,2024-09-08 16:46:00,urgentcare,Urgent care visit,433.13,306.19
E03180,P0148,2025-04-13 16:32:00,2025-04-13 17:32:00,ambulatory,Follow-up visit,307.93,193.76
E03181,P0180,2023-06-23 07:22:00,2023-06-23 08:22:00,wellness,Annual wellness visit,226.02,0
E03182,P0225,2025-02-11 17:15:00,2025-02-11 20:15:00,ambulatory,Medication review,143.54,109.01
E03183,P0001,2025-10-28 13:17:00,2025-10-28 15:17:00,urgentcare,Urgent care visit,557.95,381.56
E03184,P0269,2025-08-30 07:49:00,2025-08-30 09:49:00,ambulatory,Chronic disease check,228.44,127.62
E03185,P0485,2025-05-15 10:40:00,2025-05-15 13:40:00,wellness,Well child visit,138.65,81.04
E03186,P0305,2025-11-07 17:12:00,2025-11-07 21:12:00,wellness,Annual wellness visit,209.55,124.27
E03187,P0276,2023-11-05 10:20:00,2023-11-05 12:20:00,wellness,Well child visit,149.33,79.97
E03188,P0366,2023-04-08 14:39:00,2023-04-08 16:39:00,urgentcare,Urgent care visit,527.19,0
E03189,P0155,2025-01-01 14:52:00,2025-01-01 18:52:00,wellness,Annual wellness visit,231.78,178.49
E03190,P0456,2024-05-16 13:41:00,2024-05-16 17:41:00,wellness,Annual wellness visit,176.11,123.94
E03191,P0462,2025-09-27 15:27:00,2025-09-27 18:27:00,emergency,ED visit for chest pain,4896.14,0
E03192,P0314,2024-08-10 18:05:00,2024-08-10 20:05:00,wellness,Well child visit,240.55,133.59
E03193,P0182,2025-07-02 19:47:00,2025-07-02 23:47:00,urgentcare,Urgent care visit,504.25,446.22
E03194,P0402,2025-03-08 14:56:00,2025-03-08 18:56:00,wellness,Well child visit,179.21,91.4
E03195,P0447,2025-09-10 14:11:00,2025-09-10 18:11:00,wellness,Well child visit,146.75,108.41
E03196,P0180,2023-06-30 08:17:00,2023-06-30 11:17:00,wellness,Annual wellness visit,210.7,0
E03197,P0334,2023-05-02 17:36:00,2023-05-02 22:36:00,urgentcare,Urgent care visit,176.18,133.43
E03198,P0024,2024-07-22 19:36:00,2024-07-22 20:36:00,ambulatory,Chronic disease check,342.97,226.14
E03199,P0372,2024-05-10 19:42:00,2024-05-10 22:42:00,ambulatory,Chronic disease check,322.26,192.6
E03200,P0491,2025-05-15 13:14:00,2025-05-15 15:14:00,urgentcare,Urgent care visit,303.88,263.01
E03201,P0443,2025-04-22 14:20:00,2025-04-22 15:20:00,outpatient,Physical therapy,1688.86,1359.66
E03202,P0442,2024-06-16 14:57:00,2024-06-18 21:57:00,inpatient,Hospital admission,35085.88,18527.3
E03203,P0377,2024-09-22 16:58:00,2024-09-22 19:58:00,wellness,Annual wellness visit,221.92,117.94
E03204,P0353,2025-10-24 16:41:00,2025-10-24 21:41:00,urgentcare,Urgent care visit,481.02,431.69
E03205,P0045,2024-10-13 15:34:00,2024-10-13 17:34:00,ambulatory,Chronic disease check,329.69,268.7
E03206,P0142,2023-06-06 12:19:00,2023-06-06 15:19:00,ambulatory,Chronic disease check,251.71,218.82
E03207,P0262,2025-04-16 15:43:00,2025-04-16 19:43:00,outpatient,Imaging study,1771.65,1396.45
E03208,P0376,2025-03-29 18:27:00,2025-03-29 22:27:00,ambulatory,Follow-up visit,273.32,214.08
E03209,P0009,2023-09-30 13:17:00,2023-09-30 17:17:00,outpatient,Physical therapy,1054.81,774.72
E03210,P0009,2023-05-19 11:42:00,2023-05-19 13:42:00,ambulatory,Medication review,316.39,187.5
E03211,P0374,2024-01-16 15:28:00,2024-01-16 19:28:00,wellness,Annual wellness visit,235.32,147.36
E03212,P0430,2024-05-10 17:38:00,2024-05-10 22:38:00,ambulatory,Follow-up visit,238.25,125.52
E03213,P0029,2024-03-18 08:30:00,2024-03-18 13:30:00,ambulatory,Follow-up visit,228.79,142.61
E03214,P0158,2024-05-13 10:38:00,2024-05-13 15:38:00,ambulatory,Follow-up visit,285.42,171.63
E03215,P0376,2024-11-26 09:51:00,2024-11-26 12:51:00,outpatient,Imaging study,1301.46,1081.57
E03216,P0002,2024-06-21 11:48:00,2024-06-21 12:48:00,wellness,Annual wellness visit,92.67,80.3
E03217,P0116,2025-09-11 18:00:00,2025-09-11 20:00:00,urgentcare,Urgent care visit,527.24,376.93
E03218,P0383,2025-04-12 14:03:00,2025-04-12 17:03:00,outpatient,Imaging study,2336.48,1615.97
E03219,P0049,2024-02-21 13:15:00,2024-02-21 14:15:00,wellness,Annual wellness visit,170.88,86.03
E03220,P0182,2024-02-05 11:33:00,2024-02-05 15:33:00,ambulatory,Medication review,336.28,277.73
E03221,P0179,2025-12-15 16:10:00,2025-12-15 19:10:00,wellness,Annual wellness visit,192.03,133.57
E03222,P0309,2023-04-29 16:51:00,2023-04-29 21:51:00,ambulatory,Medication review,205.0,0
E03223,P0407,2023-12-16 16:27:00,2023-12-22 16:27:00,inpatient,Hospital admission,17229.93,11211.79
E03224,P0177,2023-12-31 10:40:00,2023-12-31 15:40:00,urgentcare,Urgent care visit,242.49,0
E03225,P0301,2025-12-26 16:45:00,2025-12-26 17:45:00,wellness,Annual wellness visit,177.64,140.86
E03226,P0101,2023-05-14 11:24:00,2023-05-20 13:24:00,inpatient,Hospital admission,12428.67,9712.15
E03227,P0419,2023-11-18 08:45:00,2023-11-18 13:45:00,wellness,Well child visit,230.21,183.67
E03228,P0124,2023-04-17 17:01:00,2023-04-27 13:01:00,inpatient,Hospital admission,37407.19,19650.96
E03229,P0161,2024-01-31 12:02:00,2024-01-31 13:02:00,wellness,Well child visit,248.42,196.13
E03230,P0046,2023-06-21 12:40:00,2023-06-21 15:40:00,wellness,Annual wellness visit,147.99,130.37
E03231,P0165,2024-01-24 08:00:00,2024-01-24 11:00:00,wellness,Well child visit,137.49,93.0
E03232,P0046,2023-07-24 07:48:00,2023-07-24 12:48:00,outpatient,Physical therapy,2499.6,1657.0
E03233,P0315,2024-10-02 12:27:00,2024-10-02 16:27:00,ambulatory,Medication review,233.9,157.38
E03234,P0384,2024-10-28 12:10:00,2024-10-28 13:10:00,urgentcare,Urgent care visit,502.39,371.29
E03235,P0051,2024-06-30 12:49:00,2024-06-30 14:49:00,wellness,Well child visit,98.81,76.46
E03236,P0479,2023-07-30 07:23:00,2023-07-30 11:23:00,outpatient,Physical therapy,2437.74,1948.45
E03237,P0329,2023-07-11 07:17:00,2023-07-11 08:17:00,ambulatory,Medication review,370.65,293.07
E03238,P0326,2024-05-27 09:17:00,2024-05-27 10:17:00,wellness,Annual wellness visit,154.72,103.19
E03239,P0258,2023-11-08 18:43:00,2023-11-08 19:43:00,emergency,ED visit for chest pain,4127.38,2651.16
E03240,P0327,2025-02-19 17:33:00,2025-02-19 22:33:00,ambulatory,Follow-up visit,338.15,173.2
E03241,P0100,2025-10-13 16:46:00,2025-10-13 17:46:00,outpatient,Outpatient procedure,1940.66,1238.34
E03242,P0118,2024-12-21 15:24:00,2024-12-21 17:24:00,wellness,Well child visit,211.61,109.97
E03243,P0104,2023-03-04 07:47:00,2023-03-04 11:47:00,wellness,Well child visit,236.06,170.8
E03244,P0316,2023-09-21 11:20:00,2023-09-21 13:20:00,ambulatory,Follow-up visit,275.82,153.88
E03245,P0180,2024-11-16 10:10:00,2024-11-16 11:10:00,wellness,Annual wellness visit,142.99,0
E03246,P0362,2025-11-22 13:49:00,2025-11-22 14:49:00,emergency,Emergency room admission,5010.67,3082.64
E03247,P0015,2024-01-08 11:28:00,2024-01-08 12:28:00,wellness,Well child visit,156.96,131.67
E03248,P0454,2025-07-12 13:48:00,2025-07-12 18:48:00,ambulatory,Follow-up visit,390.49,307.4
E03249,P0012,2023-06-20 17:49:00,2023-06-20 22:49:00,wellness,Well child visit,245.53,165.55
E03250,P0494,2024-02-23 07:36:00,2024-02-23 08:36:00,outpatient,Imaging study,2281.28,1712.79
E03251,P0182,2023-10-03 10:45:00,2023-10-03 15:45:00,ambulatory,Medication review,276.48,194.49
E03252,P0262,2025-02-19 12:55:00,2025-02-19 16:55:00,ambulatory,Medication review,315.23,236.23
E03253,P0122,2025-03-08 18:14:00,2025-03-08 19:14:00,wellness,Annual wellness visit,156.67,133.8
E03254,P0071,2023-02-17 08:30:00,2023-02-17 09:30:00,urgentcare,Urgent care visit,509.71,368.22
E03255,P0005,2025-09-14 17:03:00,2025-09-14 20:03:00,emergency,ED visit for chest pain,4293.59,3696.87
E03256,P0041,2023-02-01 10:39:00,2023-02-01 15:39:00,urgentcare,Urgent care visit,157.5,86.39
E03257,P0370,2025-12-03 17:00:00,2025-12-03 20:00:00,outpatient,Physical therapy,1905.68,1081.27
E03258,P0368,2024-09-22 08:15:00,2024-09-22 13:15:00,ambulatory,Follow-up visit,319.16,192.72
E03259,P0415,2023-04-08 13:10:00,2023-04-08 15:10:00,ambulatory,Follow-up visit,206.14,149.31
E03260,P0302,2023-07-10 19:33:00,2023-07-10 23:33:00,ambulatory,Medication review,252.78,132.08
E03261,P0289,2024-03-28 09:09:00,2024-03-28 13:09:00,ambulatory,Medication review,258.16,155.5
E03262,P0262,2025-04-07 17:41:00,2025-04-07 22:41:00,urgentcare,Urgent care visit,486.7,405.85
E03263,P0170,2023-11-02 17:07:00,2023-11-02 19:07:00,ambulatory,Medication review,222.92,195.21
E03264,P0274,2023-11-22 15:58:00,2023-11-22 17:58:00,outpatient,Outpatient procedure,1877.19,1509.36
E03265,P0057,2023-11-12 11:11:00,2023-11-12 14:11:00,ambulatory,Chronic disease check,178.71,153.57
E03266,P0264,2024-09-02 18:37:00,2024-09-02 22:37:00,ambulatory,Chronic disease check,255.79,0
E03267,P0328,2023-02-07 17:25:00,2023-02-07 21:25:00,ambulatory,Medication review,197.99,116.32
E03268,P0499,2024-07-28 16:48:00,2024-07-28 19:48:00,wellness,Well child visit,222.95,141.33
E03269,P0041,2024-02-15 08:23:00,2024-02-15 12:23:00,wellness,Well child visit,141.58,109.51
E03270,P0364,2023-11-21 15:35:00,2023-11-21 20:35:00,ambulatory,Medication review,256.79,0
E03271,P0363,2024-07-20 08:29:00,2024-07-20 09:29:00,ambulatory,Chronic disease check,317.61,282.13
E03272,P0198,2023-11-17 14:18:00,2023-11-17 18:18:00,outpatient,Outpatient procedure,1011.11,844.9
E03273,P0334,2025-10-06 14:14:00,2025-10-06 17:14:00,wellness,Well child visit,143.54,106.97
E03274,P0183,2023-05-28 13:06:00,2023-05-28 17:06:00,urgentcare,Urgent care visit,289.81,215.78
E03275,P0226,2025-05-24 11:03:00,2025-05-24 12:03:00,ambulatory,Follow-up visit,375.78,272.93
E03276,P0106,2025-10-29 10:08:00,2025-10-29 11:08:00,ambulatory,Chronic disease check,353.82,287.91
E03277,P0429,2024-11-01 16:49:00,2024-11-01 20:49:00,wellness,Annual wellness visit,194.35,110.59
E03278,P0144,2025-12-09 11:47:00,2025-12-09 16:47:00,wellness,Annual wellness visit,216.7,134.81
E03279,P0340,2025-09-09 13:30:00,2025-09-09 17:30:00,outpatient,Physical therapy,1517.25,1140.02
E03280,P0393,2023-04-11 08:24:00,2023-04-11 13:24:00,wellness,Well child visit,245.33,0
E03281,P0005,2024-02-07 12:07:00,2024-02-07 17:07:00,urgentcare,Urgent care visit,152.25,129.14
E03282,P0225,2025-02-06 15:59:00,2025-02-06 19:59:00,outpatient,Physical therapy,1180.54,819.75
E03283,P0476,2024-06-18 11:39:00,2024-06-18 15:39:00,ambulatory,Chronic disease check,366.61,219.24
E03284,P0079,2023-03-25 17:29:00,2023-03-25 21:29:00,emergency,ED visit for chest pain,3371.23,2941.59
E03285,P0423,2023-10-10 15:27:00,2023-10-14 01:27:00,inpatient,Admission for pneumonia,7634.65,6105.85
E03286,P0203,2024-09-04 17:39:00,2024-09-04 22:39:00,emergency,Emergency room admission,1221.13,957.66
E03287,P0421,2025-04-17 14:35:00,2025-04-27 11:35:00,inpatient,Hospital admission,27302.27,22420.84
E03288,P0187,2023-12-16 08:27:00,2023-12-16 11:27:00,outpatient,Physical therapy,2433.67,2079.39
E03289,P0402,2024-03-21 16:30:00,2024-03-21 18:30:00,outpatient,Physical therapy,2193.97,1533.26
E03290,P0175,2023-10-12 08:31:00,2023-10-12 10:31:00,emergency,ED visit for chest pain,2870.01,1733.28
E03291,P0483,2025-03-25 15:09:00,2025-03-25 20:09:00,outpatient,Physical therapy,887.39,584.05
E03292,P0229,2023-02-15 15:12:00,2023-02-15 18:12:00,ambulatory,Medication review,143.01,111.37
E03293,P0481,2025-10-30 08:06:00,2025-10-30 12:06:00,wellness,Well child visit,167.32,88.25
E03294,P0294,2024-07-21 12:06:00,2024-07-21 13:06:00,outpatient,Physical therapy,2045.62,0
E03295,P0400,2024-02-26 18:28:00,2024-02-26 19:28:00,wellness,Well child visit,158.71,118.71
E03296,P0092,2024-05-15 15:49:00,2024-05-15 18:49:00,ambulatory,Chronic disease check,305.63,0
E03297,P0140,2025-06-08 12:58:00,2025-06-08 16:58:00,ambulatory,Medication review,338.44,290.77
E03298,P0247,2024-10-29 12:10:00,2024-10-29 17:10:00,wellness,Annual wellness visit,132.13,99.82
E03299,P0157,2025-06-03 16:09:00,2025-06-03 20:09:00,wellness,Annual wellness visit,195.16,123.83
E03300,P0211,2023-12-24 09:24:00,2023-12-24 10:24:00,urgentcare,Urgent care visit,523.53,422.53
E03301,P0440,2025-09-24 13:54:00,2025-09-24 15:54:00,emergency,Emergency room admission,2422.14,1546.08
E03302,P0185,2025-08-13 09:07:00,2025-08-13 10:07:00,ambulatory,Follow-up visit,305.92,0
E03303,P0064,2024-05-31 14:53:00,2024-05-31 18:53:00,emergency,ED visit for chest pain,5279.92,3937.89
E03304,P0135,2023-05-27 18:15:00,2023-05-27 21:15:00,wellness,Well child visit,201.08,111.28
E03305,P0181,2025-08-17 15:32:00,2025-08-17 18:32:00,emergency,Emergency room admission,2946.58,1736.42
E03306,P0139,2025-09-26 12:16:00,2025-09-26 13:16:00,outpatient,Imaging study,1165.72,991.11
E03307,P0192,2024-10-05 09:35:00,2024-10-05 11:35:00,ambulatory,Medication review,361.0,233.45
E03308,P0191,2023-02-06 18:30:00,2023-02-06 23:30:00,ambulatory,Chronic disease check,340.01,236.1
E03309,P0307,2025-09-26 13:10:00,2025-09-26 18:10:00,ambulatory,Chronic disease check,147.36,97.4
E03310,P0080,2025-12-23 11:28:00,2025-12-23 12:28:00,urgentcare,Urgent care visit,499.51,283.25
E03311,P0110,2024-09-10 14:34:00,2024-09-10 15:34:00,outpatient,Imaging study,961.28,519.77
E03312,P0206,2025-06-29 17:48:00,2025-06-29 18:48:00,urgentcare,Urgent care visit,264.52,203.09
E03313,P0251,2024-05-17 11:57:00,2024-05-17 12:57:00,outpatient,Physical therapy,1523.14,956.13
E03314,P0175,2025-11-27 19:09:00,2025-12-02 02:09:00,inpatient,Admission for pneumonia,22976.67,14915.2
E03315,P0393,2023-09-09 14:52:00,2023-09-09 15:52:00,ambulatory,Chronic disease check,173.47,0
E03316,P0052,2025-07-31 12:56:00,2025-07-31 17:56:00,wellness,Annual wellness visit,198.45,159.39
E03317,P0225,2025-02-23 14:51:00,2025-02-23 19:51:00,outpatient,Imaging study,2039.27,1488.36
E03318,P0251,2023-12-31 16:01:00,2023-12-31 19:01:00,ambulatory,Follow-up visit,207.87,137.02
E03319,P0361,2025-01-17 16:52:00,2025-01-17 18:52:00,wellness,Well child visit,196.33,0
E03320,P0228,2024-05-26 13:01:00,2024-05-26 15:01:00,ambulatory,Chronic disease check,341.36,307.2
E03321,P0189,2024-12-30 19:00:00,2024-12-31 00:00:00,emergency,Emergency room admission,3931.17,2734.6
E03322,P0233,2025-12-29 16:11:00,2025-12-29 18:11:00,wellness,Annual wellness visit,133.21,118.13
E03323,P0119,2023-08-07 19:51:00,2023-08-07 21:51:00,urgentcare,Urgent care visit,425.44,259.03
E03324,P0025,2024-09-26 09:48:00,2024-09-26 13:48:00,outpatient,Physical therapy,1697.56,1002.72
E03325,P0208,2024-04-05 12:21:00,2024-04-05 16:21:00,emergency,ED visit for chest pain,4532.56,3066.96
E03326,P0420,2024-07-02 15:52:00,2024-07-02 16:52:00,emergency,Emergency room admission,1899.69,1454.55
E03327,P0469,2024-04-12 13:12:00,2024-04-12 17:12:00,ambulatory,Medication review,356.17,294.02
E03328,P0200,2025-11-17 09:58:00,2025-11-17 12:58:00,urgentcare,Urgent care visit,231.66,137.82
E03329,P0374,2024-06-25 19:04:00,2024-06-25 20:04:00,ambulatory,Medication review,159.62,134.97
E03330,P0268,2023-08-01 08:30:00,2023-08-01 10:30:00,ambulatory,Follow-up visit,308.22,252.34
E03331,P0086,2023-12-07 12:30:00,2023-12-07 14:30:00,wellness,Annual wellness visit,218.82,190.22
E03332,P0300,2023-10-28 12:41:00,2023-10-28 17:41:00,ambulatory,Chronic disease check,362.24,0
E03333,P0389,2025-07-13 11:30:00,2025-07-13 14:30:00,urgentcare,Urgent care visit,319.89,249.52
E03334,P0093,2024-10-11 11:46:00,2024-10-11 14:46:00,ambulatory,Follow-up visit,378.87,268.36
E03335,P0409,2025-12-26 18:21:00,2025-12-26 21:21:00,urgentcare,Urgent care visit,188.4,163.63
E03336,P0097,2023-02-07 18:43:00,2023-02-07 21:43:00,ambulatory,Follow-up visit,160.43,115.68
E03337,P0332,2023-07-25 18:46:00,2023-07-25 23:46:00,outpatient,Physical therapy,776.05,521.15
E03338,P0155,2024-07-26 15:28:00,2024-07-26 16:28:00,urgentcare,Urgent care visit,267.08,151.25
E03339,P0485,2025-12-05 11:09:00,2025-12-05 13:09:00,wellness,Well child visit,128.87,114.68
E03340,P0461,2024-01-14 14:33:00,2024-01-14 16:33:00,wellness,Well child visit,176.67,89.14
E03341,P0001,2025-03-19 11:58:00,2025-03-19 15:58:00,ambulatory,Follow-up visit,374.22,296.73
E03342,P0006,2025-09-16 14:25:00,2025-09-19 17:25:00,inpatient,Hospital admission,39025.02,31617.75
E03343,P0194,2025-02-03 07:02:00,2025-02-03 11:02:00,wellness,Well child visit,157.37,122.06
E03344,P0034,2024-01-15 08:36:00,2024-01-15 12:36:00,outpatient,Imaging study,624.02,448.2
E03345,P0433,2023-04-12 18:12:00,2023-04-12 21:12:00,ambulatory,Chronic disease check,148.83,122.87
E03346,P0114,2023-11-28 13:36:00,2023-11-28 16:36:00,wellness,Well child visit,194.69,117.34
E03347,P0220,2023-08-12 17:02:00,2023-08-12 22:02:00,ambulatory,Follow-up visit,143.33,90.18
E03348,P0464,2024-04-17 17:23:00,2024-04-17 18:23:00,outpatient,Imaging study,1151.19,942.17
E03349,P0292,2025-09-23 18:00:00,2025-09-23 19:00:00,wellness,Annual wellness visit,126.71,80.4
E03350,P0339,2025-07-11 18:39:00,2025-07-14 07:39:00,inpatient,Hospital admission,10195.02,0
E03351,P0378,2023-07-24 10:12:00,2023-07-24 14:12:00,emergency,Emergency room admission,5966.7,4366.62
E03352,P0238,2025-08-04 11:43:00,2025-08-08 07:43:00,inpatient,Admission for pneumonia,10007.43,8695.55
E03353,P0035,2025-03-26 19:26:00,2025-03-26 21:26:00,ambulatory,Chronic disease check,338.67,0
E03354,P0488,2023-01-08 09:23:00,2023-01-08 11:23:00,wellness,Annual wellness visit,108.09,77.84
E03355,P0262,2024-07-19 15:46:00,2024-07-19 16:46:00,ambulatory,Medication review,159.64,94.63
E03356,P0396,2024-04-17 19:54:00,2024-04-25 03:54:00,inpatient,Hospital admission,34136.91,26387.05
E03357,P0319,2023-01-09 13:58:00,2023-01-09 16:58:00,outpatient,Imaging study,1287.0,1081.74
E03358,P0246,2024-06-03 13:26:00,2024-06-03 18:26:00,ambulatory,Medication review,180.95,141.58
E03359,P0063,2023-11-30 19:32:00,2023-11-30 20:32:00,wellness,Annual wellness visit,138.68,77.69
E03360,P0279,2023-06-27 16:45:00,2023-06-27 19:45:00,wellness,Well child visit,148.82,108.12
E03361,P0007,2024-11-25 19:56:00,2024-11-26 00:56:00,emergency,ED visit for chest pain,3214.36,2801.57
E03362,P0042,2023-02-24 10:16:00,2023-02-24 11:16:00,emergency,ED visit for chest pain,2661.54,2296.97
E03363,P0458,2023-05-31 09:12:00,2023-05-31 12:12:00,ambulatory,Medication review,374.82,244.68
E03364,P0169,2025-03-14 11:19:00,2025-03-14 16:19:00,wellness,Well child visit,219.46,128.06
E03365,P0230,2024-06-14 08:58:00,2024-06-14 13:58:00,ambulatory,Chronic disease check,246.99,168.69
E03366,P0444,2023-05-05 07:09:00,2023-05-05 11:09:00,outpatient,Imaging study,915.59,576.67
E03367,P0489,2025-07-20 18:32:00,2025-07-20 20:32:00,outpatient,Physical therapy,2154.07,1734.08
E03368,P0390,2024-04-11 10:51:00,2024-04-11 12:51:00,wellness,Well child visit,132.27,105.73
E03369,P0370,2024-11-13 19:53:00,2024-11-13 23:53:00,outpatient,Imaging study,2271.5,2039.39
E03370,P0175,2023-01-01 12:09:00,2023-01-01 17:09:00,wellness,Annual wellness visit,134.94,99.13
E03371,P0359,2025-06-17 19:22:00,2025-06-17 21:22:00,emergency,Emergency room admission,5202.86,4663.48
E03372,P0199,2024-11-29 11:56:00,2024-11-29 13:56:00,wellness,Well child visit,167.38,123.48
E03373,P0435,2025-01-07 16:53:00,2025-01-07 19:53:00,ambulatory,Chronic disease check,344.77,287.12
E03374,P0054,2025-09-18 16:49:00,2025-09-18 20:49:00,wellness,Well child visit,152.75,98.5
E03375,P0345,2025-05-06 12:49:00,2025-05-06 16:49:00,outpatient,Physical therapy,629.69,513.89
E03376,P0078,2024-03-06 12:03:00,2024-03-06 17:03:00,wellness,Annual wellness visit,144.06,115.72
E03377,P0297,2025-11-05 11:24:00,2025-11-05 15:24:00,wellness,Well child visit,174.55,139.06
E03378,P0006,2025-02-15 19:20:00,2025-02-16 00:20:00,urgentcare,Urgent care visit,478.01,415.33
E03379,P0489,2025-04-15 08:09:00,2025-04-15 10:09:00,outpatient,Imaging study,1442.69,1172.5
E03380,P0244,2025-06-25 14:31:00,2025-06-25 18:31:00,wellness,Well child visit,160.25,110.15
E03381,P0388,2025-04-12 09:27:00,2025-04-12 13:27:00,outpatient,Imaging study,790.21,581.36
E03382,P0451,2025-06-28 08:11:00,2025-06-28 09:11:00,outpatient,Imaging study,421.38,0
E03383,P0389,2025-01-02 09:06:00,2025-01-02 11:06:00,wellness,Well child visit,178.62,101.63
E03384,P0339,2025-04-13 16:12:00,2025-04-13 18:12:00,urgentcare,Urgent care visit,279.34,0
E03385,P0119,2024-05-10 07:53:00,2024-05-10 09:53:00,wellness,Annual wellness visit,124.51,74.82
E03386,P0195,2025-04-01 19:05:00,2025-04-01 20:05:00,wellness,Well child visit,223.52,162.36
E03387,P0499,2024-04-09 18:36:00,2024-04-09 19:36:00,wellness,Well child visit,153.81,117.16
E03388,P0098,2025-03-13 12:30:00,2025-03-13 14:30:00,ambulatory,Follow-up visit,287.66,159.54
E03389,P0176,2023-04-10 07:33:00,2023-04-10 11:33:00,wellness,Well child visit,227.84,137.05
E03390,P0454,2024-11-19 11:54:00,2024-11-19 16:54:00,urgentcare,Urgent care visit,365.49,218.62
E03391,P0060,2025-12-01 07:10:00,2025-12-06 00:10:00,inpatient,Admission for pneumonia,11668.43,0
E03392,P0494,2023-10-21 16:02:00,2023-10-21 17:02:00,ambulatory,Chronic disease check,210.72,139.93
E03393,P0155,2025-01-17 12:41:00,2025-01-19 19:41:00,inpatient,Admission for pneumonia,22308.82,16068.14
E03394,P0327,2025-03-23 07:28:00,2025-04-01 12:28:00,inpatient,Hospital admission,12134.49,9572.2
E03395,P0487,2023-09-08 11:15:00,2023-09-08 12:15:00,wellness,Annual wellness visit,236.73,203.77
E03396,P0048,2024-10-29 16:33:00,2024-10-29 20:33:00,outpatient,Outpatient procedure,2421.81,2132.57
E03397,P0398,2023-09-27 16:12:00,2023-09-27 20:12:00,ambulatory,Chronic disease check,278.44,156.98
E03398,P0454,2024-02-20 18:56:00,2024-02-20 19:56:00,ambulatory,Follow-up visit,190.45,156.59
E03399,P0291,2025-04-17 09:57:00,2025-04-17 14:57:00,ambulatory,Chronic disease check,348.88,302.23
E03400,P0296,2024-09-07 08:57:00,2024-09-07 12:57:00,ambulatory,Follow-up visit,122.34,98.37
E03401,P0278,2023-01-14 15:02:00,2023-01-14 16:02:00,ambulatory,Follow-up visit,125.43,97.91
E03402,P0092,2024-10-01 12:46:00,2024-10-01 13:46:00,ambulatory,Follow-up visit,162.02,0
E03403,P0076,2023-01-08 08:24:00,2023-01-08 12:24:00,outpatient,Imaging study,1093.88,961.35
E03404,P0035,2025-12-21 15:30:00,2025-12-21 20:30:00,ambulatory,Medication review,158.5,0
E03405,P0035,2024-07-05 13:55:00,2024-07-05 17:55:00,wellness,Well child visit,111.06,0
E03406,P0164,2023-02-06 08:40:00,2023-02-06 11:40:00,outpatient,Physical therapy,676.46,522.37
E03407,P0230,2023-12-16 07:52:00,2023-12-16 09:52:00,wellness,Well child visit,228.84,119.49
E03408,P0274,2024-11-30 11:59:00,2024-11-30 16:59:00,emergency,Emergency room admission,5653.22,3282.63
E03409,P0294,2025-11-05 15:25:00,2025-11-09 03:25:00,inpatient,Hospital admission,36670.95,0
E03410,P0204,2023-01-22 14:16:00,2023-01-22 15:16:00,ambulatory,Chronic disease check,342.77,217.39
E03411,P0305,2023-10-03 13:50:00,2023-10-03 17:50:00,wellness,Well child visit,102.08,71.46
E03412,P0052,2025-07-31 07:07:00,2025-07-31 08:07:00,outpatient,Physical therapy,1102.96,598.62
E03413,P0222,2025-09-16 18:25:00,2025-09-16 20:25:00,ambulatory,Follow-up visit,127.76,81.79
E03414,P0293,2023-09-02 16:35:00,2023-09-02 18:35:00,wellness,Well child visit,177.95,97.97
E03415,P0117,2025-07-10 07:03:00,2025-07-10 10:03:00,outpatient,Outpatient procedure,1565.77,1255.09
E03416,P0300,2023-11-27 17:07:00,2023-11-27 18:07:00,ambulatory,Medication review,216.23,0
E03417,P0466,2024-10-22 09:07:00,2024-10-22 10:07:00,ambulatory,Follow-up visit,240.22,197.18
E03418,P0331,2024-08-01 17:15:00,2024-08-01 19:15:00,ambulatory,Chronic disease check,392.61,0
E03419,P0172,2025-07-30 12:09:00,2025-07-30 13:09:00,urgentcare,Urgent care visit,597.71,517.55
E03420,P0154,2025-08-15 11:03:00,2025-08-15 16:03:00,ambulatory,Chronic disease check,235.37,129.95
E03421,P0308,2024-05-01 18:49:00,2024-05-01 19:49:00,wellness,Well child visit,118.45,93.7
E03422,P0121,2025-06-08 19:05:00,2025-06-08 23:05:00,urgentcare,Urgent care visit,366.01,226.5
E03423,P0326,2024-12-02 12:11:00,2024-12-02 17:11:00,ambulatory,Medication review,371.09,259.08
E03424,P0310,2025-02-09 13:10:00,2025-02-16 14:10:00,inpatient,Admission for pneumonia,9750.8,0
E03425,P0386,2024-09-21 10:48:00,2024-09-21 15:48:00,outpatient,Physical therapy,2206.41,1141.16
E03426,P0081,2023-04-07 10:51:00,2023-04-07 13:51:00,outpatient,Physical therapy,2341.81,1188.48
E03427,P0152,2025-08-22 16:55:00,2025-08-22 20:55:00,wellness,Annual wellness visit,243.76,192.18
E03428,P0291,2023-05-15 14:09:00,2023-05-15 17:09:00,wellness,Well child visit,167.27,111.42
E03429,P0148,2025-04-10 13:31:00,2025-04-10 15:31:00,emergency,ED visit for chest pain,1542.04,1137.35
E03430,P0473,2025-04-24 17:13:00,2025-04-24 19:13:00,wellness,Annual wellness visit,98.49,77.52
E03431,P0138,2023-05-01 08:42:00,2023-05-01 11:42:00,emergency,Emergency room admission,1656.37,900.23
E03432,P0364,2025-07-31 10:08:00,2025-07-31 12:08:00,wellness,Annual wellness visit,153.36,0
E03433,P0133,2024-11-03 14:11:00,2024-11-03 19:11:00,ambulatory,Follow-up visit,391.5,333.37
E03434,P0325,2024-06-28 09:08:00,2024-06-28 14:08:00,wellness,Annual wellness visit,217.55,193.96
E03435,P0313,2024-07-12 14:39:00,2024-07-12 17:39:00,ambulatory,Medication review,165.8,118.63
E03436,P0125,2024-10-23 17:31:00,2024-10-23 21:31:00,urgentcare,Urgent care visit,457.98,373.26
E03437,P0409,2024-12-23 11:15:00,2024-12-23 16:15:00,emergency,Emergency room admission,1001.38,567.25
E03438,P0394,2024-09-08 14:56:00,2024-09-08 16:56:00,emergency,Emergency room admission,2953.69,1527.3
E03439,P0104,2023-02-02 16:48:00,2023-02-02 17:48:00,wellness,Annual wellness visit,202.51,136.27
E03440,P0432,2023-05-19 18:00:00,2023-05-19 21:00:00,ambulatory,Chronic disease check,204.31,143.28
E03441,P0128,2024-10-27 12:25:00,2024-10-27 15:25:00,urgentcare,Urgent care visit,446.4,350.76
E03442,P0146,2024-05-24 09:07:00,2024-05-24 13:07:00,wellness,Annual wellness visit,189.08,149.31
E03443,P0384,2025-06-05 14:33:00,2025-06-05 17:33:00,wellness,Well child visit,219.83,193.11
E03444,P0116,2024-09-18 10:56:00,2024-09-18 15:56:00,outpatient,Outpatient procedure,1180.54,721.16
E03445,P0438,2024-01-11 18:45:00,2024-01-11 21:45:00,wellness,Well child visit,117.92,85.28
E03446,P0114,2024-02-10 11:14:00,2024-02-10 16:14:00,ambulatory,Follow-up visit,147.61,88.35
E03447,P0479,2024-07-21 12:48:00,2024-07-21 14:48:00,ambulatory,Medication review,296.14,172.73
E03448,P0093,2025-05-16 12:17:00,2025-05-19 13:17:00,inpatient,Hospital admission,34734.55,21439.84
E03449,P0244,2023-02-14 17:48:00,2023-02-14 22:48:00,emergency,Emergency room admission,3647.54,2866.35
E03450,P0235,2024-05-10 10:55:00,2024-05-10 13:55:00,wellness,Annual wellness visit,97.17,64.12
E03451,P0065,2023-09-28 12:34:00,2023-09-28 13:34:00,wellness,Well child visit,221.02,173.16
E03452,P0188,2024-10-26 16:07:00,2024-10-26 20:07:00,emergency,ED visit for chest pain,1176.11,886.34
E03453,P0358,2023-11-08 09:35:00,2023-11-08 12:35:00,wellness,Well child visit,241.41,150.21
E03454,P0041,2023-11-17 13:20:00,2023-11-17 16:20:00,ambulatory,Follow-up visit,359.64,225.96
E03455,P0262,2023-03-14 15:17:00,2023-03-14 20:17:00,urgentcare,Urgent care visit,183.92,154.09
E03456,P0422,2024-12-08 07:21:00,2024-12-14 00:21:00,inpatient,Hospital admission,30326.89,24009.51
E03457,P0159,2024-06-04 08:10:00,2024-06-04 13:10:00,outpatient,Imaging study,1868.49,1016.51
E03458,P0355,2024-10-05 13:06:00,2024-10-05 17:06:00,ambulatory,Chronic disease check,385.83,259.62
E03459,P0119,2025-11-20 17:46:00,2025-11-20 19:46:00,wellness,Well child visit,246.91,147.75
E03460,P0431,2023-09-04 19:42:00,2023-09-04 23:42:00,urgentcare,Urgent care visit,210.36,161.67
E03461,P0447,2025-01-16 19:13:00,2025-01-16 23:13:00,ambulatory,Follow-up visit,186.49,93.94
E03462,P0399,2025-06-11 08:14:00,2025-06-11 11:14:00,wellness,Annual wellness visit,96.65,50.44
E03463,P0311,2025-02-28 15:32:00,2025-02-28 18:32:00,ambulatory,Chronic disease check,306.94,226.6
E03464,P0236,2024-09-18 10:14:00,2024-09-18 12:14:00,emergency,ED visit for chest pain,4432.92,2258.98
E03465,P0478,2023-03-19 08:51:00,2023-03-19 09:51:00,ambulatory,Chronic disease check,142.02,114.48
E03466,P0214,2023-04-13 19:30:00,2023-04-13 21:30:00,outpatient,Imaging study,1619.77,1348.33
E03467,P0269,2023-07-21 16:10:00,2023-07-21 21:10:00,ambulatory,Chronic disease check,177.99,145.9
E03468,P0459,2023-08-23 13:35:00,2023-08-23 15:35:00,ambulatory,Follow-up visit,275.36,182.58
E03469,P0261,2024-12-22 08:30:00,2024-12-22 13:30:00,ambulatory,Chronic disease check,348.84,304.55
E03470,P0477,2024-12-18 17:42:00,2024-12-18 18:42:00,ambulatory,Chronic disease check,305.03,193.28
E03471,P0205,2023-11-25 13:29:00,2023-11-25 17:29:00,urgentcare,Urgent care visit,229.24,115.72
E03472,P0487,2025-09-26 09:40:00,2025-09-26 10:40:00,wellness,Annual wellness visit,205.84,158.35
E03473,P0484,2025-07-05 09:38:00,2025-07-05 11:38:00,emergency,ED visit for chest pain,3236.32,2161.83
E03474,P0010,2024-04-02 19:24:00,2024-04-02 20:24:00,ambulatory,Follow-up visit,388.64,202.05
E03475,P0205,2025-12-01 19:58:00,2025-12-02 00:58:00,outpatient,Physical therapy,1584.77,1027.71
E03476,P0329,2024-08-04 17:22:00,2024-08-04 22:22:00,wellness,Well child visit,122.71,105.12
E03477,P0134,2024-06-23 16:37:00,2024-06-23 17:37:00,ambulatory,Chronic disease check,384.27,273.12
E03478,P0371,2025-02-02 08:10:00,2025-02-02 13:10:00,ambulatory,Chronic disease check,214.54,0
E03479,P0458,2025-05-20 12:11:00,2025-05-20 15:11:00,wellness,Well child visit,158.98,122.02
E03480,P0408,2025-04-03 10:32:00,2025-04-03 13:32:00,ambulatory,Follow-up visit,189.7,133.08
E03481,P0470,2025-06-17 10:34:00,2025-06-17 15:34:00,outpatient,Outpatient procedure,2350.39,1851.88
E03482,P0069,2024-12-09 14:18:00,2024-12-09 17:18:00,ambulatory,Follow-up visit,332.36,198.12
E03483,P0241,2025-09-14 11:07:00,2025-09-14 12:07:00,outpatient,Outpatient procedure,1789.42,1165.65
E03484,P0353,2023-08-10 17:06:00,2023-08-10 19:06:00,ambulatory,Follow-up visit,355.1,230.27
E03485,P0281,2023-11-11 07:12:00,2023-11-11 08:12:00,ambulatory,Medication review,160.2,83.79
E03486,P0489,2024-08-17 12:45:00,2024-08-17 15:45:00,ambulatory,Follow-up visit,126.66,113.83
E03487,P0152,2023-03-06 15:39:00,2023-03-06 16:39:00,ambulatory,Medication review,306.43,265.79
E03488,P0432,2025-10-12 13:51:00,2025-10-12 17:51:00,wellness,Well child visit,127.9,70.86
E03489,P0194,2024-03-15 07:13:00,2024-03-15 09:13:00,wellness,Well child visit,217.73,130.53
E03490,P0113,2023-05-02 07:28:00,2023-05-02 08:28:00,urgentcare,Urgent care visit,411.12,242.3
E03491,P0081,2024-04-07 07:18:00,2024-04-07 11:18:00,outpatient,Physical therapy,1821.61,1113.35
E03492,P0225,2025-04-25 12:21:00,2025-04-30 09:21:00,inpatient,Admission for pneumonia,20052.62,11250.35
E03493,P0318,2024-02-03 13:07:00,2024-02-03 14:07:00,ambulatory,Chronic disease check,266.12,149.75
E03494,P0173,2024-11-01 17:47:00,2024-11-01 21:47:00,wellness,Annual wellness visit,98.91,54.5
E03495,P0020,2024-08-10 07:39:00,2024-08-10 10:39:00,wellness,Well child visit,151.16,102.89
E03496,P0435,2023-07-29 10:08:00,2023-08-04 06:08:00,inpatient,Admission for pneumonia,8679.63,6140.52
E03497,P0378,2024-06-21 08:44:00,2024-06-21 13:44:00,wellness,Annual wellness visit,226.13,182.91
E03498,P0260,2023-01-25 12:44:00,2023-01-25 13:44:00,emergency,ED visit for chest pain,3005.37,1554.91
E03499,P0278,2024-01-04 10:42:00,2024-01-04 15:42:00,urgentcare,Urgent care visit,207.19,167.52
E03500,P0249,2023-03-10 16:57:00,2023-03-10 21:57:00,outpatient,Outpatient procedure,1139.56,759.53
E03501,P0168,2025-03-11 17:26:00,2025-03-11 20:26:00,wellness,Well child visit,222.66,138.29
E03502,P0080,2023-11-24 11:25:00,2023-11-24 16:25:00,wellness,Well child visit,113.87,65.65
E03503,P0037,2025-08-03 11:00:00,2025-08-03 15:00:00,wellness,Well child visit,102.29,52.85
E03504,P0483,2023-08-14 16:05:00,2023-08-14 17:05:00,wellness,Well child visit,201.27,155.3
E03505,P0324,2023-09-07 11:29:00,2023-09-07 12:29:00,ambulatory,Follow-up visit,289.2,222.05
E03506,P0210,2023-06-24 07:25:00,2023-06-24 10:25:00,wellness,Annual wellness visit,162.67,138.16
E03507,P0291,2023-09-12 08:44:00,2023-09-12 13:44:00,urgentcare,Urgent care visit,511.91,406.18
E03508,P0434,2023-10-20 12:11:00,2023-10-20 16:11:00,emergency,Emergency room admission,2986.96,1839.33
E03509,P0497,2024-06-20 08:20:00,2024-06-20 11:20:00,wellness,Annual wellness visit,104.92,74.1
E03510,P0057,2023-08-01 12:19:00,2023-08-01 13:19:00,emergency,ED visit for chest pain,5738.76,4984.98
E03511,P0358,2023-11-17 12:22:00,2023-11-17 13:22:00,outpatient,Physical therapy,1278.86,981.41
E03512,P0159,2023-03-20 15:34:00,2023-03-20 18:34:00,ambulatory,Medication review,235.94,188.27
E03513,P0406,2025-03-02 14:44:00,2025-03-02 15:44:00,wellness,Well child visit,137.35,0
E03514,P0270,2023-02-14 10:22:00,2023-02-14 11:22:00,wellness,Well child visit,132.03,106.31
E03515,P0200,2025-08-28 09:08:00,2025-08-28 11:08:00,wellness,Well child visit,163.24,120.77
E03516,P0405,2024-07-02 07:27:00,2024-07-02 09:27:00,wellness,Well child visit,124.37,75.39
E03517,P0317,2025-12-11 14:40:00,2025-12-11 15:40:00,outpatient,Outpatient procedure,1629.39,975.63
E03518,P0055,2025-03-16 19:45:00,2025-03-17 00:45:00,outpatient,Outpatient procedure,935.65,773.15
E03519,P0208,2023-05-26 07:04:00,2023-06-01 09:04:00,inpatient,Hospital admission,6575.33,4409.75
E03520,P0415,2024-04-23 08:06:00,2024-04-23 13:06:00,ambulatory,Chronic disease check,132.73,115.5
E03521,P0204,2023-03-16 08:23:00,2023-03-16 09:23:00,wellness,Well child visit,249.43,188.97
E03522,P0152,2023-07-13 09:49:00,2023-07-13 12:49:00,ambulatory,Follow-up visit,183.24,120.1
E03523,P0148,2024-07-29 14:31:00,2024-07-29 17:31:00,wellness,Well child visit,242.09,165.97
E03524,P0154,2025-02-14 17:50:00,2025-02-14 22:50:00,emergency,ED visit for chest pain,5063.17,3561.97
E03525,P0265,2023-01-25 18:05:00,2023-01-25 20:05:00,wellness,Annual wellness visit,154.85,0
E03526,P0013,2025-07-22 14:59:00,2025-07-24 15:59:00,inpatient,Admission for pneumonia,31618.78,21959.71
E03527,P0490,2024-03-30 18:09:00,2024-03-30 22:09:00,urgentcare,Urgent care visit,290.94,214.77
E03528,P0415,2023-03-17 14:34:00,2023-03-17 19:34:00,wellness,Annual wellness visit,106.52,72.11
E03529,P0294,2025-05-16 07:53:00,2025-05-16 08:53:00,outpatient,Outpatient procedure,911.67,0
E03530,P0088,2024-07-02 11:53:00,2024-07-02 14:53:00,emergency,ED visit for chest pain,1339.27,848.66
E03531,P0304,2024-07-26 10:52:00,2024-07-26 12:52:00,ambulatory,Medication review,185.32,131.13
E03532,P0340,2025-04-13 18:58:00,2025-04-13 21:58:00,ambulatory,Follow-up visit,224.73,132.93
E03533,P0056,2023-02-24 10:36:00,2023-02-24 12:36:00,ambulatory,Follow-up visit,220.85,187.85
E03534,P0388,2024-01-04 13:33:00,2024-01-04 17:33:00,wellness,Annual wellness visit,246.79,194.41
E03535,P0368,2025-09-05 18:03:00,2025-09-05 22:03:00,wellness,Well child visit,127.66,74.88
E03536,P0291,2025-05-25 18:51:00,2025-05-25 20:51:00,emergency,ED visit for chest pain,2292.54,1804.37
E03537,P0078,2024-02-06 19:44:00,2024-02-07 00:44:00,emergency,ED visit for chest pain,5095.68,4296.32
E03538,P0497,2023-11-11 15:10:00,2023-11-11 19:10:00,outpatient,Physical therapy,1517.5,814.89
E03539,P0360,2024-05-09 11:40:00,2024-05-09 16:40:00,wellness,Annual wellness visit,122.12,104.76
E03540,P0247,2025-03-10 14:30:00,2025-03-10 15:30:00,emergency,ED visit for chest pain,3095.15,1998.03
E03541,P0329,2024-04-13 12:27:00,2024-04-13 16:27:00,wellness,Annual wellness visit,187.2,159.56
E03542,P0063,2024-11-25 07:25:00,2024-11-25 11:25:00,ambulatory,Medication review,315.3,227.94
E03543,P0097,2025-01-29 19:48:00,2025-01-29 22:48:00,emergency,ED visit for chest pain,2905.04,1694.95
E03544,P0304,2025-07-06 07:15:00,2025-07-06 08:15:00,ambulatory,Medication review,382.83,341.05
E03545,P0331,2025-09-22 07:05:00,2025-09-22 09:05:00,ambulatory,Follow-up visit,287.8,0
E03546,P0129,2025-08-31 18:52:00,2025-08-31 19:52:00,outpatient,Imaging study,1893.46,1247.81
E03547,P0383,2023-11-06 13:10:00,2023-11-06 16:10:00,ambulatory,Medication review,155.32,81.06
E03548,P0013,2023-12-22 13:38:00,2023-12-22 14:38:00,outpatient,Physical therapy,315.59,167.92
E03549,P0491,2023-08-16 18:23:00,2023-08-16 19:23:00,urgentcare,Urgent care visit,187.42,125.51
E03550,P0213,2025-07-30 10:17:00,2025-07-30 15:17:00,wellness,Well child visit,131.27,116.46
E03551,P0383,2025-11-19 08:23:00,2025-11-19 10:23:00,outpatient,Outpatient procedure,2384.63,1193.47
E03552,P0345,2025-11-14 09:23:00,2025-11-14 11:23:00,outpatient,Imaging study,1467.88,1124.99
E03553,P0193,2023-04-15 18:36:00,2023-04-15 23:36:00,urgentcare,Urgent care visit,533.71,294.15
E03554,P0346,2023-05-31 08:02:00,2023-05-31 11:02:00,emergency,Emergency room admission,4293.08,2994.49
E03555,P0456,2025-08-12 17:43:00,2025-08-12 19:43:00,emergency,ED visit for chest pain,4103.46,3456.88
E03556,P0481,2024-10-11 19:22:00,2024-10-11 23:22:00,ambulatory,Follow-up visit,139.66,76.89
E03557,P0037,2025-12-22 16:20:00,2025-12-22 18:20:00,urgentcare,Urgent care visit,545.45,362.32
E03558,P0385,2025-03-25 11:54:00,2025-03-25 12:54:00,wellness,Annual wellness visit,166.91,126.06
E03559,P0322,2024-04-02 07:29:00,2024-04-05 22:29:00,inpatient,Admission for pneumonia,12445.83,10029.23
E03560,P0354,2024-05-03 14:13:00,2024-05-03 19:13:00,outpatient,Physical therapy,716.4,0
E03561,P0313,2025-04-27 14:53:00,2025-04-27 18:53:00,ambulatory,Follow-up visit,196.7,109.94
E03562,P0401,2023-05-19 19:10:00,2023-05-20 00:10:00,ambulatory,Medication review,325.57,186.19
E03563,P0176,2025-12-28 09:32:00,2025-12-28 13:32:00,wellness,Annual wellness visit,218.81,124.7
E03564,P0455,2025-08-02 16:57:00,2025-08-02 19:57:00,outpatient,Physical therapy,1631.03,0
E03565,P0291,2023-12-05 10:10:00,2023-12-05 13:10:00,ambulatory,Medication review,171.8,114.38
E03566,P0132,2025-12-01 11:45:00,2025-12-01 13:45:00,wellness,Well child visit,218.23,176.05
E03567,P0374,2025-11-04 08:55:00,2025-11-04 09:55:00,ambulatory,Follow-up visit,140.83,82.85
E03568,P0219,2025-11-30 07:25:00,2025-11-30 10:25:00,wellness,Well child visit,179.91,96.08
E03569,P0171,2024-12-13 17:08:00,2024-12-13 18:08:00,ambulatory,Chronic disease check,335.86,261.78
E03570,P0086,2025-12-22 15:10:00,2025-12-22 20:10:00,urgentcare,Urgent care visit,173.46,126.77
E03571,P0353,2024-06-29 13:39:00,2024-06-29 15:39:00,wellness,Annual wellness visit,164.87,109.64
E03572,P0454,2025-03-23 13:44:00,2025-03-23 14:44:00,outpatient,Outpatient procedure,776.0,488.57
E03573,P0153,2023-01-14 09:59:00,2023-01-14 14:59:00,wellness,Well child visit,141.12,97.0
E03574,P0117,2024-02-05 17:16:00,2024-02-05 20:16:00,outpatient,Physical therapy,2448.84,1533.8
E03575,P0178,2023-10-27 11:20:00,2023-10-27 15:20:00,wellness,Annual wellness visit,133.11,70.47
E03576,P0246,2025-03-12 14:46:00,2025-03-12 15:46:00,outpatient,Physical therapy,780.52,523.17
E03577,P0493,2025-08-06 14:21:00,2025-08-06 15:21:00,ambulatory,Chronic disease check,148.95,130.96
E03578,P0150,2023-11-25 10:30:00,2023-11-25 12:30:00,outpatient,Outpatient procedure,367.38,263.49
E03579,P0186,2024-05-25 07:32:00,2024-05-25 12:32:00,ambulatory,Medication review,315.84,279.71
E03580,P0322,2023-10-13 15:43:00,2023-10-13 19:43:00,wellness,Annual wellness visit,125.71,103.05
E03581,P0021,2025-12-04 15:57:00,2025-12-04 17:57:00,emergency,ED visit for chest pain,1324.45,783.82
E03582,P0219,2024-08-18 16:17:00,2024-08-24 09:17:00,inpatient,Hospital admission,11077.76,7630.08
E03583,P0004,2025-07-08 07:23:00,2025-07-08 12:23:00,wellness,Well child visit,137.19,82.5
E03584,P0345,2023-11-25 15:21:00,2023-11-25 20:21:00,wellness,Annual wellness visit,201.71,151.62
E03585,P0168,2024-11-01 13:01:00,2024-11-01 16:01:00,wellness,Annual wellness visit,104.62,53.08
E03586,P0187,2023-03-08 15:45:00,2023-03-08 16:45:00,emergency,ED visit for chest pain,4054.06,3178.39
E03587,P0066,2023-12-21 10:32:00,2023-12-21 11:32:00,ambulatory,Chronic disease check,123.6,62.33
E03588,P0232,2024-05-07 12:29:00,2024-05-07 13:29:00,wellness,Annual wellness visit,114.57,57.41
E03589,P0464,2024-07-10 18:39:00,2024-07-10 20:39:00,wellness,Well child visit,230.34,133.37
E03590,P0234,2024-02-24 16:48:00,2024-02-24 17:48:00,ambulatory,Medication review,394.57,219.62
E03591,P0490,2023-08-18 14:05:00,2023-08-18 18:05:00,ambulatory,Chronic disease check,181.91,152.09
E03592,P0402,2025-02-28 16:31:00,2025-02-28 20:31:00,ambulatory,Chronic disease check,323.53,162.96
E03593,P0106,2024-06-04 13:22:00,2024-06-04 16:22:00,emergency,Emergency room admission,5540.4,4859.74
E03594,P0200,2025-03-11 11:30:00,2025-03-11 16:30:00,wellness,Annual wellness visit,164.29,127.21
E03595,P0148,2024-11-09 16:25:00,2024-11-09 17:25:00,wellness,Annual wellness visit,105.98,73.75
E03596,P0154,2025-04-25 18:49:00,2025-04-25 20:49:00,wellness,Annual wellness visit,172.52,106.67
E03597,P0061,2024-10-12 07:18:00,2024-10-12 12:18:00,ambulatory,Chronic disease check,390.01,290.99
E03598,P0362,2024-02-04 09:05:00,2024-02-04 12:05:00,ambulatory,Medication review,354.21,224.06
E03599,P0082,2023-11-30 09:16:00,2023-11-30 14:16:00,outpatient,Imaging study,2357.99,1653.62
E03600,P0281,2025-07-22 18:03:00,2025-07-22 22:03:00,wellness,Annual wellness visit,191.75,122.71
E03601,P0139,2024-09-18 15:28:00,2024-09-18 19:28:00,outpatient,Imaging study,683.58,545.81
E03602,P0347,2025-01-15 07:47:00,2025-01-15 08:47:00,wellness,Well child visit,103.91,84.22
E03603,P0419,2025-11-03 18:42:00,2025-11-03 22:42:00,ambulatory,Chronic disease check,353.75,239.89
E03604,P0279,2023-12-29 13:51:00,2023-12-29 14:51:00,ambulatory,Chronic disease check,181.89,111.05
E03605,P0301,2024-05-02 07:20:00,2024-05-02 10:20:00,wellness,Well child visit,235.36,193.22
E03606,P0274,2025-11-05 07:07:00,2025-11-05 12:07:00,emergency,ED visit for chest pain,3301.53,1739.78
E03607,P0456,2024-09-25 09:14:00,2024-09-25 11:14:00,urgentcare,Urgent care visit,424.12,274.49
E03608,P0360,2024-08-27 18:16:00,2024-08-27 21:16:00,ambulatory,Follow-up visit,286.95,148.66
E03609,P0378,2025-04-13 14:33:00,2025-04-13 17:33:00,urgentcare,Urgent care visit,350.21,190.09
E03610,P0097,2024-04-02 07:18:00,2024-04-02 10:18:00,urgentcare,Urgent care visit,491.37,326.6
E03611,P0074,2024-05-27 12:32:00,2024-05-27 13:32:00,ambulatory,Chronic disease check,144.57,72.32
E03612,P0292,2024-12-31 16:03:00,2025-01-08 18:03:00,inpatient,Hospital admission,21801.66,17859.85
E03613,P0056,2023-12-10 10:05:00,2023-12-10 11:05:00,emergency,Emergency room admission,4860.6,3167.0
E03614,P0268,2025-02-08 08:02:00,2025-02-08 09:02:00,ambulatory,Follow-up visit,376.32,229.15
E03615,P0222,2023-05-25 09:13:00,2023-05-25 14:13:00,outpatient,Physical therapy,1698.36,1247.76
E03616,P0370,2025-10-12 11:47:00,2025-10-12 15:47:00,wellness,Annual wellness visit,234.4,187.3
E03617,P0375,2025-09-08 16:51:00,2025-09-08 21:51:00,urgentcare,Urgent care visit,206.99,155.94
E03618,P0476,2025-03-17 07:49:00,2025-03-17 09:49:00,ambulatory,Medication review,179.15,124.38
E03619,P0277,2024-12-23 09:29:00,2024-12-23 14:29:00,emergency,ED visit for chest pain,2764.03,1948.67
E03620,P0054,2024-06-12 11:00:00,2024-06-12 16:00:00,ambulatory,Medication review,250.88,149.8
E03621,P0365,2023-01-18 18:00:00,2023-01-18 19:00:00,emergency,ED visit for chest pain,3298.35,2424.14
E03622,P0316,2024-08-31 11:43:00,2024-08-31 14:43:00,ambulatory,Medication review,249.52,190.58
E03623,P0446,2024-07-21 08:52:00,2024-07-21 09:52:00,urgentcare,Urgent care visit,353.35,281.81
E03624,P0070,2024-12-04 11:51:00,2024-12-04 13:51:00,ambulatory,Chronic disease check,203.36,169.22
E03625,P0291,2025-03-11 07:31:00,2025-03-11 10:31:00,wellness,Annual wellness visit,129.92,112.82
E03626,P0265,2023-04-21 14:53:00,2023-04-21 19:53:00,ambulatory,Medication review,317.13,0
E03627,P0495,2025-11-02 12:21:00,2025-11-02 16:21:00,ambulatory,Follow-up visit,262.07,227.68
E03628,P0255,2023-05-28 13:27:00,2023-05-28 17:27:00,ambulatory,Follow-up visit,267.35,239.65
E03629,P0347,2024-03-07 07:58:00,2024-03-07 11:58:00,wellness,Annual wellness visit,194.34,159.85
E03630,P0431,2025-03-05 08:36:00,2025-03-05 10:36:00,ambulatory,Follow-up visit,208.56,157.83
E03631,P0002,2025-12-30 10:43:00,2025-12-30 14:43:00,ambulatory,Follow-up visit,283.48,163.37
E03632,P0367,2024-10-20 11:49:00,2024-10-20 12:49:00,outpatient,Outpatient procedure,819.85,543.99
E03633,P0301,2023-09-24 16:27:00,2023-09-24 19:27:00,outpatient,Outpatient procedure,1800.66,1424.71
E03634,P0115,2023-10-11 18:39:00,2023-10-11 22:39:00,wellness,Annual wellness visit,140.41,95.96
E03635,P0161,2024-11-08 09:01:00,2024-11-08 12:01:00,outpatient,Outpatient procedure,1670.75,1010.79
E03636,P0354,2023-10-14 09:11:00,2023-10-14 11:11:00,wellness,Well child visit,132.85,0
E03637,P0039,2024-11-06 07:34:00,2024-11-06 12:34:00,wellness,Well child visit,128.88,80.63
E03638,P0177,2023-03-27 09:32:00,2023-03-27 10:32:00,outpatient,Outpatient procedure,390.1,0
E03639,P0241,2024-02-03 14:08:00,2024-02-03 17:08:00,wellness,Well child visit,132.48,96.11
E03640,P0410,2025-03-13 08:53:00,2025-03-13 10:53:00,ambulatory,Medication review,150.18,90.06
E03641,P0340,2023-10-30 15:09:00,2023-10-30 16:09:00,ambulatory,Chronic disease check,355.97,182.21
E03642,P0377,2023-11-12 09:52:00,2023-11-12 11:52:00,ambulatory,Medication review,373.78,283.94
E03643,P0336,2023-02-24 13:13:00,2023-02-24 17:13:00,outpatient,Imaging study,951.29,687.77
E03644,P0181,2023-01-09 11:22:00,2023-01-09 14:22:00,wellness,Well child visit,149.15,109.22
E03645,P0027,2025-04-15 10:37:00,2025-04-15 13:37:00,wellness,Well child visit,158.59,110.91
E03646,P0394,2024-09-30 10:41:00,2024-09-30 12:41:00,ambulatory,Chronic disease check,300.93,199.81
E03647,P0099,2023-05-07 11:29:00,2023-05-07 15:29:00,ambulatory,Medication review,129.9,74.2
E03648,P0380,2025-03-30 16:39:00,2025-03-30 20:39:00,urgentcare,Urgent care visit,474.39,417.09
E03649,P0218,2023-02-05 10:08:00,2023-02-05 12:08:00,emergency,ED visit for chest pain,1663.3,1080.83
E03650,P0173,2025-03-31 08:46:00,2025-03-31 12:46:00,outpatient,Outpatient procedure,2001.17,1346.12
E03651,P0481,2023-02-18 19:18:00,2023-02-18 20:18:00,emergency,Emergency room admission,5776.55,3287.19
E03652,P0029,2024-03-03 11:18:00,2024-03-03 14:18:00,wellness,Well child visit,187.86,126.72
E03653,P0244,2023-08-23 13:31:00,2023-08-23 15:31:00,emergency,Emergency room admission,4613.39,3572.36
E03654,P0387,2024-04-18 17:02:00,2024-04-18 18:02:00,outpatient,Outpatient procedure,1929.39,1410.76
E03655,P0194,2023-10-28 08:55:00,2023-10-28 09:55:00,urgentcare,Urgent care visit,532.55,271.58
E03656,P0044,2025-05-05 07:43:00,2025-05-05 08:43:00,wellness,Annual wellness visit,233.63,199.47
E03657,P0262,2025-08-06 14:35:00,2025-08-06 17:35:00,wellness,Annual wellness visit,119.09,74.58
E03658,P0318,2025-10-02 19:32:00,2025-10-03 00:32:00,ambulatory,Chronic disease check,269.93,220.19
E03659,P0457,2023-10-25 08:03:00,2023-10-25 12:03:00,ambulatory,Follow-up visit,174.18,135.37
E03660,P0266,2023-02-22 08:21:00,2023-02-22 10:21:00,urgentcare,Urgent care visit,339.62,292.28
E03661,P0133,2025-05-08 13:14:00,2025-05-08 18:14:00,ambulatory,Follow-up visit,282.29,224.78
E03662,P0139,2023-01-27 16:41:00,2023-01-27 20:41:00,ambulatory,Follow-up visit,349.17,264.91
E03663,P0454,2024-06-27 14:30:00,2024-06-27 16:30:00,urgentcare,Urgent care visit,462.65,400.99
E03664,P0176,2025-08-02 10:42:00,2025-08-02 14:42:00,wellness,Well child visit,178.02,122.43
E03665,P0281,2024-06-18 07:14:00,2024-06-18 11:14:00,emergency,ED visit for chest pain,918.38,612.22
E03666,P0246,2023-04-19 14:24:00,2023-04-19 15:24:00,ambulatory,Medication review,159.84,112.78
E03667,P0311,2023-11-10 16:18:00,2023-11-10 19:18:00,ambulatory,Medication review,163.42,85.72
E03668,P0307,2023-10-28 13:50:00,2023-10-28 14:50:00,wellness,Well child visit,203.19,122.5
E03669,P0225,2024-11-30 10:20:00,2024-11-30 14:20:00,wellness,Well child visit,101.93,52.32
E03670,P0199,2025-03-25 16:15:00,2025-03-25 21:15:00,outpatient,Outpatient procedure,323.26,171.23
E03671,P0430,2025-04-02 13:27:00,2025-04-07 19:27:00,inpatient,Admission for pneumonia,39981.54,30161.71
E03672,P0074,2025-12-08 10:15:00,2025-12-08 11:15:00,ambulatory,Chronic disease check,366.43,202.79
E03673,P0351,2025-02-03 18:28:00,2025-02-03 21:28:00,ambulatory,Chronic disease check,143.3,117.04
E03674,P0044,2023-06-25 17:31:00,2023-06-25 22:31:00,ambulatory,Medication review,310.66,157.78
E03675,P0226,2023-08-31 15:02:00,2023-08-31 16:02:00,wellness,Well child visit,200.74,139.39
E03676,P0460,2023-12-16 07:40:00,2023-12-16 11:40:00,wellness,Annual wellness visit,164.77,130.14
E03677,P0029,2024-08-07 07:59:00,2024-08-07 10:59:00,ambulatory,Chronic disease check,183.3,163.14
E03678,P0297,2025-06-25 17:11:00,2025-06-25 21:11:00,ambulatory,Follow-up visit,246.84,187.41
E03679,P0151,2023-04-20 12:35:00,2023-04-20 13:35:00,ambulatory,Medication review,145.65,126.72
E03680,P0027,2023-04-15 08:48:00,2023-04-15 12:48:00,outpatient,Imaging study,1521.59,777.88
E03681,P0091,2023-04-09 09:32:00,2023-04-09 12:32:00,wellness,Well child visit,196.42,111.05
E03682,P0391,2024-04-15 19:00:00,2024-04-16 00:00:00,emergency,Emergency room admission,1795.69,906.43
E03683,P0346,2025-08-21 13:13:00,2025-08-21 18:13:00,wellness,Well child visit,216.49,131.54
E03684,P0236,2024-11-14 17:55:00,2024-11-14 19:55:00,outpatient,Imaging study,2209.94,1388.98
E03685,P0444,2025-07-13 19:46:00,2025-07-13 22:46:00,outpatient,Outpatient procedure,859.69,549.01
E03686,P0197,2024-06-12 18:25:00,2024-06-12 20:25:00,outpatient,Outpatient procedure,423.54,280.29
E03687,P0058,2024-03-08 14:31:00,2024-03-08 17:31:00,ambulatory,Medication review,131.02,110.1
E03688,P0048,2024-01-20 11:04:00,2024-01-20 15:04:00,emergency,Emergency room admission,5680.9,4813.76
E03689,P0405,2025-03-20 19:39:00,2025-03-21 00:39:00,ambulatory,Medication review,336.0,249.71
E03690,P0195,2025-02-10 07:04:00,2025-02-10 12:04:00,ambulatory,Chronic disease check,209.66,169.14
E03691,P0414,2024-09-08 17:13:00,2024-09-08 18:13:00,urgentcare,Urgent care visit,509.97,380.51
E03692,P0201,2023-06-11 11:41:00,2023-06-11 14:41:00,ambulatory,Follow-up visit,284.7,201.06
E03693,P0109,2024-11-22 15:35:00,2024-11-28 21:35:00,inpatient,Hospital admission,11811.12,9089.08
E03694,P0228,2024-11-08 07:27:00,2024-11-08 12:27:00,wellness,Well child visit,188.75,110.16
E03695,P0133,2024-05-13 12:24:00,2024-05-13 14:24:00,ambulatory,Medication review,392.72,289.22
E03696,P0050,2023-07-05 18:48:00,2023-07-05 19:48:00,emergency,ED visit for chest pain,5546.32,4549.49
E03697,P0442,2025-12-30 11:16:00,2025-12-30 15:16:00,wellness,Well child visit,198.39,146.53
E03698,P0420,2024-05-12 13:05:00,2024-05-12 18:05:00,wellness,Annual wellness visit,155.93,81.23
E03699,P0338,2024-02-11 18:06:00,2024-02-11 21:06:00,ambulatory,Medication review,314.09,158.09
E03700,P0389,2023-11-16 09:31:00,2023-11-16 13:31:00,wellness,Well child visit,132.35,98.8
E03701,P0486,2023-10-02 07:08:00,2023-10-02 10:08:00,ambulatory,Chronic disease check,358.44,257.6
E03702,P0084,2025-11-24 15:15:00,2025-11-24 20:15:00,urgentcare,Urgent care visit,539.01,478.29
E03703,P0438,2024-07-31 15:01:00,2024-07-31 18:01:00,urgentcare,Urgent care visit,423.98,287.77
E03704,P0198,2023-12-24 16:57:00,2023-12-24 18:57:00,wellness,Annual wellness visit,239.68,166.03
E03705,P0281,2025-08-29 10:04:00,2025-08-29 11:04:00,emergency,Emergency room admission,2237.48,1528.66
E03706,P0256,2023-04-08 11:37:00,2023-04-08 14:37:00,ambulatory,Medication review,344.17,286.65
E03707,P0093,2025-05-26 17:34:00,2025-05-26 22:34:00,ambulatory,Medication review,265.17,180.85
E03708,P0278,2025-08-21 12:38:00,2025-08-21 15:38:00,ambulatory,Medication review,198.06,119.47
E03709,P0232,2023-05-22 11:01:00,2023-05-22 14:01:00,urgentcare,Urgent care visit,151.92,119.84
E03710,P0298,2024-03-12 14:05:00,2024-03-14 14:05:00,inpatient,Admission for pneumonia,29502.7,16899.09
E03711,P0233,2023-05-12 18:55:00,2023-05-12 23:55:00,ambulatory,Chronic disease check,178.46,153.18
E03712,P0265,2023-08-16 09:36:00,2023-08-16 12:36:00,outpatient,Physical therapy,2151.28,0
E03713,P0147,2025-09-07 17:18:00,2025-09-07 19:18:00,urgentcare,Urgent care visit,339.87,225.28
E03714,P0472,2025-01-07 13:59:00,2025-01-07 18:59:00,emergency,Emergency room admission,4996.92,3908.09
E03715,P0360,2023-05-08 14:56:00,2023-05-08 15:56:00,emergency,ED visit for chest pain,4251.88,3168.99
E03716,P0266,2024-10-09 10:57:00,2024-10-09 11:57:00,wellness,Annual wellness visit,150.6,117.86
E03717,P0231,2024-09-05 11:07:00,2024-09-05 13:07:00,outpatient,Imaging study,416.29,368.04
E03718,P0091,2025-10-04 08:09:00,2025-10-04 13:09:00,urgentcare,Urgent care visit,336.24,206.35
E03719,P0234,2024-12-22 14:08:00,2024-12-22 16:08:00,emergency,Emergency room admission,5294.04,2922.43
E03720,P0040,2023-01-30 15:23:00,2023-01-30 20:23:00,wellness,Well child visit,225.59,161.49
E03721,P0409,2025-03-20 14:06:00,2025-03-20 15:06:00,wellness,Well child visit,141.03,90.07
E03722,P0442,2025-11-17 13:50:00,2025-11-17 17:50:00,ambulatory,Chronic disease check,184.86,116.54
E03723,P0427,2025-12-06 07:29:00,2025-12-06 09:29:00,wellness,Annual wellness visit,190.56,121.09
E03724,P0039,2025-12-07 19:01:00,2025-12-08 00:01:00,emergency,Emergency room admission,2844.25,2458.95
E03725,P0162,2024-07-12 13:39:00,2024-07-12 18:39:00,urgentcare,Urgent care visit,565.05,0
E03726,P0090,2023-11-17 18:49:00,2023-11-17 23:49:00,ambulatory,Chronic disease check,397.24,338.99
E03727,P0169,2024-05-11 08:21:00,2024-05-11 10:21:00,wellness,Annual wellness visit,224.36,185.28
E03728,P0277,2025-07-31 08:33:00,2025-07-31 10:33:00,ambulatory,Follow-up visit,178.69,154.96
E03729,P0107,2025-02-20 15:55:00,2025-02-20 19:55:00,emergency,Emergency room admission,5898.83,4807.9
E03730,P0476,2025-09-11 16:18:00,2025-09-11 20:18:00,emergency,ED visit for chest pain,1594.54,916.0
E03731,P0074,2025-02-14 07:29:00,2025-02-14 09:29:00,ambulatory,Medication review,161.87,145.29
E03732,P0248,2024-04-08 11:35:00,2024-04-08 15:35:00,ambulatory,Medication review,391.59,196.93
E03733,P0094,2024-04-11 10:47:00,2024-04-11 13:47:00,outpatient,Imaging study,1703.0,1405.5
E03734,P0387,2025-01-24 15:11:00,2025-01-24 17:11:00,urgentcare,Urgent care visit,303.96,173.07
E03735,P0489,2025-07-16 15:31:00,2025-07-16 16:31:00,outpatient,Imaging study,423.06,247.57
E03736,P0272,2025-08-20 10:43:00,2025-08-20 11:43:00,ambulatory,Chronic disease check,383.63,225.67
E03737,P0326,2023-09-17 09:54:00,2023-09-17 14:54:00,outpatient,Imaging study,1057.66,919.23
E03738,P0012,2023-12-01 11:20:00,2023-12-01 12:20:00,ambulatory,Follow-up visit,333.72,211.05
E03739,P0173,2025-04-20 15:53:00,2025-04-20 20:53:00,wellness,Annual wellness visit,206.23,184.05
E03740,P0408,2025-07-27 18:04:00,2025-07-27 19:04:00,ambulatory,Follow-up visit,202.09,134.64
E03741,P0498,2023-05-22 13:08:00,2023-05-22 18:08:00,ambulatory,Chronic disease check,237.97,157.03
E03742,P0331,2025-12-16 13:40:00,2025-12-16 16:40:00,ambulatory,Follow-up visit,226.43,0
E03743,P0153,2024-07-24 15:47:00,2024-08-02 18:47:00,inpatient,Admission for pneumonia,37532.69,29968.02
E03744,P0221,2024-04-12 10:32:00,2024-04-12 12:32:00,ambulatory,Medication review,319.27,267.95
E03745,P0494,2024-08-03 16:17:00,2024-08-03 21:17:00,outpatient,Physical therapy,1026.65,704.38
E03746,P0354,2023-01-22 18:15:00,2023-01-22 22:15:00,ambulatory,Follow-up visit,369.53,0
E03747,P0347,2024-10-02 16:56:00,2024-10-02 21:56:00,outpatient,Imaging study,1790.48,1581.99
E03748,P0216,2025-09-26 14:02:00,2025-09-26 15:02:00,wellness,Well child visit,191.79,111.72
E03749,P0044,2023-04-07 10:50:00,2023-04-07 12:50:00,wellness,Annual wellness visit,182.15,141.63
E03750,P0124,2025-10-30 15:30:00,2025-10-30 16:30:00,outpatient,Imaging study,2207.72,1230.83
E03751,P0115,2025-05-18 16:22:00,2025-05-18 21:22:00,wellness,Annual wellness visit,98.53,50.77
E03752,P0345,2023-08-28 13:14:00,2023-08-28 15:14:00,wellness,Well child visit,123.07,102.77
E03753,P0102,2025-07-27 07:21:00,2025-07-27 09:21:00,ambulatory,Chronic disease check,298.05,207.56
E03754,P0262,2023-05-26 12:26:00,2023-05-26 16:26:00,urgentcare,Urgent care visit,314.62,240.38
E03755,P0189,2024-08-28 13:01:00,2024-08-28 17:01:00,ambulatory,Chronic disease check,215.38,160.38
E03756,P0190,2023-02-22 12:50:00,2023-02-27 22:50:00,inpatient,Hospital admission,36482.73,28286.21
E03757,P0199,2023-06-19 14:33:00,2023-06-19 15:33:00,wellness,Well child visit,138.06,117.37
E03758,P0491,2023-06-02 16:32:00,2023-06-02 18:32:00,urgentcare,Urgent care visit,430.92,334.34
E03759,P0068,2025-01-21 09:26:00,2025-01-21 10:26:00,outpatient,Physical therapy,2373.29,1921.07
E03760,P0331,2023-12-02 19:57:00,2023-12-05 14:57:00,inpatient,Admission for pneumonia,19408.16,0
E03761,P0050,2024-01-14 08:34:00,2024-01-14 11:34:00,emergency,ED visit for chest pain,5144.38,3583.42
E03762,P0364,2023-11-02 08:01:00,2023-11-02 10:01:00,wellness,Annual wellness visit,96.46,0
E03763,P0243,2024-06-20 14:54:00,2024-06-20 16:54:00,outpatient,Physical therapy,356.59,288.78
E03764,P0073,2023-04-27 10:13:00,2023-04-27 13:13:00,ambulatory,Follow-up visit,311.3,177.11
E03765,P0480,2023-12-12 19:35:00,2023-12-12 22:35:00,wellness,Well child visit,230.49,116.13
E03766,P0360,2024-02-15 14:26:00,2024-02-15 16:26:00,wellness,Annual wellness visit,136.33,99.57
E03767,P0047,2023-07-01 16:24:00,2023-07-01 17:24:00,wellness,Annual wellness visit,147.87,94.85
E03768,P0293,2023-05-06 19:04:00,2023-05-06 20:04:00,ambulatory,Chronic disease check,199.05,147.92
E03769,P0130,2024-04-29 09:37:00,2024-04-29 12:37:00,wellness,Annual wellness visit,138.4,73.98
E03770,P0461,2023-08-22 10:28:00,2023-08-22 13:28:00,ambulatory,Medication review,327.48,291.77
E03771,P0135,2025-01-21 15:04:00,2025-01-21 16:04:00,urgentcare,Urgent care visit,240.96,187.17
E03772,P0457,2025-05-01 08:29:00,2025-05-01 10:29:00,ambulatory,Chronic disease check,258.2,213.73
E03773,P0060,2023-11-05 07:26:00,2023-11-05 09:26:00,urgentcare,Urgent care visit,428.66,0
E03774,P0258,2024-04-03 07:40:00,2024-04-03 08:40:00,wellness,Well child visit,136.4,98.78
E03775,P0084,2023-04-14 16:29:00,2023-04-14 21:29:00,outpatient,Physical therapy,1718.39,907.47
E03776,P0195,2024-09-10 13:09:00,2024-09-10 15:09:00,outpatient,Physical therapy,714.16,387.84
E03777,P0295,2023-03-15 15:45:00,2023-03-15 17:45:00,emergency,Emergency room admission,1257.53,725.44
E03778,P0201,2024-02-28 08:36:00,2024-03-06 01:36:00,inpatient,Hospital admission,38609.43,31047.78
E03779,P0452,2025-03-27 15:20:00,2025-03-27 16:20:00,emergency,Emergency room admission,5957.68,5150.49
E03780,P0044,2024-03-21 18:47:00,2024-03-21 23:47:00,wellness,Annual wellness visit,234.31,175.11
E03781,P0455,2025-09-08 11:57:00,2025-09-08 12:57:00,ambulatory,Follow-up visit,209.9,0
E03782,P0058,2024-02-26 09:42:00,2024-02-26 10:42:00,wellness,Annual wellness visit,212.15,129.19
E03783,P0410,2025-01-23 14:20:00,2025-01-23 15:20:00,wellness,Annual wellness visit,243.3,146.57
E03784,P0266,2025-03-11 12:53:00,2025-03-11 13:53:00,ambulatory,Chronic disease check,351.39,239.48
E03785,P0385,2025-01-03 19:04:00,2025-01-03 23:04:00,outpatient,Outpatient procedure,634.45,526.72
E03786,P0388,2023-08-29 13:43:00,2023-08-29 14:43:00,outpatient,Physical therapy,2137.55,1494.12
E03787,P0329,2023-06-07 08:35:00,2023-06-07 09:35:00,ambulatory,Medication review,208.33,167.08
E03788,P0500,2023-03-05 10:12:00,2023-03-05 15:12:00,urgentcare,Urgent care visit,425.42,0
E03789,P0031,2025-08-03 07:23:00,2025-08-03 08:23:00,ambulatory,Medication review,216.7,132.7
E03790,P0468,2025-03-23 13:46:00,2025-03-23 18:46:00,ambulatory,Medication review,188.76,104.72
E03791,P0393,2025-08-02 08:00:00,2025-08-02 09:00:00,wellness,Well child visit,168.9,0
E03792,P0268,2023-02-24 16:53:00,2023-02-24 20:53:00,urgentcare,Urgent care visit,539.99,329.25
E03793,P0025,2024-02-10 11:15:00,2024-02-10 13:15:00,ambulatory,Follow-up visit,180.54,151.25
E03794,P0410,2024-11-22 16:07:00,2024-11-22 20:07:00,urgentcare,Urgent care visit,281.92,211.22
E03795,P0334,2025-08-16 12:43:00,2025-08-16 17:43:00,wellness,Well child visit,207.15,119.03
E03796,P0269,2024-10-27 16:14:00,2024-10-27 18:14:00,emergency,ED visit for chest pain,4398.07,3505.6
E03797,P0183,2023-08-19 10:36:00,2023-08-19 15:36:00,ambulatory,Medication review,335.4,295.8
E03798,P0401,2024-03-15 12:18:00,2024-03-15 17:18:00,wellness,Annual wellness visit,227.91,153.01
E03799,P0278,2024-02-27 16:20:00,2024-02-27 20:20:00,ambulatory,Medication review,174.73,146.16
E03800,P0099,2024-05-07 16:04:00,2024-05-07 17:04:00,wellness,Annual wellness visit,95.21,63.26
E03801,P0225,2024-09-29 14:03:00,2024-09-29 18:03:00,ambulatory,Chronic disease check,371.6,262.69
E03802,P0378,2024-06-28 08:40:00,2024-06-28 12:40:00,ambulatory,Follow-up visit,184.65,101.95
E03803,P0205,2025-07-25 12:40:00,2025-07-25 15:40:00,wellness,Well child visit,232.44,160.92
E03804,P0020,2025-01-03 15:45:00,2025-01-03 18:45:00,wellness,Annual wellness visit,90.78,49.42
E03805,P0398,2023-06-12 13:18:00,2023-06-12 17:18:00,wellness,Annual wellness visit,118.52,92.76
E03806,P0365,2025-02-15 08:10:00,2025-02-15 09:10:00,wellness,Well child visit,156.25,85.52
E03807,P0158,2023-03-05 10:23:00,2023-03-05 14:23:00,ambulatory,Medication review,141.32,105.0
E03808,P0205,2023-02-15 12:40:00,2023-02-15 15:40:00,outpatient,Physical therapy,1047.53,636.74
E03809,P0498,2024-06-12 09:59:00,2024-06-12 13:59:00,ambulatory,Follow-up visit,260.22,169.64
E03810,P0386,2024-04-19 15:31:00,2024-04-19 19:31:00,wellness,Well child visit,104.32,85.83
E03811,P0102,2024-07-12 17:47:00,2024-07-12 20:47:00,wellness,Well child visit,134.93,113.21
E03812,P0182,2025-05-18 07:29:00,2025-05-18 08:29:00,outpatient,Outpatient procedure,807.91,679.04
E03813,P0048,2025-04-27 17:58:00,2025-04-27 19:58:00,outpatient,Outpatient procedure,634.81,560.27
E03814,P0496,2025-08-23 11:33:00,2025-08-23 13:33:00,ambulatory,Medication review,313.33,0
E03815,P0439,2025-06-30 19:41:00,2025-06-30 21:41:00,outpatient,Physical therapy,1159.27,687.1
E03816,P0189,2023-04-24 16:54:00,2023-04-24 19:54:00,outpatient,Physical therapy,2143.01,1458.09
E03817,P0405,2024-06-13 07:30:00,2024-06-13 12:30:00,ambulatory,Chronic disease check,280.6,216.96
E03818,P0465,2023-08-21 08:11:00,2023-08-21 10:11:00,ambulatory,Medication review,235.32,192.09
E03819,P0439,2023-02-09 11:06:00,2023-02-09 14:06:00,emergency,ED visit for chest pain,5062.86,3669.51
E03820,P0097,2025-08-28 14:54:00,2025-08-28 15:54:00,emergency,ED visit for chest pain,979.54,557.44
E03821,P0250,2024-11-08 19:09:00,2024-11-09 00:09:00,emergency,Emergency room admission,2610.46,1623.58
E03822,P0093,2024-12-28 11:21:00,2024-12-28 14:21:00,ambulatory,Chronic disease check,291.66,195.73
E03823,P0169,2023-06-23 19:39:00,2023-06-23 23:39:00,wellness,Well child visit,224.81,188.37
E03824,P0067,2023-12-12 15:32:00,2023-12-12 16:32:00,ambulatory,Follow-up visit,390.82,260.27
E03825,P0477,2023-05-17 18:03:00,2023-05-17 22:03:00,outpatient,Imaging study,750.33,513.51
E03826,P0340,2024-10-15 16:59:00,2024-10-15 18:59:00,urgentcare,Urgent care visit,255.41,211.08
E03827,P0365,2024-04-11 09:46:00,2024-04-11 13:46:00,wellness,Well child visit,134.56,105.95
E03828,P0352,2023-04-05 07:54:00,2023-04-08 06:54:00,inpatient,Admission for pneumonia,21128.5,15264.8
E03829,P0485,2024-08-04 17:51:00,2024-08-04 20:51:00,wellness,Annual wellness visit,161.76,128.61
E03830,P0123,2024-07-08 16:39:00,2024-07-08 19:39:00,wellness,Annual wellness visit,179.51,0
E03831,P0358,2024-08-13 09:57:00,2024-08-13 11:57:00,emergency,ED visit for chest pain,2498.23,2022.44
E03832,P0404,2024-02-18 17:55:00,2024-02-22 23:55:00,inpatient,Admission for pneumonia,22435.37,17615.73
E03833,P0441,2025-10-04 16:47:00,2025-10-04 21:47:00,ambulatory,Follow-up visit,154.91,80.45
E03834,P0071,2024-10-29 13:27:00,2024-10-29 16:27:00,ambulatory,Medication review,298.42,205.59
E03835,P0424,2025-11-26 16:33:00,2025-11-26 18:33:00,wellness,Annual wellness visit,231.37,193.04
E03836,P0444,2025-08-17 07:38:00,2025-08-26 11:38:00,inpatient,Admission for pneumonia,36263.61,19190.48
E03837,P0370,2025-09-25 19:25:00,2025-09-26 00:25:00,emergency,ED visit for chest pain,1516.19,830.42
E03838,P0154,2024-06-11 11:20:00,2024-06-11 15:20:00,emergency,Emergency room admission,4534.08,4022.34
E03839,P0299,2024-05-08 08:01:00,2024-05-08 13:01:00,emergency,ED visit for chest pain,3233.13,1839.6
E03840,P0393,2025-09-29 10:37:00,2025-09-29 15:37:00,ambulatory,Medication review,376.83,0
E03841,P0392,2024-01-14 11:06:00,2024-01-14 15:06:00,ambulatory,Medication review,400.0,277.26
E03842,P0150,2025-10-11 14:49:00,2025-10-11 15:49:00,ambulatory,Medication review,135.82,98.36
E03843,P0062,2024-11-28 11:08:00,2024-11-28 13:08:00,outpatient,Outpatient procedure,1035.54,582.73
E03844,P0385,2023-03-05 16:23:00,2023-03-05 18:23:00,outpatient,Imaging study,1960.89,1359.34
E03845,P0498,2025-04-17 18:21:00,2025-04-17 22:21:00,ambulatory,Follow-up visit,235.34,131.64
E03846,P0221,2024-02-21 16:22:00,2024-02-21 18:22:00,ambulatory,Medication review,352.1,316.53
E03847,P0236,2024-09-21 13:52:00,2024-09-21 18:52:00,wellness,Annual wellness visit,111.38,89.93
E03848,P0001,2024-01-22 18:39:00,2024-01-22 22:39:00,urgentcare,Urgent care visit,154.33,104.76
E03849,P0416,2025-12-01 08:02:00,2025-12-01 13:02:00,wellness,Well child visit,191.04,165.75
E03850,P0361,2024-04-05 09:48:00,2024-04-05 10:48:00,urgentcare,Urgent care visit,374.42,0
E03851,P0293,2025-11-20 11:00:00,2025-11-25 08:00:00,inpatient,Hospital admission,23156.64,17806.41
E03852,P0355,2024-09-15 16:13:00,2024-09-15 20:13:00,ambulatory,Medication review,362.26,206.63
E03853,P0210,2025-08-30 11:53:00,2025-08-30 14:53:00,ambulatory,Chronic disease check,347.38,217.69
E03854,P0069,2025-03-20 13:09:00,2025-03-20 16:09:00,ambulatory,Medication review,145.15,102.18
E03855,P0258,2024-07-09 15:30:00,2024-07-09 19:30:00,wellness,Annual wellness visit,182.38,153.86
E03856,P0413,2024-09-21 12:41:00,2024-09-21 14:41:00,wellness,Annual wellness visit,210.77,121.06
E03857,P0500,2024-04-07 07:59:00,2024-04-07 09:59:00,wellness,Well child visit,110.0,0
E03858,P0340,2024-06-07 12:53:00,2024-06-11 07:53:00,inpatient,Admission for pneumonia,38403.03,33832.25
E03859,P0115,2023-03-09 14:52:00,2023-03-09 17:52:00,wellness,Annual wellness visit,214.09,169.77
E03860,P0117,2025-06-05 15:47:00,2025-06-05 18:47:00,ambulatory,Follow-up visit,161.06,98.04
E03861,P0205,2025-01-23 09:05:00,2025-01-23 11:05:00,outpatient,Physical therapy,1053.72,611.2
E03862,P0390,2023-02-20 08:03:00,2023-02-20 11:03:00,outpatient,Outpatient procedure,2149.24,1418.02
E03863,P0474,2024-03-03 10:18:00,2024-03-03 12:18:00,urgentcare,Urgent care visit,371.66,218.1
E03864,P0133,2025-12-27 13:03:00,2025-12-27 17:03:00,wellness,Annual wellness visit,115.49,79.24
E03865,P0459,2024-03-24 15:29:00,2024-03-24 17:29:00,urgentcare,Urgent care visit,233.81,126.45
E03866,P0120,2025-08-23 19:30:00,2025-08-23 20:30:00,urgentcare,Urgent care visit,153.11,85.29
E03867,P0107,2023-03-11 10:29:00,2023-03-11 14:29:00,wellness,Annual wellness visit,91.78,52.91
E03868,P0455,2023-09-11 17:47:00,2023-09-11 22:47:00,urgentcare,Urgent care visit,549.26,0
E03869,P0274,2025-03-27 17:49:00,2025-03-27 18:49:00,wellness,Well child visit,110.46,94.59
E03870,P0321,2024-07-05 14:55:00,2024-07-05 16:55:00,emergency,ED visit for chest pain,3143.43,2518.19
E03871,P0352,2025-09-04 14:11:00,2025-09-04 19:11:00,outpatient,Physical therapy,1749.2,886.19
E03872,P0335,2024-08-28 13:18:00,2024-08-28 16:18:00,outpatient,Physical therapy,975.76,812.61
E03873,P0074,2025-09-29 18:21:00,2025-09-29 23:21:00,wellness,Well child visit,216.65,162.12
E03874,P0081,2023-03-03 12:30:00,2023-03-03 14:30:00,ambulatory,Medication review,319.72,265.23
E03875,P0102,2025-05-27 15:54:00,2025-05-27 20:54:00,outpatient,Outpatient procedure,1097.85,664.45
E03876,P0493,2024-03-13 17:50:00,2024-03-13 22:50:00,wellness,Well child visit,96.08,71.62
E03877,P0311,2025-11-26 10:42:00,2025-11-26 12:42:00,ambulatory,Chronic disease check,142.48,72.54
E03878,P0085,2025-11-10 13:23:00,2025-11-10 18:23:00,wellness,Well child visit,221.88,196.49
E03879,P0409,2023-06-15 18:37:00,2023-06-15 19:37:00,ambulatory,Follow-up visit,155.77,102.57
E03880,P0223,2025-12-09 13:54:00,2025-12-09 14:54:00,emergency,ED visit for chest pain,2956.69,1742.26
E03881,P0153,2025-08-22 08:35:00,2025-08-22 11:35:00,ambulatory,Medication review,352.07,271.59
E03882,P0220,2025-01-03 19:21:00,2025-01-04 00:21:00,wellness,Annual wellness visit,104.24,61.76
E03883,P0172,2023-10-28 15:00:00,2023-10-28 19:00:00,wellness,Annual wellness visit,117.02,73.73
E03884,P0290,2024-05-10 18:33:00,2024-05-10 22:33:00,urgentcare,Urgent care visit,282.73,167.13
E03885,P0310,2024-11-20 17:10:00,2024-11-20 20:10:00,wellness,Well child visit,91.16,0
E03886,P0165,2024-08-08 14:04:00,2024-08-08 17:04:00,urgentcare,Urgent care visit,345.97,200.44
E03887,P0241,2025-10-01 10:42:00,2025-10-01 11:42:00,wellness,Annual wellness visit,98.57,49.9
E03888,P0075,2025-08-15 10:28:00,2025-08-15 14:28:00,outpatient,Outpatient procedure,1777.26,1374.1
E03889,P0499,2025-03-10 18:12:00,2025-03-10 22:12:00,wellness,Annual wellness visit,122.78,69.74
E03890,P0374,2025-10-31 14:42:00,2025-10-31 17:42:00,wellness,Annual wellness visit,180.28,120.87
E03891,P0201,2023-07-16 16:54:00,2023-07-16 17:54:00,wellness,Annual wellness visit,95.34,59.2
E03892,P0266,2023-02-16 19:45:00,2023-02-16 23:45:00,ambulatory,Medication review,178.2,100.1
E03893,P0159,2025-07-05 16:31:00,2025-07-05 21:31:00,ambulatory,Follow-up visit,295.83,226.54
E03894,P0264,2025-01-13 17:45:00,2025-01-13 20:45:00,ambulatory,Chronic disease check,145.58,0
E03895,P0408,2023-02-17 17:13:00,2023-02-17 19:13:00,wellness,Well child visit,169.3,104.47
E03896,P0481,2025-01-19 17:53:00,2025-01-19 22:53:00,urgentcare,Urgent care visit,198.35,126.95
E03897,P0252,2024-07-10 14:08:00,2024-07-10 18:08:00,urgentcare,Urgent care visit,582.61,350.72
E03898,P0253,2024-04-23 16:12:00,2024-04-23 20:12:00,urgentcare,Urgent care visit,495.65,395.37
E03899,P0403,2024-10-28 09:13:00,2024-10-28 14:13:00,emergency,Emergency room admission,5711.26,4361.53
E03900,P0200,2023-06-29 16:26:00,2023-06-29 18:26:00,ambulatory,Chronic disease check,243.9,194.16
E03901,P0227,2025-12-18 19:51:00,2025-12-19 00:51:00,wellness,Well child visit,170.39,103.83
E03902,P0418,2023-03-30 17:20:00,2023-03-30 21:20:00,wellness,Annual wellness visit,171.3,120.14
E03903,P0203,2024-10-24 07:59:00,2024-10-24 09:59:00,wellness,Well child visit,128.36,78.58
E03904,P0411,2023-12-05 11:31:00,2023-12-05 13:31:00,outpatient,Outpatient procedure,955.97,615.0
E03905,P0271,2024-11-06 10:01:00,2024-11-06 11:01:00,ambulatory,Follow-up visit,172.27,133.41
E03906,P0200,2024-04-26 15:36:00,2024-04-26 19:36:00,wellness,Annual wellness visit,100.16,58.48
E03907,P0445,2024-08-18 13:30:00,2024-08-18 17:30:00,ambulatory,Chronic disease check,120.19,88.34
E03908,P0031,2025-04-04 11:25:00,2025-04-04 15:25:00,wellness,Well child visit,134.19,106.53
E03909,P0299,2023-06-17 14:16:00,2023-06-17 15:16:00,wellness,Annual wellness visit,119.8,98.83
E03910,P0023,2024-05-01 19:24:00,2024-05-09 22:24:00,inpatient,Admission for pneumonia,33749.03,26307.4
E03911,P0180,2025-04-17 19:07:00,2025-04-18 00:07:00,ambulatory,Medication review,319.07,0
E03912,P0036,2023-04-01 07:43:00,2023-04-01 10:43:00,outpatient,Physical therapy,569.77,422.13
E03913,P0111,2023-09-26 16:16:00,2023-09-26 20:16:00,wellness,Well child visit,204.34,102.27
E03914,P0418,2024-10-04 12:23:00,2024-10-04 13:23:00,wellness,Annual wellness visit,212.63,120.55
E03915,P0174,2025-09-13 10:17:00,2025-09-13 15:17:00,urgentcare,Urgent care visit,155.2,81.86
E03916,P0439,2024-12-25 14:56:00,2024-12-25 15:56:00,wellness,Annual wellness visit,244.1,211.02
E03917,P0287,2023-07-05 17:12:00,2023-07-05 20:12:00,wellness,Annual wellness visit,187.21,107.81
E03918,P0206,2025-02-04 07:37:00,2025-02-04 10:37:00,outpatient,Physical therapy,1039.29,559.09
E03919,P0417,2024-03-31 16:50:00,2024-03-31 20:50:00,outpatient,Outpatient procedure,1470.96,1030.65
E03920,P0408,2023-06-07 15:14:00,2023-06-07 16:14:00,outpatient,Physical therapy,1479.79,924.09
E03921,P0486,2024-02-22 19:04:00,2024-02-22 21:04:00,wellness,Well child visit,210.19,106.55
E03922,P0471,2023-07-27 17:14:00,2023-07-27 21:14:00,emergency,Emergency room admission,1327.02,773.67
E03923,P0072,2024-02-03 11:46:00,2024-02-03 16:46:00,wellness,Annual wellness visit,146.48,75.71
E03924,P0447,2024-06-27 07:42:00,2024-06-27 08:42:00,emergency,Emergency room admission,5712.71,3948.63
E03925,P0347,2025-08-22 15:27:00,2025-08-22 18:27:00,wellness,Well child visit,173.54,113.52
E03926,P0367,2023-01-15 13:37:00,2023-01-15 17:37:00,ambulatory,Medication review,149.74,129.86
E03927,P0485,2025-04-28 19:38:00,2025-05-02 04:38:00,inpatient,Hospital admission,30507.7,26442.24
E03928,P0199,2025-01-28 08:15:00,2025-01-28 12:15:00,ambulatory,Medication review,209.04,112.32
E03929,P0057,2025-06-02 07:49:00,2025-06-02 08:49:00,wellness,Annual wellness visit,176.73,135.53
E03930,P0068,2024-04-16 18:35:00,2024-04-16 23:35:00,emergency,Emergency room admission,5203.16,3008.81
E03931,P0094,2025-11-06 15:27:00,2025-11-06 20:27:00,ambulatory,Follow-up visit,321.78,168.56
E03932,P0404,2023-08-24 11:51:00,2023-08-24 14:51:00,wellness,Annual wellness visit,186.01,155.94
E03933,P0452,2025-03-03 17:48:00,2025-03-03 18:48:00,ambulatory,Chronic disease check,279.8,236.17
E03934,P0025,2025-01-05 07:31:00,2025-01-10 23:31:00,inpatient,Hospital admission,11551.43,6427.13
E03935,P0026,2025-05-14 07:06:00,2025-05-14 12:06:00,urgentcare,Urgent care visit,205.1,166.21
E03936,P0483,2023-01-28 11:19:00,2023-01-28 14:19:00,outpatient,Imaging study,1943.73,1624.83
E03937,P0449,2023-06-04 18:48:00,2023-06-04 23:48:00,ambulatory,Follow-up visit,259.88,156.62
E03938,P0412,2024-04-28 11:39:00,2024-04-28 15:39:00,urgentcare,Urgent care visit,403.77,247.19
E03939,P0449,2025-04-07 07:11:00,2025-04-07 12:11:00,ambulatory,Medication review,310.43,196.49
E03940,P0466,2023-03-13 14:03:00,2023-03-13 16:03:00,emergency,ED visit for chest pain,4430.79,2680.23
E03941,P0204,2024-03-27 18:40:00,2024-03-27 23:40:00,ambulatory,Chronic disease check,298.55,217.52
E03942,P0021,2023-10-18 17:22:00,2023-10-18 20:22:00,ambulatory,Follow-up visit,141.89,108.7
E03943,P0337,2025-01-05 14:45:00,2025-01-05 18:45:00,wellness,Annual wellness visit,235.23,147.37
E03944,P0098,2025-12-28 11:54:00,2025-12-28 15:54:00,outpatient,Imaging study,1193.72,885.65
E03945,P0450,2024-12-08 10:19:00,2024-12-08 11:19:00,outpatient,Imaging study,510.6,356.47
E03946,P0269,2025-03-31 09:06:00,2025-04-07 09:06:00,inpatient,Admission for pneumonia,39633.77,33928.68
E03947,P0164,2023-01-30 09:17:00,2023-01-30 13:17:00,ambulatory,Chronic disease check,156.25,137.96
E03948,P0044,2025-03-10 13:36:00,2025-03-10 15:36:00,wellness,Well child visit,213.0,143.59
E03949,P0394,2025-12-05 09:10:00,2025-12-05 12:10:00,wellness,Well child visit,219.27,186.48
E03950,P0305,2025-04-25 15:14:00,2025-04-25 16:14:00,emergency,ED visit for chest pain,1537.17,1001.3
E03951,P0430,2025-10-02 18:40:00,2025-10-02 21:40:00,ambulatory,Follow-up visit,132.55,113.83
E03952,P0421,2023-09-28 10:31:00,2023-09-28 11:31:00,emergency,Emergency room admission,4555.67,2865.13
E03953,P0141,2024-02-20 12:48:00,2024-02-20 14:48:00,wellness,Well child visit,144.65,120.41
E03954,P0001,2025-12-06 17:34:00,2025-12-06 20:34:00,ambulatory,Follow-up visit,288.06,196.18
E03955,P0056,2023-04-26 12:47:00,2023-04-26 14:47:00,ambulatory,Chronic disease check,122.31,105.59
E03956,P0460,2024-02-12 08:29:00,2024-02-12 10:29:00,wellness,Well child visit,205.04,132.99
E03957,P0212,2024-04-15 11:55:00,2024-04-15 13:55:00,wellness,Annual wellness visit,128.75,101.74
E03958,P0365,2023-06-24 09:30:00,2023-06-24 14:30:00,wellness,Well child visit,133.34,114.09
E03959,P0116,2024-07-21 18:55:00,2024-07-21 19:55:00,outpatient,Outpatient procedure,918.28,755.72
E03960,P0276,2025-09-21 15:44:00,2025-09-21 17:44:00,emergency,Emergency room admission,2252.72,1739.92
E03961,P0326,2025-09-13 17:05:00,2025-09-13 22:05:00,ambulatory,Chronic disease check,162.32,84.09
E03962,P0077,2023-08-24 14:17:00,2023-08-24 19:17:00,wellness,Annual wellness visit,113.56,66.64
E03963,P0319,2025-11-24 08:22:00,2025-11-24 13:22:00,emergency,Emergency room admission,1456.15,1287.3
E03964,P0412,2025-02-23 09:34:00,2025-02-23 12:34:00,outpatient,Imaging study,657.77,419.34
E03965,P0238,2025-06-10 10:42:00,2025-06-10 13:42:00,ambulatory,Chronic disease check,221.25,150.6
E03966,P0145,2024-12-11 09:10:00,2024-12-11 13:10:00,urgentcare,Urgent care visit,245.94,172.38
E03967,P0487,2024-02-05 19:46:00,2024-02-05 23:46:00,ambulatory,Follow-up visit,350.71,219.48
E03968,P0152,2023-09-20 17:54:00,2023-09-20 20:54:00,outpatient,Outpatient procedure,745.72,393.03
E03969,P0239,2024-01-18 16:26:00,2024-01-20 22:26:00,inpatient,Hospital admission,17258.04,10367.01
E03970,P0188,2025-12-15 10:11:00,2025-12-15 15:11:00,wellness,Annual wellness visit,243.95,122.67
E03971,P0135,2025-08-26 14:25:00,2025-08-26 18:25:00,ambulatory,Medication review,376.22,194.77
E03972,P0066,2025-10-11 12:06:00,2025-10-11 15:06:00,ambulatory,Medication review,317.9,215.76
E03973,P0371,2023-04-24 17:40:00,2023-04-24 21:40:00,outpatient,Outpatient procedure,989.49,0
E03974,P0351,2024-03-16 19:13:00,2024-03-16 23:13:00,urgentcare,Urgent care visit,399.95,216.41
E03975,P0398,2023-10-07 13:45:00,2023-10-07 15:45:00,urgentcare,Urgent care visit,192.88,133.53
E03976,P0152,2023-06-18 11:23:00,2023-06-18 14:23:00,outpatient,Physical therapy,783.71,648.61
E03977,P0008,2023-06-17 11:44:00,2023-06-17 14:44:00,urgentcare,Urgent care visit,309.96,0
E03978,P0477,2025-08-02 12:19:00,2025-08-02 15:19:00,ambulatory,Follow-up visit,380.84,200.95
E03979,P0408,2025-09-07 08:39:00,2025-09-07 09:39:00,outpatient,Imaging study,1803.76,1065.5
E03980,P0420,2024-07-20 16:54:00,2024-07-20 20:54:00,wellness,Well child visit,116.34,97.35
E03981,P0240,2023-02-21 19:48:00,2023-02-21 20:48:00,wellness,Well child visit,209.41,123.66
E03982,P0155,2025-10-13 13:13:00,2025-10-13 18:13:00,ambulatory,Medication review,316.28,248.84
E03983,P0321,2025-12-22 15:56:00,2025-12-22 20:56:00,wellness,Well child visit,104.77,73.83
E03984,P0028,2023-09-25 08:58:00,2023-09-25 11:58:00,emergency,Emergency room admission,3820.71,2673.18
E03985,P0131,2025-06-14 10:44:00,2025-06-14 15:44:00,wellness,Well child visit,110.41,80.97
E03986,P0024,2024-03-07 10:39:00,2024-03-10 16:39:00,inpatient,Hospital admission,11446.06,6772.0
E03987,P0309,2023-03-25 14:29:00,2023-03-25 15:29:00,ambulatory,Follow-up visit,201.15,0
E03988,P0352,2024-10-01 19:29:00,2024-10-02 00:29:00,wellness,Well child visit,124.93,90.23
E03989,P0159,2025-10-13 11:21:00,2025-10-13 12:21:00,ambulatory,Follow-up visit,248.53,164.3
E03990,P0211,2024-12-24 13:51:00,2024-12-24 14:51:00,emergency,ED visit for chest pain,919.03,598.33
E03991,P0368,2023-11-13 09:03:00,2023-11-13 11:03:00,wellness,Annual wellness visit,215.99,118.44
E03992,P0425,2025-10-28 14:05:00,2025-10-28 19:05:00,emergency,ED visit for chest pain,1741.67,1402.08
E03993,P0069,2024-03-17 17:13:00,2024-03-17 19:13:00,ambulatory,Follow-up visit,175.32,151.22
E03994,P0370,2025-06-01 16:43:00,2025-06-01 18:43:00,urgentcare,Urgent care visit,448.02,385.32
E03995,P0206,2025-03-24 07:33:00,2025-03-24 10:33:00,outpatient,Outpatient procedure,1494.78,803.89
E03996,P0104,2024-06-25 10:30:00,2024-06-25 13:30:00,wellness,Well child visit,173.37,126.79
E03997,P0288,2025-12-02 18:13:00,2025-12-02 21:13:00,wellness,Well child visit,247.03,0
E03998,P0180,2024-06-19 10:05:00,2024-06-19 11:05:00,wellness,Well child visit,94.65,0
E03999,P0384,2023-06-30 15:05:00,2023-06-30 16:05:00,wellness,Annual wellness visit,139.11,113.47
E04000,P0130,2025-12-19 08:37:00,2025-12-19 09:37:00,outpatient,Physical therapy,1816.45,1153.85
E04001,P0180,2025-02-01 16:46:00,2025-02-01 19:46:00,emergency,Emergency room admission,1751.29,0
E04002,P0256,2024-02-09 08:46:00,2024-02-09 10:46:00,ambulatory,Chronic disease check,333.66,192.64
E04003,P0353,2025-10-13 10:01:00,2025-10-13 14:01:00,ambulatory,Chronic disease check,231.93,164.18
E04004,P0244,2024-03-05 13:09:00,2024-03-05 18:09:00,ambulatory,Follow-up visit,239.04,199.21
E04005,P0159,2024-06-10 17:09:00,2024-06-10 18:09:00,wellness,Annual wellness visit,183.57,148.65
E04006,P0285,2024-09-01 10:03:00,2024-09-01 14:03:00,wellness,Annual wellness visit,215.86,124.51
E04007,P0312,2025-09-30 13:55:00,2025-09-30 14:55:00,outpatient,Outpatient procedure,1099.3,0
E04008,P0017,2023-06-17 10:49:00,2023-06-17 15:49:00,wellness,Well child visit,107.0,76.0
E04009,P0001,2024-01-11 19:47:00,2024-01-11 21:47:00,ambulatory,Chronic disease check,235.56,164.83
E04010,P0081,2024-06-19 16:59:00,2024-06-19 21:59:00,urgentcare,Urgent care visit,155.74,131.69
E04011,P0269,2023-07-19 13:33:00,2023-07-24 05:33:00,inpatient,Hospital admission,34067.63,21283.63
E04012,P0322,2023-07-03 12:50:00,2023-07-10 15:50:00,inpatient,Hospital admission,13621.84,8889.18
E04013,P0314,2025-02-19 14:52:00,2025-02-19 16:52:00,emergency,Emergency room admission,2874.23,2561.29
E04014,P0300,2023-08-31 07:46:00,2023-08-31 09:46:00,outpatient,Imaging study,1975.69,0
E04015,P0093,2024-04-03 18:30:00,2024-04-03 20:30:00,ambulatory,Medication review,136.0,111.44
E04016,P0291,2023-11-21 11:33:00,2023-11-21 14:33:00,ambulatory,Chronic disease check,293.73,159.03
E04017,P0433,2025-01-15 13:10:00,2025-01-15 17:10:00,urgentcare,Urgent care visit,428.13,345.62
E04018,P0251,2023-08-31 08:58:00,2023-08-31 11:58:00,ambulatory,Medication review,206.31,111.07
E04019,P0495,2025-10-19 10:30:00,2025-10-19 12:30:00,ambulatory,Chronic disease check,324.44,162.82
E04020,P0495,2025-11-06 12:48:00,2025-11-06 16:48:00,ambulatory,Medication review,262.35,187.43
E04021,P0329,2025-05-10 19:52:00,2025-05-10 20:52:00,outpatient,Physical therapy,376.85,240.13
E04022,P0310,2024-12-11 15:32:00,2024-12-11 19:32:00,ambulatory,Chronic disease check,396.17,0
E04023,P0442,2024-08-23 10:37:00,2024-08-23 12:37:00,urgentcare,Urgent care visit,596.79,363.76
E04024,P0453,2023-12-11 13:31:00,2023-12-11 15:31:00,ambulatory,Chronic disease check,162.11,135.5
E04025,P0337,2024-12-19 17:08:00,2024-12-19 21:08:00,ambulatory,Chronic disease check,346.37,275.07
E04026,P0266,2025-03-04 13:34:00,2025-03-04 18:34:00,ambulatory,Medication review,192.6,145.07
E04027,P0498,2023-06-10 12:57:00,2023-06-10 15:57:00,ambulatory,Medication review,355.75,211.83
E04028,P0438,2024-06-01 12:27:00,2024-06-01 13:27:00,ambulatory,Follow-up visit,320.73,192.85
E04029,P0397,2025-06-25 15:27:00,2025-06-25 17:27:00,ambulatory,Follow-up visit,288.14,208.52
E04030,P0140,2025-12-09 17:25:00,2025-12-09 21:25:00,outpatient,Outpatient procedure,992.61,751.08
E04031,P0133,2023-02-25 11:02:00,2023-02-25 15:02:00,ambulatory,Chronic disease check,345.32,211.29
E04032,P0444,2025-09-14 15:57:00,2025-09-14 16:57:00,emergency,Emergency room admission,2810.45,1628.62
E04033,P0274,2025-04-05 16:54:00,2025-04-05 18:54:00,ambulatory,Medication review,172.23,94.44
E04034,P0209,2024-09-12 19:38:00,2024-09-13 00:38:00,outpatient,Imaging study,394.38,325.19
E04035,P0015,2025-07-28 10:34:00,2025-07-28 11:34:00,ambulatory,Chronic disease check,390.93,209.13
E04036,P0001,2025-03-02 10:43:00,2025-03-02 12:43:00,outpatient,Physical therapy,2083.76,1256.56
E04037,P0016,2023-04-04 19:35:00,2023-04-04 21:35:00,ambulatory,Medication review,234.13,138.65
E04038,P0273,2025-06-03 10:30:00,2025-06-03 12:30:00,ambulatory,Chronic disease check,369.44,253.77
E04039,P0332,2025-03-18 14:22:00,2025-03-18 15:22:00,ambulatory,Follow-up visit,189.34,163.09
E04040,P0101,2025-08-29 11:30:00,2025-08-29 12:30:00,urgentcare,Urgent care visit,301.05,244.76
E04041,P0363,2024-08-03 08:11:00,2024-08-05 21:11:00,inpatient,Hospital admission,35822.28,20476.58
E04042,P0251,2025-09-16 16:06:00,2025-09-16 17:06:00,ambulatory,Medication review,310.98,196.28
E04043,P0201,2025-11-26 11:28:00,2025-11-26 16:28:00,wellness,Well child visit,230.98,167.76
E04044,P0241,2024-02-07 11:01:00,2024-02-07 12:01:00,wellness,Well child visit,158.34,95.11
E04045,P0456,2025-01-30 11:36:00,2025-01-30 15:36:00,ambulatory,Follow-up visit,267.87,225.55
E04046,P0012,2024-12-05 18:24:00,2024-12-05 20:24:00,emergency,Emergency room admission,2990.46,2404.96
E04047,P0015,2025-12-17 15:01:00,2025-12-17 18:01:00,outpatient,Imaging study,1251.97,656.26
E04048,P0044,2023-09-03 09:43:00,2023-09-03 14:43:00,outpatient,Physical therapy,701.13,462.5
E04049,P0049,2023-08-13 09:10:00,2023-08-13 11:10:00,emergency,ED visit for chest pain,3409.12,2200.81
E04050,P0331,2024-09-01 18:28:00,2024-09-01 19:28:00,ambulatory,Follow-up visit,315.97,0
E04051,P0466,2025-10-17 14:01:00,2025-10-17 19:01:00,emergency,ED visit for chest pain,3174.06,2750.85
E04052,P0259,2023-01-24 15:21:00,2023-01-24 20:21:00,urgentcare,Urgent care visit,179.76,135.03
E04053,P0386,2025-01-14 09:01:00,2025-01-14 10:01:00,ambulatory,Chronic disease check,349.23,180.32
E04054,P0019,2025-12-16 10:29:00,2025-12-24 03:29:00,inpatient,Admission for pneumonia,29144.83,19717.85
E04055,P0375,2024-02-06 07:10:00,2024-02-06 09:10:00,wellness,Well child visit,130.69,89.52
E04056,P0222,2024-11-03 18:15:00,2024-11-03 21:15:00,emergency,Emergency room admission,4419.51,3744.17
E04057,P0450,2023-09-22 15:10:00,2023-09-22 17:10:00,wellness,Annual wellness visit,172.25,99.16
E04058,P0444,2025-11-02 11:10:00,2025-11-02 15:10:00,ambulatory,Chronic disease check,345.0,206.41
E04059,P0486,2025-10-05 19:42:00,2025-10-06 00:42:00,wellness,Well child visit,142.1,124.94
E04060,P0137,2024-10-08 19:40:00,2024-10-09 00:40:00,emergency,Emergency room admission,1999.62,0
E04061,P0096,2023-03-10 14:52:00,2023-03-19 06:52:00,inpatient,Admission for pneumonia,36173.8,18160.39
E04062,P0366,2023-11-13 14:13:00,2023-11-13 19:13:00,urgentcare,Urgent care visit,431.25,0
E04063,P0064,2023-11-22 10:31:00,2023-11-22 11:31:00,outpatient,Physical therapy,2277.65,2002.13
E04064,P0338,2025-02-19 10:20:00,2025-02-19 12:20:00,outpatient,Physical therapy,346.93,287.61
E04065,P0085,2025-01-03 13:49:00,2025-01-03 16:49:00,emergency,Emergency room admission,2250.16,2005.77
E04066,P0016,2023-08-29 13:01:00,2023-08-29 16:01:00,ambulatory,Follow-up visit,345.43,283.85
E04067,P0350,2023-12-01 07:26:00,2023-12-01 08:26:00,ambulatory,Medication review,160.87,119.64
E04068,P0111,2024-10-30 07:04:00,2024-10-30 08:04:00,wellness,Annual wellness visit,136.75,72.66
E04069,P0486,2023-03-21 19:56:00,2023-03-21 23:56:00,ambulatory,Follow-up visit,381.32,313.86
E04070,P0029,2023-09-12 18:49:00,2023-09-12 19:49:00,ambulatory,Follow-up visit,278.65,240.7
E04071,P0178,2024-08-12 19:05:00,2024-08-12 23:05:00,wellness,Well child visit,124.8,84.54
E04072,P0423,2025-07-04 10:29:00,2025-07-04 15:29:00,ambulatory,Medication review,347.18,194.47
E04073,P0426,2024-11-01 11:02:00,2024-11-01 16:02:00,outpatient,Imaging study,2125.71,1792.42
E04074,P0275,2023-10-25 18:34:00,2023-10-25 20:34:00,wellness,Annual wellness visit,212.35,143.26
E04075,P0141,2024-12-28 08:40:00,2024-12-28 13:40:00,emergency,ED visit for chest pain,2650.81,1712.56
E04076,P0240,2025-12-17 15:58:00,2025-12-17 16:58:00,outpatient,Imaging study,1040.4,766.46
E04077,P0125,2025-11-17 09:06:00,2025-11-17 14:06:00,wellness,Well child visit,157.72,132.17
E04078,P0135,2025-07-17 13:36:00,2025-07-17 14:36:00,outpatient,Imaging study,1785.46,903.37
E04079,P0363,2025-11-15 16:27:00,2025-11-15 19:27:00,urgentcare,Urgent care visit,413.34,352.96
E04080,P0433,2023-03-04 15:42:00,2023-03-04 20:42:00,ambulatory,Chronic disease check,158.14,97.29
E04081,P0365,2024-05-01 12:40:00,2024-05-01 13:40:00,wellness,Well child visit,160.98,118.85
E04082,P0185,2024-12-22 17:15:00,2024-12-22 19:15:00,ambulatory,Chronic disease check,223.11,0
E04083,P0261,2023-05-07 15:39:00,2023-05-07 17:39:00,ambulatory,Chronic disease check,305.93,206.64
E04084,P0169,2025-07-14 17:42:00,2025-07-14 21:42:00,ambulatory,Chronic disease check,381.46,247.51
E04085,P0448,2024-08-04 19:05:00,2024-08-04 20:05:00,wellness,Well child visit,110.19,61.64
E04086,P0148,2024-05-23 15:14:00,2024-05-23 20:14:00,outpatient,Outpatient procedure,1333.86,676.01
E04087,P0032,2024-11-08 13:12:00,2024-11-08 18:12:00,outpatient,Physical therapy,2463.2,2051.48
E04088,P0292,2025-05-02 14:52:00,2025-05-02 17:52:00,outpatient,Outpatient procedure,2328.45,1570.66
E04089,P0068,2024-11-29 14:11:00,2024-11-29 18:11:00,wellness,Well child visit,108.79,70.24
E04090,P0114,2023-03-03 09:52:00,2023-03-03 13:52:00,ambulatory,Chronic disease check,240.66,180.41
E04091,P0406,2024-09-08 09:06:00,2024-09-08 11:06:00,wellness,Annual wellness visit,235.8,0
E04092,P0252,2025-09-15 13:46:00,2025-09-15 16:46:00,wellness,Annual wellness visit,121.58,106.6
E04093,P0419,2023-08-20 18:50:00,2023-08-20 20:50:00,ambulatory,Chronic disease check,197.37,170.24
E04094,P0327,2023-04-25 12:47:00,2023-04-25 15:47:00,urgentcare,Urgent care visit,582.17,420.49
E04095,P0405,2024-12-29 17:37:00,2024-12-29 20:37:00,wellness,Well child visit,232.04,201.75
E04096,P0411,2023-09-09 14:14:00,2023-09-09 19:14:00,wellness,Annual wellness visit,243.01,141.29
E04097,P0407,2025-09-17 18:56:00,2025-09-24 04:56:00,inpatient,Hospital admission,20101.88,14557.71
E04098,P0401,2023-01-16 12:08:00,2023-01-16 17:08:00,outpatient,Physical therapy,501.65,334.58
E04099,P0368,2024-02-16 08:21:00,2024-02-16 12:21:00,wellness,Well child visit,104.21,80.47
E04100,P0287,2023-11-21 08:35:00,2023-11-21 13:35:00,ambulatory,Follow-up visit,247.9,146.07
E04101,P0285,2023-04-05 17:30:00,2023-04-05 19:30:00,ambulatory,Medication review,363.7,280.77
E04102,P0019,2025-11-26 15:38:00,2025-11-26 20:38:00,ambulatory,Medication review,218.07,111.17
E04103,P0046,2025-01-31 16:25:00,2025-01-31 18:25:00,wellness,Annual wellness visit,185.55,100.79
E04104,P0431,2023-03-31 09:45:00,2023-03-31 13:45:00,wellness,Annual wellness visit,135.61,100.95
E04105,P0098,2024-05-01 19:04:00,2024-05-01 21:04:00,outpatient,Imaging study,2368.95,1414.73
E04106,P0301,2023-01-05 18:21:00,2023-01-05 20:21:00,wellness,Well child visit,176.93,125.18
E04107,P0484,2023-05-09 16:33:00,2023-05-09 21:33:00,outpatient,Physical therapy,1652.86,1022.89
E04108,P0488,2025-11-30 08:41:00,2025-11-30 12:41:00,emergency,ED visit for chest pain,4841.92,3203.76
E04109,P0383,2023-10-04 19:36:00,2023-10-04 20:36:00,emergency,ED visit for chest pain,3672.76,2589.3
E04110,P0048,2024-01-17 19:40:00,2024-01-17 23:40:00,wellness,Well child visit,159.59,97.55
E04111,P0373,2024-09-20 11:41:00,2024-09-20 12:41:00,urgentcare,Urgent care visit,265.95,0
E04112,P0393,2023-12-07 19:59:00,2023-12-07 23:59:00,outpatient,Imaging study,1618.4,0
E04113,P0209,2024-11-01 15:50:00,2024-11-01 16:50:00,wellness,Well child visit,199.3,135.02
E04114,P0438,2023-12-12 12:18:00,2023-12-12 16:18:00,ambulatory,Medication review,267.41,143.15
E04115,P0478,2025-02-25 17:24:00,2025-02-25 19:24:00,emergency,ED visit for chest pain,5912.07,3545.64
E04116,P0415,2025-06-14 13:53:00,2025-06-14 16:53:00,ambulatory,Follow-up visit,303.01,226.05
E04117,P0006,2025-02-14 16:57:00,2025-02-14 17:57:00,emergency,ED visit for chest pain,5219.14,3169.62
E04118,P0490,2025-03-10 14:08:00,2025-03-10 19:08:00,ambulatory,Follow-up visit,137.89,105.42
E04119,P0276,2023-10-12 16:50:00,2023-10-12 18:50:00,wellness,Annual wellness visit,128.88,78.17
E04120,P0287,2024-01-16 07:53:00,2024-01-16 09:53:00,ambulatory,Follow-up visit,250.96,174.26
E04121,P0286,2023-04-20 13:36:00,2023-04-20 14:36:00,urgentcare,Urgent care visit,241.69,0
E04122,P0252,2025-12-02 12:34:00,2025-12-02 16:34:00,emergency,Emergency room admission,3457.36,3012.39
E04123,P0404,2025-02-27 18:42:00,2025-02-27 21:42:00,ambulatory,Chronic disease check,309.22,236.56
E04124,P0334,2025-01-31 14:51:00,2025-01-31 19:51:00,urgentcare,Urgent care visit,323.42,168.71
E04125,P0181,2023-09-27 13:45:00,2023-09-27 17:45:00,ambulatory,Chronic disease check,302.46,228.56
E04126,P0482,2024-03-15 14:04:00,2024-03-15 16:04:00,outpatient,Outpatient procedure,664.34,429.87
E04127,P0055,2025-06-08 13:03:00,2025-06-08 15:03:00,wellness,Well child visit,231.25,132.05
E04128,P0032,2023-06-29 18:41:00,2023-06-29 23:41:00,wellness,Well child visit,159.01,108.5
E04129,P0052,2023-10-09 07:51:00,2023-10-09 09:51:00,emergency,Emergency room admission,2561.57,1866.51
E04130,P0271,2023-02-14 12:48:00,2023-02-14 16:48:00,ambulatory,Follow-up visit,224.74,133.53
E04131,P0163,2024-10-16 07:50:00,2024-10-16 12:50:00,emergency,ED visit for chest pain,1346.71,1206.05
E04132,P0468,2024-01-16 19:06:00,2024-01-17 00:06:00,wellness,Well child visit,170.11,146.23
E04133,P0211,2024-02-24 10:10:00,2024-02-24 14:10:00,outpatient,Physical therapy,1777.56,1398.35
E04134,P0400,2024-02-29 10:29:00,2024-02-29 15:29:00,wellness,Well child visit,105.33,54.37
E04135,P0381,2023-06-08 19:34:00,2023-06-08 23:34:00,urgentcare,Urgent care visit,169.45,94.97
E04136,P0309,2024-07-01 12:57:00,2024-07-01 16:57:00,wellness,Well child visit,234.03,0
E04137,P0298,2025-04-12 13:10:00,2025-04-12 18:10:00,urgentcare,Urgent care visit,419.37,351.81
E04138,P0243,2024-01-05 12:59:00,2024-01-05 17:59:00,wellness,Annual wellness visit,189.27,167.12
E04139,P0411,2024-10-10 15:35:00,2024-10-10 17:35:00,wellness,Annual wellness visit,97.16,72.97
E04140,P0246,2025-01-20 09:06:00,2025-01-20 11:06:00,outpatient,Outpatient procedure,388.33,195.85
E04141,P0385,2023-10-14 08:51:00,2023-10-14 12:51:00,wellness,Well child visit,177.96,109.45
E04142,P0412,2025-07-30 08:52:00,2025-07-30 11:52:00,emergency,Emergency room admission,5991.55,5311.93
E04143,P0080,2024-05-18 08:24:00,2024-05-18 13:24:00,wellness,Well child visit,110.2,66.07
E04144,P0045,2025-05-20 14:01:00,2025-05-20 17:01:00,wellness,Annual wellness visit,153.7,87.64
E04145,P0104,2025-04-27 13:04:00,2025-04-27 16:04:00,ambulatory,Chronic disease check,262.85,211.63
E04146,P0129,2024-11-10 12:46:00,2024-11-10 14:46:00,ambulatory,Follow-up visit,237.88,204.03
E04147,P0346,2025-08-26 19:45:00,2025-08-26 20:45:00,wellness,Well child visit,113.04,61.62
E04148,P0004,2024-12-30 19:46:00,2024-12-30 23:46:00,emergency,Emergency room admission,3704.28,2483.74
E04149,P0002,2023-06-05 08:12:00,2023-06-05 10:12:00,ambulatory,Medication review,143.3,76.88
E04150,P0197,2024-02-19 10:04:00,2024-02-19 12:04:00,ambulatory,Follow-up visit,222.19,162.14
E04151,P0118,2024-04-18 07:17:00,2024-04-18 10:17:00,urgentcare,Urgent care visit,272.69,216.42
E04152,P0359,2023-06-17 14:08:00,2023-06-17 17:08:00,ambulatory,Follow-up visit,252.46,216.75
E04153,P0298,2023-10-25 08:50:00,2023-10-25 13:50:00,wellness,Annual wellness visit,126.35,76.89
E04154,P0203,2025-04-24 19:47:00,2025-04-25 00:47:00,outpatient,Physical therapy,2025.07,1764.93
E04155,P0170,2023-02-20 09:26:00,2023-02-20 10:26:00,outpatient,Physical therapy,970.09,836.57
E04156,P0166,2025-10-30 07:33:00,2025-10-30 10:33:00,outpatient,Physical therapy,516.76,304.14
E04157,P0146,2025-01-17 19:20:00,2025-01-17 21:20:00,ambulatory,Chronic disease check,182.8,106.25
E04158,P0122,2025-09-14 19:05:00,2025-09-14 22:05:00,wellness,Annual wellness visit,201.98,138.6
E04159,P0446,2024-07-31 09:02:00,2024-07-31 13:02:00,wellness,Well child visit,213.37,126.6
E04160,P0476,2023-10-28 08:38:00,2023-10-28 12:38:00,ambulatory,Medication review,123.0,74.76
E04161,P0032,2024-01-12 12:49:00,2024-01-12 17:49:00,wellness,Annual wellness visit,117.14,98.99
E04162,P0472,2025-08-21 08:34:00,2025-08-21 12:34:00,emergency,ED visit for chest pain,4173.91,2722.53
E04163,P0056,2025-06-29 13:23:00,2025-06-29 14:23:00,ambulatory,Follow-up visit,219.29,152.94
E04164,P0379,2024-05-04 07:31:00,2024-05-04 08:31:00,wellness,Well child visit,246.97,0
E04165,P0370,2023-06-21 13:27:00,2023-06-21 18:27:00,ambulatory,Follow-up visit,335.34,200.85
E04166,P0334,2024-03-09 13:24:00,2024-03-09 16:24:00,wellness,Annual wellness visit,192.97,136.56
E04167,P0366,2024-09-06 07:44:00,2024-09-06 11:44:00,urgentcare,Urgent care visit,307.67,0
E04168,P0476,2024-12-27 09:32:00,2025-01-06 06:32:00,inpatient,Hospital admission,17357.66,15145.57
E04169,P0189,2025-10-15 13:31:00,2025-10-15 16:31:00,ambulatory,Chronic disease check,121.88,80.05
E04170,P0446,2024-10-18 14:15:00,2024-10-18 16:15:00,wellness,Annual wellness visit,194.41,132.21
E04171,P0298,2023-11-24 14:00:00,2023-11-24 15:00:00,outpatient,Physical therapy,1972.19,1504.9
E04172,P0404,2023-05-13 09:04:00,2023-05-13 14:04:00,outpatient,Outpatient procedure,1259.44,1002.26
E04173,P0014,2024-03-27 14:26:00,2024-03-29 14:26:00,inpatient,Hospital admission,25979.59,19116.48
E04174,P0433,2023-05-18 18:09:00,2023-05-18 22:09:00,ambulatory,Follow-up visit,133.71,120.05
E04175,P0256,2023-12-11 16:00:00,2023-12-11 17:00:00,outpatient,Physical therapy,1058.4,811.57
E04176,P0269,2025-10-02 15:27:00,2025-10-02 16:27:00,ambulatory,Medication review,143.7,105.69
E04177,P0069,2025-11-03 09:12:00,2025-11-03 10:12:00,outpatient,Imaging study,531.4,356.42
E04178,P0336,2025-04-01 12:13:00,2025-04-01 16:13:00,urgentcare,Urgent care visit,162.68,110.6
E04179,P0326,2025-01-11 13:39:00,2025-01-11 18:39:00,ambulatory,Medication review,312.04,258.05
E04180,P0077,2023-09-04 10:29:00,2023-09-04 13:29:00,wellness,Well child visit,154.2,126.26
E04181,P0375,2023-12-24 13:00:00,2023-12-24 14:00:00,ambulatory,Chronic disease check,133.64,72.48
E04182,P0240,2025-12-11 14:06:00,2025-12-11 18:06:00,outpatient,Physical therapy,716.1,392.61
E04183,P0067,2025-09-30 19:24:00,2025-09-30 23:24:00,outpatient,Imaging study,876.71,769.36
E04184,P0145,2024-05-03 13:22:00,2024-05-03 18:22:00,ambulatory,Medication review,379.98,293.05
E04185,P0171,2024-09-20 10:41:00,2024-09-20 15:41:00,outpatient,Imaging study,817.43,606.34
E04186,P0303,2023-09-12 10:01:00,2023-09-12 13:01:00,ambulatory,Follow-up visit,160.49,134.32
E04187,P0314,2025-02-17 11:20:00,2025-02-17 15:20:00,wellness,Annual wellness visit,192.47,107.68
E04188,P0415,2023-07-02 16:42:00,2023-07-02 20:42:00,ambulatory,Medication review,389.41,224.17
E04189,P0190,2023-03-18 10:37:00,2023-03-18 11:37:00,wellness,Well child visit,129.25,93.41
E04190,P0021,2025-03-16 16:03:00,2025-03-16 18:03:00,ambulatory,Medication review,264.37,208.71
E04191,P0245,2024-04-27 12:37:00,2024-04-27 15:37:00,ambulatory,Medication review,169.82,96.57
E04192,P0070,2024-07-20 16:22:00,2024-07-20 20:22:00,ambulatory,Medication review,191.0,104.97
E04193,P0096,2025-04-05 17:05:00,2025-04-05 22:05:00,ambulatory,Medication review,175.15,113.38
E04194,P0232,2023-12-05 09:10:00,2023-12-05 11:10:00,wellness,Annual wellness visit,182.64,123.5
E04195,P0236,2024-11-18 07:08:00,2024-11-18 09:08:00,ambulatory,Chronic disease check,278.94,215.97
E04196,P0416,2025-02-03 19:56:00,2025-02-03 20:56:00,urgentcare,Urgent care visit,292.32,227.16
E04197,P0254,2023-06-11 14:49:00,2023-06-11 17:49:00,outpatient,Outpatient procedure,748.45,574.61
E04198,P0109,2024-10-15 10:31:00,2024-10-15 13:31:00,ambulatory,Medication review,189.34,100.46
E04199,P0354,2024-12-21 07:32:00,2024-12-21 12:32:00,ambulatory,Chronic disease check,159.4,0
E04200,P0081,2024-07-10 15:47:00,2024-07-10 16:47:00,wellness,Annual wellness visit,207.29,135.2
E04201,P0360,2025-07-12 17:59:00,2025-07-12 20:59:00,emergency,Emergency room admission,5958.24,5081.33
E04202,P0132,2023-07-25 13:56:00,2023-07-25 18:56:00,wellness,Well child visit,150.41,133.95
E04203,P0413,2024-10-07 12:32:00,2024-10-07 13:32:00,ambulatory,Chronic disease check,231.93,137.1
E04204,P0473,2024-07-12 11:32:00,2024-07-12 12:32:00,ambulatory,Medication review,136.92,72.15
E04205,P0154,2025-09-23 19:46:00,2025-09-24 00:46:00,wellness,Annual wellness visit,165.83,106.05
E04206,P0431,2023-08-23 07:01:00,2023-08-23 08:01:00,ambulatory,Follow-up visit,358.22,251.46
E04207,P0450,2025-05-01 17:25:00,2025-05-01 22:25:00,outpatient,Outpatient procedure,1711.3,1512.37
E04208,P0391,2024-05-17 13:18:00,2024-05-17 17:18:00,urgentcare,Urgent care visit,587.01,342.85
E04209,P0158,2023-06-08 08:43:00,2023-06-08 09:43:00,urgentcare,Urgent care visit,296.23,152.57
E04210,P0097,2025-01-26 13:45:00,2025-01-26 14:45:00,wellness,Well child visit,192.88,118.53
E04211,P0478,2023-11-27 13:33:00,2023-11-27 15:33:00,emergency,ED visit for chest pain,2439.63,2106.47
E04212,P0146,2023-11-30 07:03:00,2023-11-30 09:03:00,ambulatory,Follow-up visit,389.22,247.81
E04213,P0129,2023-12-14 09:27:00,2023-12-14 11:27:00,urgentcare,Urgent care visit,406.33,282.84
E04214,P0441,2025-06-29 11:12:00,2025-06-29 14:12:00,wellness,Well child visit,126.65,82.73
E04215,P0032,2024-11-28 11:25:00,2024-11-28 15:25:00,emergency,Emergency room admission,4394.42,2930.41
E04216,P0408,2025-12-12 08:18:00,2025-12-12 09:18:00,urgentcare,Urgent care visit,348.67,189.45
E04217,P0098,2023-06-02 11:25:00,2023-06-02 12:25:00,ambulatory,Follow-up visit,327.26,283.1
E04218,P0085,2023-08-07 15:19:00,2023-08-07 18:19:00,wellness,Well child visit,153.9,108.63
E04219,P0464,2025-06-12 11:19:00,2025-06-12 12:19:00,outpatient,Imaging study,1463.32,889.59
E04220,P0099,2024-02-08 14:25:00,2024-02-08 18:25:00,wellness,Annual wellness visit,147.55,82.07
E04221,P0175,2023-05-18 12:36:00,2023-05-25 02:36:00,inpatient,Admission for pneumonia,29685.84,21396.67
E04222,P0225,2023-07-22 18:22:00,2023-07-22 21:22:00,outpatient,Physical therapy,1899.46,1079.22
E04223,P0031,2023-12-30 19:35:00,2023-12-30 22:35:00,outpatient,Outpatient procedure,1603.83,856.86
E04224,P0300,2023-07-30 18:06:00,2023-07-30 21:06:00,emergency,ED visit for chest pain,1716.17,0
E04225,P0258,2023-08-14 11:51:00,2023-08-14 12:51:00,wellness,Annual wellness visit,210.17,173.65
E04226,P0493,2025-03-23 16:51:00,2025-03-23 21:51:00,ambulatory,Follow-up visit,173.08,106.24
E04227,P0087,2023-11-12 07:05:00,2023-11-12 08:05:00,ambulatory,Medication review,352.08,180.34
E04228,P0231,2023-03-29 09:35:00,2023-03-29 10:35:00,ambulatory,Medication review,293.4,222.59
E04229,P0360,2025-10-27 15:45:00,2025-10-27 20:45:00,ambulatory,Chronic disease check,229.48,172.04
E04230,P0279,2023-10-28 14:54:00,2023-10-28 16:54:00,wellness,Annual wellness visit,240.32,143.93
E04231,P0198,2024-10-31 17:21:00,2024-10-31 18:21:00,ambulatory,Chronic disease check,375.68,331.59
E04232,P0356,2023-09-11 12:20:00,2023-09-11 14:20:00,outpatient,Physical therapy,2050.97,1118.75
E04233,P0336,2023-07-14 08:40:00,2023-07-14 10:40:00,wellness,Well child visit,99.86,85.19
E04234,P0112,2025-04-04 16:06:00,2025-04-04 18:06:00,wellness,Annual wellness visit,231.95,142.86
E04235,P0279,2023-01-26 19:24:00,2023-01-26 21:24:00,wellness,Well child visit,113.61,74.73
E04236,P0483,2023-06-17 17:44:00,2023-06-17 19:44:00,ambulatory,Follow-up visit,399.74,201.47
E04237,P0072,2024-06-02 09:42:00,2024-06-02 11:42:00,ambulatory,Chronic disease check,270.33,221.65
E04238,P0417,2025-02-27 07:30:00,2025-02-27 10:30:00,ambulatory,Medication review,336.37,291.8
E04239,P0102,2025-10-07 17:55:00,2025-10-07 21:55:00,outpatient,Imaging study,1858.32,1153.93
E04240,P0498,2025-10-19 15:18:00,2025-10-19 17:18:00,ambulatory,Chronic disease check,141.01,107.18
E04241,P0092,2023-04-17 07:20:00,2023-04-17 09:20:00,urgentcare,Urgent care visit,524.65,0
E04242,P0452,2023-05-30 07:19:00,2023-05-30 12:19:00,urgentcare,Urgent care visit,471.61,418.13
E04243,P0075,2025-08-04 09:20:00,2025-08-04 12:20:00,wellness,Well child visit,134.24,85.72
E04244,P0454,2025-12-25 17:06:00,2025-12-25 19:06:00,wellness,Well child visit,184.96,166.32
E04245,P0223,2024-04-24 16:54:00,2024-04-24 21:54:00,urgentcare,Urgent care visit,293.58,172.57
E04246,P0337,2023-12-13 15:43:00,2023-12-13 20:43:00,wellness,Well child visit,120.52,91.5
E04247,P0497,2023-12-07 14:50:00,2023-12-07 19:50:00,outpatient,Physical therapy,1732.0,880.79
E04248,P0453,2023-03-23 11:40:00,2023-03-27 09:40:00,inpatient,Hospital admission,28124.26,18025.2
E04249,P0469,2024-04-18 08:20:00,2024-04-18 13:20:00,ambulatory,Chronic disease check,291.97,213.58
E04250,P0037,2025-05-23 18:38:00,2025-05-23 23:38:00,urgentcare,Urgent care visit,416.93,317.0
E04251,P0164,2025-08-15 19:17:00,2025-08-15 20:17:00,wellness,Well child visit,145.39,129.89
E04252,P0336,2025-09-08 13:23:00,2025-09-08 14:23:00,wellness,Well child visit,205.71,149.46
E04253,P0338,2025-03-29 10:22:00,2025-03-29 13:22:00,ambulatory,Medication review,247.7,165.08
E04254,P0491,2023-05-25 11:03:00,2023-05-25 16:03:00,ambulatory,Chronic disease check,381.62,330.02
E04255,P0184,2024-06-10 16:25:00,2024-06-10 19:25:00,wellness,Well child visit,208.38,166.56
E04256,P0084,2024-11-12 12:44:00,2024-11-12 13:44:00,emergency,Emergency room admission,1900.34,1488.33
E04257,P0381,2023-05-18 12:59:00,2023-05-18 15:59:00,ambulatory,Chronic disease check,146.95,85.71
E04258,P0353,2023-07-23 07:26:00,2023-07-23 12:26:00,ambulatory,Chronic disease check,235.0,149.71
E04259,P0345,2025-05-28 10:54:00,2025-05-28 14:54:00,wellness,Annual wellness visit,211.01,185.08
E04260,P0172,2024-05-30 08:06:00,2024-05-30 12:06:00,outpatient,Outpatient procedure,822.17,457.35
E04261,P0134,2025-09-24 15:34:00,2025-09-24 19:34:00,wellness,Annual wellness visit,228.94,205.41
E04262,P0102,2023-12-20 10:41:00,2023-12-20 15:41:00,emergency,Emergency room admission,1471.39,995.45
E04263,P0455,2025-12-13 17:37:00,2025-12-13 22:37:00,urgentcare,Urgent care visit,487.55,0
E04264,P0484,2025-06-26 19:39:00,2025-06-26 22:39:00,emergency,Emergency room admission,5374.36,2838.97
E04265,P0083,2024-10-11 16:55:00,2024-10-11 20:55:00,ambulatory,Chronic disease check,188.37,161.33
E04266,P0112,2024-09-18 17:20:00,2024-09-18 19:20:00,wellness,Annual wellness visit,128.18,110.12
E04267,P0274,2023-11-28 11:06:00,2023-11-28 12:06:00,ambulatory,Medication review,348.6,281.23
E04268,P0401,2024-06-15 18:29:00,2024-06-18 00:29:00,inpatient,Hospital admission,6909.54,4862.74
E04269,P0010,2025-05-05 12:04:00,2025-05-05 17:04:00,wellness,Annual wellness visit,242.29,186.81
E04270,P0470,2023-05-19 15:32:00,2023-05-19 17:32:00,wellness,Well child visit,138.73,70.68
E04271,P0045,2023-10-03 15:50:00,2023-10-03 18:50:00,ambulatory,Follow-up visit,392.3,262.78
E04272,P0282,2025-07-01 17:56:00,2025-07-01 19:56:00,ambulatory,Follow-up visit,171.44,105.03
E04273,P0311,2023-01-23 10:34:00,2023-01-23 12:34:00,ambulatory,Chronic disease check,389.54,224.02
E04274,P0160,2024-06-07 10:38:00,2024-06-07 12:38:00,outpatient,Outpatient procedure,974.93,528.21
E04275,P0211,2023-04-03 07:21:00,2023-04-03 10:21:00,ambulatory,Follow-up visit,356.17,187.44
E04276,P0323,2024-02-13 09:04:00,2024-02-13 11:04:00,wellness,Well child visit,143.8,127.12
E04277,P0234,2023-09-30 07:48:00,2023-09-30 11:48:00,ambulatory,Follow-up visit,332.75,257.5
E04278,P0066,2025-01-01 14:13:00,2025-01-01 18:13:00,outpatient,Outpatient procedure,587.05,408.38
E04279,P0407,2025-12-06 17:14:00,2025-12-06 22:14:00,urgentcare,Urgent care visit,573.42,450.78
E04280,P0464,2025-07-18 15:22:00,2025-07-18 19:22:00,urgentcare,Urgent care visit,364.25,315.85
E04281,P0443,2025-10-21 15:11:00,2025-10-21 19:11:00,wellness,Annual wellness visit,195.01,159.12
E04282,P0311,2025-12-27 16:47:00,2025-12-27 18:47:00,ambulatory,Medication review,292.12,220.36
E04283,P0083,2025-11-03 15:07:00,2025-11-03 17:07:00,wellness,Well child visit,96.21,52.6
E04284,P0130,2025-10-23 13:59:00,2025-10-23 18:59:00,ambulatory,Follow-up visit,346.38,262.58
E04285,P0405,2024-04-02 11:47:00,2024-04-02 12:47:00,ambulatory,Medication review,270.79,138.71
E04286,P0493,2025-04-04 12:19:00,2025-04-14 06:19:00,inpatient,Hospital admission,29029.42,21788.07
E04287,P0408,2025-09-19 12:26:00,2025-09-19 17:26:00,wellness,Annual wellness visit,143.03,123.42
E04288,P0055,2024-10-28 11:04:00,2024-10-28 15:04:00,urgentcare,Urgent care visit,474.13,305.66
E04289,P0143,2024-01-27 11:01:00,2024-01-27 16:01:00,urgentcare,Urgent care visit,232.22,178.74
E04290,P0162,2025-04-20 10:53:00,2025-04-20 15:53:00,wellness,Well child visit,140.24,0
E04291,P0459,2023-10-15 07:55:00,2023-10-15 11:55:00,ambulatory,Follow-up visit,389.79,314.6
E04292,P0101,2024-07-25 10:10:00,2024-07-25 11:10:00,ambulatory,Chronic disease check,312.3,201.0
E04293,P0333,2024-11-20 19:53:00,2024-11-20 21:53:00,ambulatory,Chronic disease check,308.66,189.2
E04294,P0389,2025-07-10 19:57:00,2025-07-11 00:57:00,urgentcare,Urgent care visit,468.69,319.84
E04295,P0358,2025-12-12 16:10:00,2025-12-20 22:10:00,inpatient,Hospital admission,37522.37,28432.12
E04296,P0460,2023-08-05 07:32:00,2023-08-05 08:32:00,outpatient,Outpatient procedure,1302.17,1004.83
E04297,P0005,2023-02-14 19:54:00,2023-02-15 00:54:00,emergency,Emergency room admission,2482.81,2221.78
E04298,P0401,2025-04-04 08:48:00,2025-04-04 12:48:00,wellness,Well child visit,148.73,106.34
E04299,P0008,2024-07-26 08:37:00,2024-07-26 09:37:00,emergency,ED visit for chest pain,5758.08,0
E04300,P0283,2025-09-17 08:23:00,2025-09-17 13:23:00,ambulatory,Chronic disease check,237.16,132.71
E04301,P0222,2024-08-21 12:07:00,2024-08-21 16:07:00,wellness,Well child visit,99.49,72.15
E04302,P0213,2023-08-24 07:16:00,2023-08-24 08:16:00,ambulatory,Chronic disease check,260.58,211.44
E04303,P0119,2024-10-30 14:54:00,2024-10-30 15:54:00,wellness,Well child visit,200.87,118.44
E04304,P0387,2024-05-15 09:17:00,2024-05-15 12:17:00,wellness,Well child visit,224.42,181.57
E04305,P0290,2025-09-15 18:13:00,2025-09-20 11:13:00,inpatient,Hospital admission,26424.45,21189.9
E04306,P0328,2024-06-18 10:53:00,2024-06-18 15:53:00,urgentcare,Urgent care visit,592.18,400.86
E04307,P0305,2025-10-21 17:04:00,2025-10-21 22:04:00,emergency,ED visit for chest pain,1627.93,1361.91
E04308,P0083,2023-02-15 11:49:00,2023-02-15 16:49:00,wellness,Annual wellness visit,109.39,57.28
E04309,P0262,2024-08-13 11:10:00,2024-08-13 13:10:00,ambulatory,Chronic disease check,189.29,164.48
E04310,P0353,2025-01-31 08:39:00,2025-01-31 13:39:00,ambulatory,Follow-up visit,340.4,233.34
E04311,P0305,2025-08-30 07:58:00,2025-08-30 08:58:00,wellness,Annual wellness visit,129.32,111.4
E04312,P0236,2023-11-13 13:02:00,2023-11-13 17:02:00,wellness,Well child visit,218.97,135.41
E04313,P0498,2024-11-08 10:35:00,2024-11-08 14:35:00,urgentcare,Urgent care visit,212.13,180.34
E04314,P0344,2023-09-10 08:14:00,2023-09-10 11:14:00,wellness,Annual wellness visit,131.25,71.59
E04315,P0429,2023-02-25 17:55:00,2023-02-25 19:55:00,emergency,Emergency room admission,1041.62,724.47
E04316,P0127,2024-02-22 07:54:00,2024-02-22 08:54:00,outpatient,Outpatient procedure,1093.06,623.72
E04317,P0346,2023-12-02 18:02:00,2023-12-02 22:02:00,ambulatory,Chronic disease check,339.57,258.61
E04318,P0485,2025-01-18 10:24:00,2025-01-18 15:24:00,wellness,Annual wellness visit,132.48,82.98
E04319,P0218,2025-04-18 08:51:00,2025-04-18 11:51:00,wellness,Well child visit,196.89,119.72
E04320,P0073,2023-06-24 16:06:00,2023-06-24 19:06:00,ambulatory,Chronic disease check,358.29,224.23
E04321,P0225,2024-10-10 16:08:00,2024-10-10 18:08:00,urgentcare,Urgent care visit,330.66,260.54
E04322,P0320,2025-12-29 08:49:00,2025-12-29 11:49:00,ambulatory,Medication review,358.42,296.35
E04323,P0337,2023-03-06 10:07:00,2023-03-06 12:07:00,ambulatory,Chronic disease check,157.4,113.65
E04324,P0304,2024-12-13 15:43:00,2024-12-13 16:43:00,wellness,Well child visit,200.99,170.91
E04325,P0088,2023-03-03 12:44:00,2023-03-03 13:44:00,ambulatory,Chronic disease check,379.3,237.62
E04326,P0447,2025-11-07 08:30:00,2025-11-07 13:30:00,ambulatory,Medication review,312.12,258.6
E04327,P0414,2024-06-14 12:01:00,2024-06-14 14:01:00,wellness,Well child visit,147.3,115.11
E04328,P0243,2025-09-15 11:19:00,2025-09-15 14:19:00,ambulatory,Chronic disease check,338.01,245.46
E04329,P0136,2024-05-17 07:34:00,2024-05-17 10:34:00,urgentcare,Urgent care visit,342.21,0
E04330,P0025,2025-03-02 16:41:00,2025-03-02 21:41:00,ambulatory,Follow-up visit,364.66,239.24
E04331,P0280,2025-07-25 13:12:00,2025-07-25 16:12:00,ambulatory,Chronic disease check,344.65,236.1
E04332,P0117,2024-12-21 18:07:00,2024-12-21 21:07:00,urgentcare,Urgent care visit,443.95,225.65
E04333,P0052,2023-02-15 11:20:00,2023-02-15 12:20:00,wellness,Well child visit,164.85,99.13
E04334,P0182,2025-06-10 07:44:00,2025-06-10 08:44:00,outpatient,Outpatient procedure,1962.47,1431.43
E04335,P0315,2024-03-31 09:24:00,2024-03-31 12:24:00,emergency,ED visit for chest pain,3290.55,2387.18
E04336,P0204,2025-01-08 18:24:00,2025-01-11 20:24:00,inpatient,Admission for pneumonia,30026.49,17430.88
E04337,P0352,2023-04-27 10:42:00,2023-04-27 12:42:00,ambulatory,Medication review,224.09,186.02
E04338,P0384,2024-08-31 11:12:00,2024-08-31 16:12:00,outpatient,Physical therapy,1418.73,856.15
E04339,P0137,2025-07-30 16:30:00,2025-07-30 21:30:00,emergency,Emergency room admission,2723.19,0
E04340,P0219,2025-10-19 17:05:00,2025-10-19 20:05:00,wellness,Well child visit,181.19,114.96
E04341,P0409,2024-12-26 19:08:00,2024-12-27 00:08:00,ambulatory,Chronic disease check,219.13,173.82
E04342,P0449,2025-07-07 19:22:00,2025-07-07 21:22:00,wellness,Well child visit,206.1,161.55
E04343,P0148,2023-10-22 14:29:00,2023-10-22 15:29:00,outpatient,Outpatient procedure,1463.98,1229.75
E04344,P0478,2023-02-18 09:45:00,2023-02-18 11:45:00,outpatient,Outpatient procedure,1619.34,1064.97
E04345,P0341,2025-09-01 13:36:00,2025-09-01 14:36:00,emergency,ED visit for chest pain,3254.52,2552.18
E04346,P0393,2023-03-24 11:44:00,2023-03-24 15:44:00,outpatient,Imaging study,1039.98,0
E04347,P0051,2025-02-12 10:56:00,2025-02-12 15:56:00,wellness,Annual wellness visit,102.71,90.99
E04348,P0180,2023-10-06 19:04:00,2023-10-06 21:04:00,wellness,Annual wellness visit,175.1,0
E04349,P0020,2024-08-20 18:35:00,2024-08-20 21:35:00,ambulatory,Follow-up visit,284.55,232.55
E04350,P0478,2023-10-04 14:32:00,2023-10-04 18:32:00,ambulatory,Chronic disease check,257.3,147.44
E04351,P0320,2024-06-26 10:42:00,2024-06-26 12:42:00,wellness,Well child visit,221.19,127.72
E04352,P0404,2025-06-21 15:52:00,2025-06-21 17:52:00,wellness,Annual wellness visit,187.27,99.61
E04353,P0491,2023-03-26 07:12:00,2023-03-26 09:12:00,ambulatory,Chronic disease check,226.22,153.02
E04354,P0085,2024-02-01 17:43:00,2024-02-01 20:43:00,wellness,Well child visit,242.6,214.11
E04355,P0292,2025-02-22 12:51:00,2025-02-22 14:51:00,outpatient,Outpatient procedure,2224.09,1433.37
E04356,P0183,2023-08-17 07:26:00,2023-08-17 10:26:00,ambulatory,Medication review,170.82,124.21
E04357,P0100,2025-07-17 10:47:00,2025-07-17 11:47:00,wellness,Well child visit,196.44,102.29
E04358,P0319,2024-04-22 14:58:00,2024-04-22 18:58:00,wellness,Annual wellness visit,226.0,122.53
E04359,P0067,2024-01-30 11:41:00,2024-01-30 12:41:00,outpatient,Physical therapy,1932.57,1229.03
E04360,P0458,2023-11-24 18:40:00,2023-12-04 02:40:00,inpatient,Admission for pneumonia,21431.53,15915.37
E04361,P0425,2023-02-24 15:58:00,2023-02-24 17:58:00,emergency,Emergency room admission,3001.07,1500.85
E04362,P0031,2023-12-20 07:28:00,2023-12-20 12:28:00,ambulatory,Chronic disease check,303.46,162.1
E04363,P0081,2023-09-06 15:54:00,2023-09-06 20:54:00,emergency,ED visit for chest pain,5210.88,3329.06
E04364,P0126,2024-10-24 16:43:00,2024-10-24 20:43:00,ambulatory,Follow-up visit,336.28,199.69
E04365,P0039,2025-11-22 19:18:00,2025-11-22 23:18:00,urgentcare,Urgent care visit,575.73,393.86
E04366,P0229,2023-03-02 10:22:00,2023-03-02 12:22:00,urgentcare,Urgent care visit,238.48,195.02
E04367,P0443,2024-08-02 08:08:00,2024-08-02 12:08:00,wellness,Annual wellness visit,143.8,126.82
E04368,P0376,2024-03-28 07:24:00,2024-03-28 08:24:00,wellness,Well child visit,160.99,112.28
E04369,P0179,2025-09-19 12:32:00,2025-09-19 15:32:00,ambulatory,Chronic disease check,311.18,273.78
E04370,P0003,2023-07-18 12:10:00,2023-07-18 15:10:00,ambulatory,Medication review,132.07,109.82
E04371,P0225,2024-05-23 13:40:00,2024-05-23 17:40:00,wellness,Well child visit,189.52,104.46
E04372,P0092,2024-11-25 08:46:00,2024-11-25 13:46:00,ambulatory,Chronic disease check,375.16,0
E04373,P0393,2023-03-22 12:15:00,2023-03-22 14:15:00,outpatient,Imaging study,1732.86,0
E04374,P0392,2023-04-05 18:38:00,2023-04-05 21:38:00,outpatient,Outpatient procedure,2294.66,1244.67
E04375,P0449,2024-02-01 12:02:00,2024-02-01 17:02:00,ambulatory,Medication review,363.55,313.27
E04376,P0055,2025-02-12 14:39:00,2025-02-12 17:39:00,ambulatory,Chronic disease check,391.22,282.6
E04377,P0348,2025-05-09 16:37:00,2025-05-09 21:37:00,ambulatory,Medication review,326.02,280.16
E04378,P0485,2024-10-06 14:37:00,2024-10-06 17:37:00,ambulatory,Follow-up visit,293.77,153.3
E04379,P0331,2025-06-13 14:48:00,2025-06-13 16:48:00,urgentcare,Urgent care visit,590.25,0
E04380,P0487,2025-07-05 17:39:00,2025-07-05 19:39:00,wellness,Well child visit,194.5,139.1
E04381,P0458,2025-07-19 15:04:00,2025-07-19 16:04:00,ambulatory,Follow-up visit,140.29,85.79
E04382,P0109,2023-08-13 14:21:00,2023-08-13 17:21:00,emergency,Emergency room admission,2717.51,2365.65
E04383,P0133,2025-06-17 16:19:00,2025-06-19 19:19:00,inpatient,Hospital admission,15193.85,9375.98
E04384,P0248,2024-02-16 13:38:00,2024-02-16 16:38:00,outpatient,Physical therapy,450.2,376.01
E04385,P0192,2024-01-01 14:22:00,2024-01-01 19:22:00,ambulatory,Follow-up visit,159.08,132.59
E04386,P0397,2024-03-27 18:24:00,2024-03-27 20:24:00,urgentcare,Urgent care visit,361.33,319.98
E04387,P0398,2023-10-16 13:12:00,2023-10-16 17:12:00,ambulatory,Follow-up visit,369.49,330.92
E04388,P0080,2023-01-10 07:27:00,2023-01-10 12:27:00,emergency,ED visit for chest pain,4880.19,3727.94
E04389,P0442,2023-08-24 13:16:00,2023-08-24 15:16:00,ambulatory,Chronic disease check,159.72,91.46
E04390,P0398,2023-02-10 07:07:00,2023-02-10 12:07:00,ambulatory,Medication review,271.1,228.17
E04391,P0449,2025-10-02 16:10:00,2025-10-02 18:10:00,emergency,Emergency room admission,2977.05,2319.46
E04392,P0106,2024-07-04 08:14:00,2024-07-04 10:14:00,wellness,Well child visit,221.49,140.72
E04393,P0097,2025-11-21 12:30:00,2025-11-21 16:30:00,wellness,Well child visit,207.16,154.67
E04394,P0348,2025-06-27 19:17:00,2025-06-27 23:17:00,outpatient,Outpatient procedure,2096.01,1665.38
E04395,P0411,2023-04-01 07:25:00,2023-04-01 11:25:00,wellness,Well child visit,133.58,72.1
E04396,P0143,2024-05-21 14:35:00,2024-05-21 15:35:00,urgentcare,Urgent care visit,596.79,473.43
E04397,P0041,2025-09-26 12:16:00,2025-09-26 15:16:00,outpatient,Physical therapy,733.35,495.06
E04398,P0339,2025-02-20 11:04:00,2025-02-20 16:04:00,outpatient,Imaging study,2302.94,0
E04399,P0224,2023-06-12 13:06:00,2023-06-12 17:06:00,wellness,Well child visit,203.26,169.31
E04400,P0379,2025-02-06 15:33:00,2025-02-06 19:33:00,ambulatory,Medication review,240.14,0
E04401,P0077,2025-10-19 12:14:00,2025-10-19 13:14:00,wellness,Well child visit,133.85,94.01
E04402,P0452,2023-05-11 11:16:00,2023-05-11 12:16:00,wellness,Well child visit,206.13,117.34
E04403,P0107,2023-12-19 08:24:00,2023-12-19 10:24:00,outpatient,Physical therapy,599.98,352.5
E04404,P0446,2025-12-09 09:43:00,2025-12-09 10:43:00,ambulatory,Follow-up visit,207.93,105.15
E04405,P0358,2024-03-09 09:21:00,2024-03-09 10:21:00,urgentcare,Urgent care visit,280.26,246.41
E04406,P0133,2024-12-20 14:09:00,2024-12-20 18:09:00,emergency,ED visit for chest pain,5610.67,2964.84
E04407,P0425,2024-06-28 08:53:00,2024-06-28 12:53:00,urgentcare,Urgent care visit,442.46,290.36
E04408,P0152,2024-04-17 16:50:00,2024-04-17 17:50:00,ambulatory,Chronic disease check,369.74,286.27
E04409,P0379,2025-06-20 18:08:00,2025-06-20 22:08:00,ambulatory,Medication review,257.63,0
E04410,P0485,2025-03-29 13:21:00,2025-03-29 17:21:00,ambulatory,Chronic disease check,321.48,212.29
E04411,P0129,2025-03-18 07:47:00,2025-03-18 12:47:00,ambulatory,Follow-up visit,218.78,153.16
E04412,P0378,2023-10-14 17:00:00,2023-10-14 21:00:00,emergency,ED visit for chest pain,2485.34,2163.81
E04413,P0037,2023-05-08 11:54:00,2023-05-08 16:54:00,ambulatory,Medication review,294.5,205.57
E04414,P0069,2025-10-23 15:19:00,2025-10-23 17:19:00,ambulatory,Chronic disease check,251.05,199.88
E04415,P0073,2025-06-01 08:18:00,2025-06-01 13:18:00,wellness,Annual wellness visit,147.89,98.44
E04416,P0311,2025-08-15 18:35:00,2025-08-15 20:35:00,wellness,Well child visit,193.26,157.32
E04417,P0142,2025-02-17 15:10:00,2025-02-17 17:10:00,wellness,Well child visit,138.85,80.65
E04418,P0020,2023-06-29 11:23:00,2023-06-29 13:23:00,wellness,Annual wellness visit,98.9,70.97
E04419,P0098,2024-05-04 11:07:00,2024-05-06 16:07:00,inpatient,Hospital admission,36492.48,31701.46
E04420,P0411,2024-06-22 18:24:00,2024-06-22 19:24:00,emergency,ED visit for chest pain,2942.47,2061.81
E04421,P0166,2025-10-17 12:27:00,2025-10-17 15:27:00,ambulatory,Chronic disease check,157.36,101.06
E04422,P0292,2024-12-04 08:16:00,2024-12-04 11:16:00,ambulatory,Medication review,174.0,118.84
E04423,P0130,2025-12-07 10:36:00,2025-12-07 13:36:00,ambulatory,Chronic disease check,140.4,123.98
E04424,P0451,2025-10-24 14:47:00,2025-10-24 15:47:00,ambulatory,Chronic disease check,303.88,0
E04425,P0179,2025-05-18 17:32:00,2025-05-25 07:32:00,inpatient,Hospital admission,39094.81,29822.3
E04426,P0105,2024-12-28 19:07:00,2024-12-29 00:07:00,urgentcare,Urgent care visit,346.81,182.88
E04427,P0335,2023-10-16 12:34:00,2023-10-16 16:34:00,ambulatory,Medication review,373.11,204.86
E04428,P0315,2023-08-16 19:32:00,2023-08-16 23:32:00,outpatient,Imaging study,583.6,509.9
E04429,P0157,2025-05-12 19:00:00,2025-05-12 21:00:00,outpatient,Imaging study,1602.2,1314.9
E04430,P0351,2024-08-04 09:20:00,2024-08-04 13:20:00,emergency,ED visit for chest pain,3578.57,2986.69
E04431,P0249,2025-07-26 10:15:00,2025-08-02 01:15:00,inpatient,Hospital admission,22367.14,11992.87
E04432,P0450,2025-10-09 08:18:00,2025-10-09 13:18:00,wellness,Well child visit,211.44,178.12
E04433,P0380,2023-09-18 07:09:00,2023-09-18 09:09:00,outpatient,Physical therapy,1488.06,1014.38
E04434,P0052,2023-09-12 13:14:00,2023-09-12 14:14:00,emergency,ED visit for chest pain,3817.87,3281.9
E04435,P0375,2023-12-18 12:12:00,2023-12-18 15:12:00,urgentcare,Urgent care visit,337.68,189.17
E04436,P0049,2025-05-20 13:57:00,2025-05-20 15:57:00,ambulatory,Follow-up visit,297.01,219.98
E04437,P0348,2025-12-04 09:39:00,2025-12-04 12:39:00,ambulatory,Follow-up visit,172.81,112.9
E04438,P0166,2023-07-07 11:43:00,2023-07-07 12:43:00,wellness,Well child visit,127.6,79.82
E04439,P0484,2025-12-15 11:50:00,2025-12-15 12:50:00,emergency,Emergency room admission,4330.07,2271.19
E04440,P0453,2024-09-01 10:14:00,2024-09-01 13:14:00,wellness,Well child visit,97.88,63.39
E04441,P0390,2024-03-10 19:35:00,2024-03-15 10:35:00,inpatient,Hospital admission,38016.47,32009.39
E04442,P0328,2025-08-11 07:25:00,2025-08-11 09:25:00,emergency,Emergency room admission,2251.49,1397.98
E04443,P0404,2023-02-19 17:34:00,2023-02-19 18:34:00,wellness,Annual wellness visit,164.89,126.59
E04444,P0090,2024-11-03 18:59:00,2024-11-03 20:59:00,wellness,Annual wellness visit,240.19,192.78
E04445,P0251,2024-03-27 15:21:00,2024-03-27 19:21:00,ambulatory,Chronic disease check,219.29,148.31
E04446,P0034,2025-06-27 13:05:00,2025-06-27 17:05:00,ambulatory,Chronic disease check,385.16,241.96
E04447,P0286,2024-08-13 14:59:00,2024-08-13 15:59:00,emergency,ED visit for chest pain,1816.59,0
E04448,P0209,2024-11-26 18:39:00,2024-11-26 20:39:00,ambulatory,Medication review,282.43,225.38
E04449,P0066,2024-01-03 14:53:00,2024-01-03 15:53:00,outpatient,Outpatient procedure,2130.99,1360.21
E04450,P0479,2024-03-01 11:20:00,2024-03-01 13:20:00,outpatient,Physical therapy,1700.49,884.62
E04451,P0081,2024-11-07 15:36:00,2024-11-07 17:36:00,ambulatory,Chronic disease check,369.66,254.79
E04452,P0111,2023-05-24 09:14:00,2023-05-24 14:14:00,outpatient,Outpatient procedure,2202.71,1296.12
E04453,P0471,2023-08-13 09:31:00,2023-08-13 13:31:00,wellness,Annual wellness visit,145.46,105.74
E04454,P0404,2025-08-04 18:23:00,2025-08-04 19:23:00,ambulatory,Follow-up visit,385.7,205.85
E04455,P0379,2024-01-18 10:01:00,2024-01-18 11:01:00,wellness,Well child visit,223.32,0
E04456,P0439,2024-10-28 17:12:00,2024-10-28 18:12:00,outpatient,Physical therapy,400.89,244.72
E04457,P0129,2024-05-29 10:40:00,2024-05-29 14:40:00,wellness,Well child visit,132.73,77.53
E04458,P0083,2025-05-06 17:02:00,2025-05-06 18:02:00,outpatient,Outpatient procedure,856.34,664.53
E04459,P0473,2023-04-26 14:54:00,2023-04-26 16:54:00,outpatient,Imaging study,663.33,437.26
E04460,P0257,2023-11-18 14:52:00,2023-11-18 19:52:00,wellness,Well child visit,97.51,84.71
E04461,P0164,2023-08-06 07:57:00,2023-08-06 12:57:00,outpatient,Outpatient procedure,2315.2,1658.06
E04462,P0191,2023-01-30 07:44:00,2023-01-30 12:44:00,wellness,Annual wellness visit,96.94,74.28
E04463,P0109,2023-10-15 12:50:00,2023-10-15 17:50:00,outpatient,Imaging study,1907.95,1446.52
E04464,P0244,2024-11-08 11:50:00,2024-11-08 15:50:00,emergency,ED visit for chest pain,2785.35,1527.04
E04465,P0085,2024-09-24 14:53:00,2024-09-24 15:53:00,ambulatory,Chronic disease check,187.57,154.06
E04466,P0327,2024-01-12 19:08:00,2024-01-12 22:08:00,wellness,Well child visit,221.21,167.99
E04467,P0498,2025-04-26 16:01:00,2025-04-26 19:01:00,urgentcare,Urgent care visit,572.22,362.6
E04468,P0384,2024-02-16 12:40:00,2024-02-16 13:40:00,ambulatory,Chronic disease check,250.35,145.6
E04469,P0499,2023-05-20 15:47:00,2023-05-26 12:47:00,inpatient,Admission for pneumonia,9679.66,6372.64
E04470,P0346,2025-01-09 16:53:00,2025-01-09 20:53:00,ambulatory,Chronic disease check,211.62,106.88
E04471,P0403,2024-04-13 19:02:00,2024-04-13 21:02:00,emergency,ED visit for chest pain,3183.29,1787.03
E04472,P0292,2024-07-11 15:48:00,2024-07-11 18:48:00,urgentcare,Urgent care visit,436.84,219.94
E04473,P0082,2023-09-19 12:33:00,2023-09-19 13:33:00,wellness,Well child visit,207.18,132.85
E04474,P0470,2025-01-24 19:17:00,2025-01-24 21:17:00,ambulatory,Follow-up visit,246.88,146.14
E04475,P0204,2024-07-13 08:11:00,2024-07-13 11:11:00,ambulatory,Chronic disease check,160.3,99.83
E04476,P0030,2025-08-24 07:47:00,2025-08-24 12:47:00,wellness,Well child visit,102.4,57.56
E04477,P0303,2023-09-07 07:16:00,2023-09-07 12:16:00,ambulatory,Chronic disease check,338.17,255.44
E04478,P0077,2024-01-25 17:20:00,2024-01-25 19:20:00,ambulatory,Medication review,166.53,107.86
E04479,P0045,2024-09-17 16:41:00,2024-09-17 20:41:00,outpatient,Physical therapy,2275.09,1374.43
E04480,P0236,2024-11-03 10:22:00,2024-11-03 15:22:00,urgentcare,Urgent care visit,174.5,124.84
E04481,P0109,2024-08-25 19:49:00,2024-08-25 23:49:00,outpatient,Physical therapy,1186.32,889.12
E04482,P0026,2025-06-16 15:37:00,2025-06-20 06:37:00,inpatient,Admission for pneumonia,16563.93,11137.2
E04483,P0201,2024-09-24 18:44:00,2024-09-24 23:44:00,ambulatory,Medication review,182.15,150.79
E04484,P0349,2024-09-25 10:35:00,2024-10-02 22:35:00,inpatient,Hospital admission,19888.14,16935.12
E04485,P0381,2023-02-03 16:02:00,2023-02-03 19:02:00,ambulatory,Follow-up visit,213.91,135.55
E04486,P0325,2025-09-03 10:08:00,2025-09-03 14:08:00,ambulatory,Follow-up visit,226.49,132.33
E04487,P0468,2024-11-01 14:38:00,2024-11-01 16:38:00,urgentcare,Urgent care visit,369.53,290.87
E04488,P0452,2023-12-06 15:04:00,2023-12-06 16:04:00,ambulatory,Chronic disease check,323.74,222.41
E04489,P0099,2024-05-08 11:19:00,2024-05-08 14:19:00,urgentcare,Urgent care visit,543.86,362.47
E04490,P0054,2023-07-25 12:05:00,2023-07-25 17:05:00,wellness,Well child visit,206.62,110.49
E04491,P0025,2025-11-17 13:45:00,2025-11-21 08:45:00,inpatient,Admission for pneumonia,23073.22,18530.12
E04492,P0383,2025-12-04 15:02:00,2025-12-04 20:02:00,ambulatory,Chronic disease check,390.75,347.28
E04493,P0310,2024-06-05 07:19:00,2024-06-05 09:19:00,emergency,ED visit for chest pain,4368.92,0
E04494,P0043,2025-05-24 17:36:00,2025-05-24 20:36:00,ambulatory,Follow-up visit,236.78,140.13
E04495,P0154,2024-04-11 18:52:00,2024-04-11 20:52:00,wellness,Annual wellness visit,229.01,164.38
E04496,P0063,2024-01-26 11:34:00,2024-01-26 15:34:00,ambulatory,Follow-up visit,237.83,195.45
E04497,P0331,2024-02-21 15:25:00,2024-02-21 19:25:00,urgentcare,Urgent care visit,421.11,0
E04498,P0324,2023-01-05 08:33:00,2023-01-14 12:33:00,inpatient,Hospital admission,35806.36,31228.59
E04499,P0015,2024-03-16 08:38:00,2024-03-16 13:38:00,wellness,Annual wellness visit,212.3,108.79
E04500,P0322,2023-07-23 13:12:00,2023-07-23 15:12:00,wellness,Annual wellness visit,124.6,74.38
E04501,P0423,2024-03-20 18:35:00,2024-03-20 19:35:00,ambulatory,Follow-up visit,201.5,148.6
E04502,P0091,2025-09-20 07:46:00,2025-09-20 09:46:00,wellness,Well child visit,129.11,89.55
E04503,P0018,2024-01-10 17:37:00,2024-01-10 20:37:00,urgentcare,Urgent care visit,421.98,227.48
E04504,P0396,2024-10-17 13:48:00,2024-10-17 18:48:00,ambulatory,Follow-up visit,315.3,158.63
E04505,P0003,2023-06-12 14:54:00,2023-06-12 18:54:00,outpatient,Outpatient procedure,2211.4,1831.77
E04506,P0090,2024-09-24 16:02:00,2024-09-24 18:02:00,emergency,Emergency room admission,2211.61,1799.51
E04507,P0262,2025-09-12 08:56:00,2025-09-12 11:56:00,emergency,ED visit for chest pain,5557.04,3411.31
E04508,P0253,2023-08-25 08:56:00,2023-08-25 12:56:00,ambulatory,Follow-up visit,393.38,337.98
E04509,P0354,2023-01-23 09:16:00,2023-01-23 13:16:00,ambulatory,Follow-up visit,159.38,0
E04510,P0464,2024-06-05 07:54:00,2024-06-05 08:54:00,wellness,Annual wellness visit,189.72,160.2
E04511,P0280,2024-02-18 11:49:00,2024-02-18 16:49:00,emergency,Emergency room admission,4171.71,3483.17
E04512,P0086,2023-01-26 07:25:00,2023-01-26 10:25:00,wellness,Annual wellness visit,227.78,130.1
E04513,P0358,2024-04-23 09:22:00,2024-04-23 12:22:00,wellness,Well child visit,119.9,78.38
E04514,P0185,2023-03-29 09:47:00,2023-03-29 10:47:00,wellness,Annual wellness visit,125.24,0
E04515,P0224,2024-12-10 19:22:00,2024-12-10 22:22:00,ambulatory,Medication review,166.37,97.5
E04516,P0456,2023-02-24 08:43:00,2023-02-24 09:43:00,ambulatory,Medication review,232.25,126.42
E04517,P0412,2025-08-17 19:39:00,2025-08-18 00:39:00,ambulatory,Follow-up visit,235.2,207.27
E04518,P0004,2023-07-16 12:41:00,2023-07-16 14:41:00,wellness,Well child visit,171.15,137.19
E04519,P0222,2023-02-02 09:54:00,2023-02-02 11:54:00,ambulatory,Medication review,131.42,81.42
E04520,P0248,2024-11-23 10:33:00,2024-11-23 11:33:00,outpatient,Physical therapy,922.41,465.61
E04521,P0406,2025-12-04 11:47:00,2025-12-04 12:47:00,wellness,Well child visit,99.7,0
E04522,P0015,2024-10-16 07:02:00,2024-10-16 12:02:00,ambulatory,Chronic disease check,192.65,108.95
E04523,P0150,2025-09-29 14:37:00,2025-09-29 15:37:00,ambulatory,Chronic disease check,185.15,129.92
E04524,P0224,2025-10-04 07:50:00,2025-10-04 08:50:00,ambulatory,Medication review,276.56,163.42
E04525,P0013,2025-03-15 11:39:00,2025-03-15 14:39:00,outpatient,Imaging study,2127.71,1858.57
E04526,P0119,2023-01-16 08:26:00,2023-01-16 12:26:00,ambulatory,Chronic disease check,372.78,211.29
E04527,P0329,2025-06-25 11:08:00,2025-06-25 13:08:00,ambulatory,Medication review,273.58,139.61
E04528,P0434,2024-04-28 09:13:00,2024-04-28 10:13:00,outpatient,Outpatient procedure,1094.21,875.98
E04529,P0033,2024-06-07 07:28:00,2024-06-07 11:28:00,urgentcare,Urgent care visit,552.93,394.61
E04530,P0038,2023-03-22 13:12:00,2023-03-22 14:12:00,emergency,Emergency room admission,1811.73,1196.63
E04531,P0033,2025-08-18 17:53:00,2025-08-18 20:53:00,wellness,Well child visit,226.94,186.27
E04532,P0369,2023-04-11 18:24:00,2023-04-11 22:24:00,wellness,Well child visit,133.44,0
E04533,P0481,2025-06-19 16:40:00,2025-06-19 20:40:00,urgentcare,Urgent care visit,560.56,493.77
E04534,P0323,2023-12-01 11:20:00,2023-12-01 12:20:00,outpatient,Physical therapy,1285.23,953.21
E04535,P0158,2023-06-14 11:12:00,2023-06-14 16:12:00,outpatient,Physical therapy,2461.86,1349.56
E04536,P0032,2023-07-24 19:51:00,2023-07-24 22:51:00,emergency,ED visit for chest pain,5086.83,3965.08
E04537,P0256,2025-04-03 14:55:00,2025-04-03 18:55:00,urgentcare,Urgent care visit,337.24,247.46
E04538,P0174,2025-03-28 19:35:00,2025-03-28 20:35:00,wellness,Annual wellness visit,105.43,76.68
E04539,P0405,2025-05-14 12:13:00,2025-05-14 15:13:00,wellness,Well child visit,102.02,86.51
E04540,P0239,2023-03-24 09:12:00,2023-03-24 11:12:00,urgentcare,Urgent care visit,449.47,269.97
E04541,P0180,2024-09-17 14:42:00,2024-09-24 23:42:00,inpatient,Admission for pneumonia,35715.17,0
E04542,P0236,2024-10-22 10:14:00,2024-10-22 12:14:00,outpatient,Imaging study,430.5,324.79
E04543,P0330,2025-12-25 11:34:00,2025-12-25 16:34:00,outpatient,Imaging study,1540.86,1253.55
E04544,P0185,2025-10-18 09:58:00,2025-10-18 13:58:00,outpatient,Physical therapy,2406.1,0
E04545,P0312,2024-01-25 10:40:00,2024-01-25 13:40:00,emergency,Emergency room admission,4473.0,0
E04546,P0084,2024-06-06 07:30:00,2024-06-06 12:30:00,outpatient,Physical therapy,833.89,550.66
E04547,P0217,2025-12-18 12:15:00,2025-12-18 16:15:00,wellness,Well child visit,135.79,82.37
E04548,P0347,2024-04-21 12:26:00,2024-04-21 16:26:00,ambulatory,Chronic disease check,342.9,189.4
E04549,P0123,2025-05-02 18:17:00,2025-05-02 22:17:00,outpatient,Outpatient procedure,1191.57,0
E04550,P0243,2024-04-07 11:00:00,2024-04-07 14:00:00,wellness,Well child visit,233.19,175.43
E04551,P0029,2025-04-21 14:14:00,2025-04-21 16:14:00,emergency,Emergency room admission,2153.8,1177.43
E04552,P0354,2023-07-08 13:23:00,2023-07-08 17:23:00,emergency,ED visit for chest pain,4417.54,0
E04553,P0452,2024-12-04 10:01:00,2024-12-04 14:01:00,outpatient,Outpatient procedure,765.92,627.97
E04554,P0271,2024-01-08 10:42:00,2024-01-08 12:42:00,ambulatory,Follow-up visit,222.04,136.18
E04555,P0137,2023-08-29 19:37:00,2023-08-29 22:37:00,ambulatory,Chronic disease check,176.95,0
E04556,P0479,2023-06-08 08:47:00,2023-06-08 12:47:00,wellness,Well child visit,144.33,89.08
E04557,P0291,2024-08-14 09:50:00,2024-08-14 10:50:00,ambulatory,Medication review,296.9,233.79
E04558,P0092,2024-09-06 13:27:00,2024-09-06 15:27:00,emergency,ED visit for chest pain,3478.9,0
E04559,P0039,2023-08-16 09:05:00,2023-08-16 13:05:00,wellness,Well child visit,133.7,101.17
E04560,P0089,2025-03-04 11:55:00,2025-03-04 13:55:00,emergency,ED visit for chest pain,3891.84,2216.06
E04561,P0226,2024-10-23 10:39:00,2024-10-23 15:39:00,outpatient,Imaging study,1660.31,1078.97
E04562,P0331,2023-08-31 13:08:00,2023-08-31 15:08:00,ambulatory,Follow-up visit,359.14,0
E04563,P0238,2023-09-02 11:27:00,2023-09-02 14:27:00,ambulatory,Medication review,394.84,209.31
E04564,P0271,2024-07-23 15:11:00,2024-07-23 20:11:00,wellness,Annual wellness visit,118.39,61.5
E04565,P0491,2023-12-18 11:26:00,2023-12-18 14:26:00,ambulatory,Follow-up visit,327.24,166.99
E04566,P0258,2024-05-29 13:54:00,2024-05-29 16:54:00,wellness,Annual wellness visit,234.65,187.04
E04567,P0274,2025-02-25 09:52:00,2025-02-25 12:52:00,outpatient,Outpatient procedure,752.29,673.39
E04568,P0326,2024-07-04 17:47:00,2024-07-04 21:47:00,wellness,Well child visit,92.12,73.19
E04569,P0303,2023-02-24 13:26:00,2023-02-24 18:26:00,ambulatory,Follow-up visit,295.46,236.36
E04570,P0468,2023-07-29 09:30:00,2023-07-29 10:30:00,ambulatory,Chronic disease check,265.28,196.07
E04571,P0359,2025-03-01 12:46:00,2025-03-01 13:46:00,outpatient,Imaging study,1234.43,833.37
E04572,P0180,2023-07-29 08:50:00,2023-07-29 10:50:00,ambulatory,Follow-up visit,209.16,0
E04573,P0373,2023-06-16 14:05:00,2023-06-19 01:05:00,inpatient,Admission for pneumonia,6056.02,0
E04574,P0390,2025-09-11 09:49:00,2025-09-11 14:49:00,wellness,Well child visit,238.54,194.57
E04575,P0493,2024-04-09 17:54:00,2024-04-09 19:54:00,emergency,Emergency room admission,1475.38,773.15
E04576,P0201,2024-06-25 19:45:00,2024-06-26 00:45:00,emergency,Emergency room admission,3694.78,2397.06
E04577,P0436,2025-03-20 13:29:00,2025-03-20 18:29:00,ambulatory,Medication review,289.26,231.69
E04578,P0232,2024-06-19 09:47:00,2024-06-19 10:47:00,ambulatory,Medication review,380.8,200.67
E04579,P0044,2024-07-06 09:19:00,2024-07-06 12:19:00,wellness,Well child visit,152.76,90.0
E04580,P0251,2025-12-28 14:13:00,2025-12-28 15:13:00,wellness,Well child visit,204.94,149.92
E04581,P0087,2024-10-21 19:37:00,2024-10-22 00:37:00,ambulatory,Medication review,318.43,194.02
E04582,P0500,2025-08-21 18:54:00,2025-08-21 22:54:00,ambulatory,Chronic disease check,179.74,0
E04583,P0360,2025-10-28 09:54:00,2025-10-28 14:54:00,urgentcare,Urgent care visit,253.33,158.52
E04584,P0245,2025-12-30 10:33:00,2025-12-30 14:33:00,ambulatory,Follow-up visit,244.2,167.92
E04585,P0369,2023-03-24 13:17:00,2023-03-24 18:17:00,outpatient,Imaging study,780.52,0
E04586,P0374,2023-07-31 12:24:00,2023-07-31 13:24:00,outpatient,Outpatient procedure,1998.14,1454.49
E04587,P0500,2025-06-07 19:39:00,2025-06-07 20:39:00,wellness,Well child visit,229.93,0
E04588,P0393,2025-04-19 17:33:00,2025-04-19 21:33:00,ambulatory,Follow-up visit,239.15,0
E04589,P0438,2024-03-09 13:05:00,2024-03-09 16:05:00,outpatient,Imaging study,1788.33,906.39
E04590,P0249,2023-06-17 09:55:00,2023-06-17 10:55:00,ambulatory,Medication review,135.94,83.79
E04591,P0200,2023-10-08 13:28:00,2023-10-08 16:28:00,wellness,Well child visit,224.15,194.1
E04592,P0270,2023-09-25 11:44:00,2023-09-25 14:44:00,wellness,Annual wellness visit,183.19,128.36
E04593,P0403,2024-04-24 12:29:00,2024-04-24 16:29:00,outpatient,Imaging study,1121.7,631.51
E04594,P0142,2025-08-21 14:44:00,2025-08-21 19:44:00,outpatient,Imaging study,1027.87,811.09
E04595,P0214,2025-01-12 12:30:00,2025-01-12 16:30:00,emergency,ED visit for chest pain,5469.86,4650.44
E04596,P0130,2024-12-23 19:24:00,2024-12-23 21:24:00,ambulatory,Follow-up visit,212.47,120.73
E04597,P0170,2024-08-17 14:09:00,2024-08-17 18:09:00,emergency,Emergency room admission,4944.86,2635.2
E04598,P0252,2023-12-14 09:41:00,2023-12-14 13:41:00,urgentcare,Urgent care visit,415.04,310.64
E04599,P0289,2025-05-26 12:35:00,2025-05-26 14:35:00,outpatient,Physical therapy,759.86,500.72
E04600,P0131,2023-04-19 09:25:00,2023-04-19 10:25:00,outpatient,Physical therapy,2103.85,1487.01
E04601,P0138,2023-01-02 08:00:00,2023-01-02 13:00:00,wellness,Annual wellness visit,131.96,84.06
E04602,P0366,2023-09-21 11:49:00,2023-09-21 13:49:00,wellness,Well child visit,156.38,0
E04603,P0241,2024-03-29 18:51:00,2024-03-29 23:51:00,emergency,Emergency room admission,2637.61,2031.71
E04604,P0312,2025-02-07 19:02:00,2025-02-07 21:02:00,emergency,ED visit for chest pain,2601.92,0
E04605,P0214,2023-09-25 19:20:00,2023-09-25 23:20:00,wellness,Annual wellness visit,209.65,127.56
E04606,P0262,2023-02-15 13:47:00,2023-02-15 15:47:00,ambulatory,Chronic disease check,177.26,94.03
E04607,P0270,2025-12-12 15:27:00,2025-12-12 17:27:00,ambulatory,Medication review,245.67,140.48
E04608,P0196,2024-01-22 18:14:00,2024-01-22 20:14:00,emergency,Emergency room admission,4426.87,2721.38
E04609,P0365,2023-05-16 15:12:00,2023-05-19 12:12:00,inpatient,Admission for pneumonia,33351.24,17319.56
E04610,P0126,2024-04-18 08:02:00,2024-04-18 13:02:00,wellness,Well child visit,220.43,135.02
E04611,P0271,2024-05-26 14:09:00,2024-05-26 18:09:00,outpatient,Outpatient procedure,419.29,323.19
E04612,P0323,2024-02-12 08:29:00,2024-02-12 10:29:00,outpatient,Physical therapy,1336.7,957.23
E04613,P0375,2023-05-17 07:32:00,2023-05-17 12:32:00,wellness,Well child visit,128.45,89.17
E04614,P0500,2025-04-26 15:30:00,2025-04-26 19:30:00,outpatient,Imaging study,2022.87,0
E04615,P0123,2024-12-01 14:47:00,2024-12-01 18:47:00,emergency,ED visit for chest pain,2486.87,0
E04616,P0153,2023-04-30 10:33:00,2023-04-30 13:33:00,ambulatory,Medication review,371.86,202.41
E04617,P0170,2024-05-27 10:26:00,2024-05-27 13:26:00,urgentcare,Urgent care visit,497.18,270.04
E04618,P0026,2024-02-23 16:47:00,2024-02-23 19:47:00,wellness,Annual wellness visit,149.43,123.88
E04619,P0276,2023-10-05 10:16:00,2023-10-05 12:16:00,outpatient,Outpatient procedure,714.9,416.29
E04620,P0348,2023-05-24 12:18:00,2023-05-24 17:18:00,outpatient,Physical therapy,992.78,808.31
E04621,P0238,2025-02-10 11:16:00,2025-02-10 12:16:00,wellness,Well child visit,159.15,80.48
E04622,P0226,2023-08-06 12:27:00,2023-08-06 13:27:00,wellness,Well child visit,209.42,130.32
E04623,P0260,2023-11-18 08:49:00,2023-11-18 12:49:00,ambulatory,Medication review,388.57,347.24
E04624,P0377,2023-10-06 14:44:00,2023-10-16 00:44:00,inpatient,Admission for pneumonia,35877.51,21515.72
E04625,P0090,2023-04-20 14:27:00,2023-04-20 19:27:00,ambulatory,Chronic disease check,211.61,183.53
E04626,P0177,2023-03-10 09:41:00,2023-03-10 11:41:00,wellness,Well child visit,208.48,0
E04627,P0260,2025-07-18 14:53:00,2025-07-18 15:53:00,outpatient,Physical therapy,653.78,374.15
E04628,P0136,2023-06-23 17:05:00,2023-06-23 22:05:00,ambulatory,Chronic disease check,387.04,0
E04629,P0426,2023-06-19 13:33:00,2023-06-19 16:33:00,outpatient,Outpatient procedure,1674.87,1339.32
E04630,P0359,2024-10-04 13:43:00,2024-10-04 16:43:00,ambulatory,Chronic disease check,399.56,239.96
E04631,P0165,2023-01-13 07:30:00,2023-01-13 10:30:00,wellness,Well child visit,101.61,57.71
E04632,P0447,2025-12-13 13:24:00,2025-12-13 17:24:00,wellness,Well child visit,176.14,106.08
E04633,P0456,2023-05-22 15:34:00,2023-05-22 20:34:00,wellness,Well child visit,165.19,122.18
E04634,P0178,2023-09-13 18:41:00,2023-09-13 21:41:00,urgentcare,Urgent care visit,319.09,255.09
E04635,P0316,2024-04-12 14:13:00,2024-04-12 18:13:00,outpatient,Physical therapy,615.16,542.09
E04636,P0463,2023-09-20 15:35:00,2023-09-20 16:35:00,wellness,Well child visit,99.17,76.01
E04637,P0237,2023-03-08 17:50:00,2023-03-08 21:50:00,ambulatory,Medication review,187.57,157.6
E04638,P0022,2023-08-05 14:03:00,2023-08-05 15:03:00,outpatient,Imaging study,787.43,397.68
E04639,P0250,2023-09-19 18:41:00,2023-09-19 19:41:00,ambulatory,Chronic disease check,227.9,145.86
E04640,P0166,2025-09-26 12:53:00,2025-09-26 15:53:00,urgentcare,Urgent care visit,441.42,374.18
E04641,P0390,2025-03-29 15:21:00,2025-03-29 20:21:00,ambulatory,Follow-up visit,214.77,189.81
E04642,P0349,2025-03-12 15:53:00,2025-03-12 20:53:00,wellness,Well child visit,101.24,80.7
E04643,P0057,2025-01-17 14:05:00,2025-01-17 18:05:00,outpatient,Imaging study,478.09,318.33
E04644,P0299,2023-03-30 16:39:00,2023-03-30 18:39:00,emergency,Emergency room admission,3044.95,1995.06
E04645,P0209,2024-11-30 16:42:00,2024-11-30 19:42:00,outpatient,Physical therapy,989.88,658.6
E04646,P0443,2024-03-24 10:32:00,2024-03-24 15:32:00,emergency,Emergency room admission,2604.53,1497.46
E04647,P0134,2023-06-02 15:43:00,2023-06-02 17:43:00,emergency,ED visit for chest pain,2803.28,1477.19
E04648,P0066,2023-10-25 17:56:00,2023-10-25 21:56:00,wellness,Well child visit,234.57,196.63
E04649,P0457,2025-03-05 16:53:00,2025-03-05 20:53:00,ambulatory,Medication review,274.96,190.46
E04650,P0386,2025-04-16 19:37:00,2025-04-16 21:37:00,urgentcare,Urgent care visit,188.37,164.24
E04651,P0030,2025-10-10 17:42:00,2025-10-10 18:42:00,ambulatory,Follow-up visit,192.76,126.35
E04652,P0449,2024-01-11 10:04:00,2024-01-11 13:04:00,urgentcare,Urgent care visit,516.17,345.21
E04653,P0069,2023-09-04 09:17:00,2023-09-04 13:17:00,wellness,Annual wellness visit,135.05,73.5
E04654,P0200,2023-08-10 19:51:00,2023-08-11 00:51:00,wellness,Well child visit,104.48,62.43
E04655,P0350,2025-12-09 13:11:00,2025-12-09 16:11:00,outpatient,Imaging study,797.69,400.26
E04656,P0404,2024-01-30 07:12:00,2024-01-30 11:12:00,wellness,Well child visit,120.17,82.7
E04657,P0329,2025-10-01 14:45:00,2025-10-01 17:45:00,outpatient,Physical therapy,1161.5,715.17
E04658,P0393,2024-09-25 08:06:00,2024-09-25 09:06:00,outpatient,Outpatient procedure,2058.37,0
E04659,P0430,2023-03-14 10:42:00,2023-03-24 08:42:00,inpatient,Hospital admission,11417.81,5793.24
E04660,P0386,2025-12-08 09:58:00,2025-12-08 13:58:00,wellness,Well child visit,138.74,80.86
E04661,P0407,2024-04-14 12:49:00,2024-04-14 16:49:00,ambulatory,Medication review,142.64,100.7
E04662,P0386,2024-05-12 16:13:00,2024-05-12 17:13:00,wellness,Well child visit,199.88,168.45
E04663,P0345,2024-11-05 15:37:00,2024-11-05 19:37:00,outpatient,Physical therapy,2426.48,1278.37
E04664,P0172,2023-05-12 19:07:00,2023-05-12 20:07:00,wellness,Annual wellness visit,105.02,73.62
E04665,P0041,2023-03-03 10:34:00,2023-03-03 14:34:00,ambulatory,Chronic disease check,238.69,141.16
E04666,P0334,2024-09-14 15:11:00,2024-09-14 17:11:00,outpatient,Physical therapy,1415.66,847.28
E04667,P0213,2024-10-30 16:55:00,2024-11-07 03:55:00,inpatient,Hospital admission,15515.96,8952.68
E04668,P0351,2023-04-11 19:14:00,2023-04-11 21:14:00,ambulatory,Medication review,307.0,187.65
E04669,P0016,2025-10-01 13:09:00,2025-10-01 15:09:00,urgentcare,Urgent care visit,305.27,233.99
E04670,P0056,2023-11-15 19:07:00,2023-11-15 22:07:00,outpatient,Outpatient procedure,1927.21,1615.33
E04671,P0230,2024-11-06 14:04:00,2024-11-13 09:04:00,inpatient,Admission for pneumonia,34235.89,17767.55
E04672,P0413,2024-05-26 07:55:00,2024-05-26 10:55:00,urgentcare,Urgent care visit,331.26,239.23
E04673,P0234,2023-09-15 18:57:00,2023-09-15 22:57:00,urgentcare,Urgent care visit,298.39,250.55
E04674,P0319,2023-05-28 15:32:00,2023-05-28 18:32:00,wellness,Annual wellness visit,115.6,81.28
E04675,P0461,2023-01-09 19:10:00,2023-01-09 20:10:00,wellness,Well child visit,142.48,104.7
E04676,P0227,2024-07-03 16:48:00,2024-07-03 17:48:00,ambulatory,Medication review,188.91,100.87
E04677,P0439,2025-04-27 12:54:00,2025-04-27 14:54:00,ambulatory,Follow-up visit,262.28,231.73
E04678,P0361,2025-03-03 08:51:00,2025-03-03 13:51:00,emergency,ED visit for chest pain,4243.11,0
E04679,P0363,2023-02-18 09:14:00,2023-02-18 14:14:00,emergency,ED visit for chest pain,2455.1,1797.53
E04680,P0152,2024-06-08 19:38:00,2024-06-08 22:38:00,wellness,Well child visit,163.28,138.03
E04681,P0040,2024-05-01 16:15:00,2024-05-01 21:15:00,outpatient,Imaging study,2157.33,1618.29
E04682,P0009,2023-03-11 19:04:00,2023-03-12 00:04:00,urgentcare,Urgent care visit,532.87,393.12
E04683,P0369,2025-06-27 15:47:00,2025-06-27 17:47:00,ambulatory,Follow-up visit,159.66,0
E04684,P0289,2025-01-16 19:54:00,2025-01-17 00:54:00,outpatient,Imaging study,1964.55,1616.48
E04685,P0473,2024-08-06 08:29:00,2024-08-06 10:29:00,wellness,Annual wellness visit,191.94,127.84
E04686,P0055,2024-11-01 18:27:00,2024-11-01 20:27:00,ambulatory,Medication review,234.73,167.23
E04687,P0274,2025-06-16 09:19:00,2025-06-16 10:19:00,wellness,Annual wellness visit,197.03,169.63
E04688,P0463,2024-03-15 16:23:00,2024-03-15 21:23:00,wellness,Annual wellness visit,106.03,59.71
E04689,P0389,2025-05-24 13:45:00,2025-05-24 17:45:00,emergency,Emergency room admission,3085.91,2089.62
E04690,P0484,2025-06-27 10:48:00,2025-06-27 13:48:00,wellness,Annual wellness visit,213.9,191.39
E04691,P0193,2025-09-16 07:00:00,2025-09-16 11:00:00,ambulatory,Medication review,299.37,225.0
E04692,P0002,2024-10-29 15:22:00,2024-10-29 18:22:00,ambulatory,Follow-up visit,354.92,261.07
E04693,P0251,2024-10-12 11:26:00,2024-10-12 15:26:00,ambulatory,Follow-up visit,349.24,258.58
E04694,P0039,2023-01-12 17:04:00,2023-01-12 20:04:00,ambulatory,Chronic disease check,195.75,167.9
E04695,P0335,2024-05-08 19:15:00,2024-05-08 20:15:00,ambulatory,Medication review,331.41,294.04
E04696,P0220,2023-04-30 09:44:00,2023-04-30 12:44:00,ambulatory,Follow-up visit,179.46,99.54
E04697,P0302,2025-05-15 14:09:00,2025-05-15 16:09:00,urgentcare,Urgent care visit,292.31,237.05
E04698,P0459,2023-03-08 16:37:00,2023-03-08 19:37:00,wellness,Well child visit,172.51,87.23
E04699,P0047,2025-03-01 09:05:00,2025-03-01 12:05:00,urgentcare,Urgent care visit,423.78,342.17
E04700,P0007,2023-05-25 16:53:00,2023-05-25 17:53:00,wellness,Annual wellness visit,244.59,166.39
E04701,P0266,2024-10-17 11:23:00,2024-10-17 15:23:00,ambulatory,Medication review,243.49,144.32
E04702,P0159,2024-08-02 11:09:00,2024-08-02 15:09:00,outpatient,Outpatient procedure,1957.12,1620.72
E04703,P0326,2024-07-19 08:47:00,2024-07-23 13:47:00,inpatient,Admission for pneumonia,9648.63,8476.57
E04704,P0194,2025-12-08 10:44:00,2025-12-08 12:44:00,ambulatory,Follow-up visit,150.58,96.38
E04705,P0065,2024-06-02 18:10:00,2024-06-02 20:10:00,emergency,Emergency room admission,2728.16,1477.1
E04706,P0495,2023-03-27 10:21:00,2023-03-27 13:21:00,emergency,Emergency room admission,3965.93,2899.61
E04707,P0086,2024-08-01 08:04:00,2024-08-01 10:04:00,outpatient,Imaging study,989.73,740.89
E04708,P0379,2023-03-16 19:26:00,2023-03-16 21:26:00,urgentcare,Urgent care visit,492.15,0
E04709,P0127,2025-07-05 18:35:00,2025-07-05 22:35:00,ambulatory,Chronic disease check,396.43,333.41
E04710,P0019,2025-03-04 09:49:00,2025-03-14 03:49:00,inpatient,Admission for pneumonia,23802.0,20434.23
E04711,P0429,2024-02-18 12:17:00,2024-02-18 13:17:00,wellness,Well child visit,193.63,139.42
E04712,P0274,2024-08-17 18:25:00,2024-08-17 20:25:00,ambulatory,Follow-up visit,125.98,88.72
E04713,P0209,2024-02-23 17:48:00,2024-02-23 22:48:00,wellness,Well child visit,229.62,179.62
E04714,P0093,2025-02-21 11:08:00,2025-02-21 16:08:00,ambulatory,Follow-up visit,166.72,114.83
E04715,P0179,2023-06-13 16:24:00,2023-06-13 19:24:00,emergency,Emergency room admission,1497.82,1243.13
E04716,P0054,2025-08-20 15:41:00,2025-08-20 19:41:00,wellness,Well child visit,99.04,82.37
E04717,P0208,2025-10-07 08:13:00,2025-10-07 13:13:00,urgentcare,Urgent care visit,211.47,170.3
E04718,P0448,2023-11-16 16:03:00,2023-11-16 20:03:00,wellness,Well child visit,141.13,85.8
E04719,P0184,2024-01-16 11:03:00,2024-01-16 12:03:00,ambulatory,Follow-up visit,178.58,116.3
E04720,P0251,2023-08-15 17:08:00,2023-08-15 19:08:00,ambulatory,Medication review,194.56,134.02
E04721,P0476,2024-10-24 12:49:00,2024-10-24 16:49:00,wellness,Well child visit,100.26,61.43
E04722,P0431,2024-06-13 18:54:00,2024-06-13 21:54:00,ambulatory,Medication review,146.53,91.39
E04723,P0118,2023-12-30 13:03:00,2023-12-30 17:03:00,ambulatory,Chronic disease check,321.37,247.83
E04724,P0486,2025-12-25 09:29:00,2025-12-25 12:29:00,urgentcare,Urgent care visit,212.77,162.1
E04725,P0486,2023-04-10 19:04:00,2023-04-10 20:04:00,outpatient,Imaging study,2096.02,1843.05
E04726,P0391,2023-08-18 12:22:00,2023-08-18 16:22:00,emergency,Emergency room admission,3329.25,2713.13
E04727,P0279,2023-06-02 12:27:00,2023-06-02 16:27:00,emergency,ED visit for chest pain,3081.91,2150.49
E04728,P0019,2023-05-04 18:16:00,2023-05-04 22:16:00,outpatient,Physical therapy,1951.99,983.21
E04729,P0312,2025-10-29 19:32:00,2025-10-29 21:32:00,ambulatory,Medication review,397.9,0
E04730,P0115,2024-10-24 18:59:00,2024-10-24 19:59:00,wellness,Well child visit,118.4,74.36
E04731,P0488,2024-05-24 17:40:00,2024-05-24 20:40:00,ambulatory,Chronic disease check,329.04,214.12
E04732,P0353,2024-02-28 16:13:00,2024-02-28 21:13:00,wellness,Well child visit,114.12,85.53
E04733,P0454,2024-07-25 12:28:00,2024-07-25 16:28:00,ambulatory,Follow-up visit,135.01,84.61
E04734,P0451,2025-08-21 16:03:00,2025-08-21 18:03:00,emergency,Emergency room admission,2952.39,0
E04735,P0422,2023-12-07 11:35:00,2023-12-07 13:35:00,outpatient,Imaging study,1320.77,718.55
E04736,P0269,2025-03-09 09:44:00,2025-03-09 14:44:00,outpatient,Imaging study,2300.4,1683.9
E04737,P0237,2024-05-28 15:12:00,2024-06-04 01:12:00,inpatient,Hospital admission,30593.53,26955.04
E04738,P0111,2023-02-20 10:34:00,2023-02-20 15:34:00,outpatient,Imaging study,1057.99,727.72
E04739,P0388,2024-01-15 14:03:00,2024-01-15 19:03:00,ambulatory,Follow-up visit,146.88,127.37
E04740,P0408,2024-01-02 19:21:00,2024-01-03 00:21:00,outpatient,Outpatient procedure,2393.13,1935.46
E04741,P0365,2024-04-01 09:22:00,2024-04-08 19:22:00,inpatient,Hospital admission,31624.71,26780.31
E04742,P0392,2025-03-13 10:09:00,2025-03-19 03:09:00,inpatient,Admission for pneumonia,14182.2,12012.56
E04743,P0049,2025-01-08 11:41:00,2025-01-08 14:41:00,emergency,Emergency room admission,2777.09,2325.33
E04744,P0314,2025-12-21 11:04:00,2025-12-21 12:04:00,wellness,Annual wellness visit,131.8,68.6
E04745,P0119,2024-04-05 07:28:00,2024-04-05 09:28:00,ambulatory,Follow-up visit,373.28,262.06
E04746,P0221,2024-10-30 18:23:00,2024-10-30 21:23:00,ambulatory,Follow-up visit,363.9,226.83
E04747,P0229,2025-02-17 13:08:00,2025-02-17 17:08:00,ambulatory,Medication review,148.07,108.64
E04748,P0224,2023-07-09 10:19:00,2023-07-09 12:19:00,outpatient,Imaging study,2014.81,1055.5
E04749,P0214,2025-04-15 16:09:00,2025-04-15 19:09:00,wellness,Annual wellness visit,151.75,93.97
E04750,P0198,2025-12-08 16:11:00,2025-12-08 18:11:00,wellness,Annual wellness visit,123.74,103.99
E04751,P0279,2025-12-02 17:12:00,2025-12-02 20:12:00,ambulatory,Medication review,230.62,135.0
E04752,P0108,2024-02-19 11:09:00,2024-02-19 12:09:00,wellness,Well child visit,226.31,148.23
E04753,P0053,2025-03-18 09:35:00,2025-03-18 14:35:00,ambulatory,Follow-up visit,335.46,294.49
E04754,P0359,2024-09-30 17:23:00,2024-09-30 18:23:00,emergency,ED visit for chest pain,3529.39,2869.94
E04755,P0342,2023-06-15 17:46:00,2023-06-15 18:46:00,ambulatory,Follow-up visit,241.27,145.16
E04756,P0334,2023-03-12 10:54:00,2023-03-12 11:54:00,outpatient,Physical therapy,434.34,234.18
E04757,P0211,2025-02-07 14:21:00,2025-02-07 16:21:00,wellness,Annual wellness visit,247.56,175.68
E04758,P0186,2024-09-18 08:14:00,2024-09-18 11:14:00,urgentcare,Urgent care visit,487.56,332.27
E04759,P0468,2025-02-13 09:35:00,2025-02-13 11:35:00,emergency,ED visit for chest pain,5464.83,2898.44
E04760,P0429,2023-01-04 15:43:00,2023-01-04 18:43:00,wellness,Annual wellness visit,174.33,89.7
E04761,P0375,2025-04-29 19:45:00,2025-05-02 06:45:00,inpatient,Hospital admission,31152.28,17852.2
E04762,P0200,2024-08-29 14:08:00,2024-08-29 19:08:00,emergency,Emergency room admission,989.7,669.91
E04763,P0314,2024-02-13 15:43:00,2024-02-13 20:43:00,outpatient,Physical therapy,533.1,347.52
E04764,P0421,2024-10-01 11:44:00,2024-10-01 12:44:00,wellness,Well child visit,244.3,160.15
E04765,P0252,2024-08-12 12:27:00,2024-08-12 16:27:00,ambulatory,Follow-up visit,364.62,306.04
E04766,P0076,2025-05-31 12:57:00,2025-05-31 13:57:00,emergency,ED visit for chest pain,5361.74,3008.74
E04767,P0109,2024-02-04 12:54:00,2024-02-04 15:54:00,urgentcare,Urgent care visit,484.14,331.33
E04768,P0410,2023-02-01 18:43:00,2023-02-01 22:43:00,wellness,Well child visit,210.95,107.5
E04769,P0125,2023-02-22 12:54:00,2023-02-22 13:54:00,outpatient,Imaging study,2149.17,1456.71
E04770,P0130,2024-04-24 10:47:00,2024-04-24 12:47:00,ambulatory,Chronic disease check,337.34,271.76
E04771,P0131,2024-10-10 13:05:00,2024-10-10 16:05:00,ambulatory,Follow-up visit,325.95,185.23
E04772,P0471,2023-12-06 11:59:00,2023-12-06 16:59:00,urgentcare,Urgent care visit,230.0,190.5
E04773,P0093,2023-05-28 13:05:00,2023-05-28 15:05:00,ambulatory,Medication review,133.32,112.5
E04774,P0349,2023-08-15 14:31:00,2023-08-15 18:31:00,ambulatory,Follow-up visit,273.31,242.94
E04775,P0081,2025-05-30 09:50:00,2025-05-30 12:50:00,ambulatory,Chronic disease check,390.16,313.57
E04776,P0245,2023-10-06 11:45:00,2023-10-06 16:45:00,outpatient,Physical therapy,439.38,271.6
E04777,P0028,2023-12-12 13:14:00,2023-12-12 14:14:00,wellness,Annual wellness visit,208.7,144.95
E04778,P0308,2023-11-08 11:05:00,2023-11-08 16:05:00,ambulatory,Chronic disease check,184.5,114.07
E04779,P0389,2024-04-20 15:13:00,2024-04-20 19:13:00,emergency,Emergency room admission,2709.38,2000.74
E04780,P0304,2024-12-30 19:35:00,2024-12-31 00:35:00,wellness,Annual wellness visit,93.07,83.22
E04781,P0268,2024-06-05 08:38:00,2024-06-05 11:38:00,ambulatory,Medication review,275.86,165.05
E04782,P0066,2023-04-06 15:47:00,2023-04-06 18:47:00,ambulatory,Chronic disease check,347.4,309.13
E04783,P0387,2025-11-12 15:27:00,2025-11-12 16:27:00,urgentcare,Urgent care visit,300.56,250.82
E04784,P0061,2024-03-08 14:57:00,2024-03-08 18:57:00,ambulatory,Follow-up visit,167.71,125.06
E04785,P0248,2024-06-10 15:01:00,2024-06-10 20:01:00,wellness,Annual wellness visit,200.54,155.76
E04786,P0242,2024-05-29 19:11:00,2024-05-29 20:11:00,wellness,Well child visit,94.73,60.88
E04787,P0271,2025-10-29 18:44:00,2025-10-29 21:44:00,outpatient,Physical therapy,2313.78,1523.51
E04788,P0346,2024-03-02 15:10:00,2024-03-02 18:10:00,emergency,ED visit for chest pain,4881.74,3231.44
E04789,P0485,2023-10-04 10:44:00,2023-10-04 14:44:00,wellness,Annual wellness visit,150.55,121.49
E04790,P0436,2025-08-20 11:29:00,2025-08-20 12:29:00,emergency,Emergency room admission,1654.7,1186.9
E04791,P0099,2024-03-07 15:33:00,2024-03-07 17:33:00,ambulatory,Follow-up visit,219.57,179.21
E04792,P0348,2024-07-31 07:04:00,2024-07-31 10:04:00,emergency,Emergency room admission,2001.32,1620.04
E04793,P0060,2023-10-08 13:45:00,2023-10-08 18:45:00,ambulatory,Chronic disease check,336.76,0
E04794,P0248,2025-02-03 09:15:00,2025-02-12 17:15:00,inpatient,Admission for pneumonia,37213.06,26951.76
E04795,P0485,2023-04-16 10:42:00,2023-04-16 11:42:00,ambulatory,Chronic disease check,239.66,164.87
E04796,P0036,2023-11-03 11:27:00,2023-11-03 16:27:00,ambulatory,Chronic disease check,138.78,82.94
E04797,P0198,2023-11-17 17:24:00,2023-11-17 22:24:00,emergency,Emergency room admission,2073.19,1046.07
E04798,P0490,2025-01-02 11:06:00,2025-01-02 16:06:00,outpatient,Physical therapy,1106.73,862.45
E04799,P0435,2025-12-04 18:09:00,2025-12-04 23:09:00,ambulatory,Follow-up visit,394.87,226.0
E04800,P0413,2025-08-16 11:02:00,2025-08-16 14:02:00,ambulatory,Follow-up visit,317.35,170.48
E04801,P0131,2025-09-28 19:17:00,2025-09-28 22:17:00,outpatient,Imaging study,1301.65,792.62
E04802,P0251,2025-07-09 14:54:00,2025-07-09 15:54:00,wellness,Annual wellness visit,134.07,97.92
E04803,P0214,2023-05-19 17:17:00,2023-05-19 20:17:00,ambulatory,Chronic disease check,222.09,197.81
E04804,P0173,2025-07-12 10:58:00,2025-07-12 15:58:00,ambulatory,Follow-up visit,227.78,174.33
E04805,P0396,2023-02-13 12:51:00,2023-02-13 16:51:00,outpatient,Imaging study,752.31,539.09
E04806,P0435,2023-07-17 07:52:00,2023-07-17 12:52:00,outpatient,Outpatient procedure,2203.52,1360.31
E04807,P0057,2025-10-14 12:21:00,2025-10-14 16:21:00,outpatient,Imaging study,1674.78,1433.88
E04808,P0017,2023-11-27 08:46:00,2023-11-27 13:46:00,ambulatory,Medication review,304.87,208.08
E04809,P0233,2025-05-19 16:50:00,2025-05-19 21:50:00,urgentcare,Urgent care visit,195.39,137.27
E04810,P0093,2024-05-21 12:15:00,2024-05-21 13:15:00,wellness,Well child visit,108.99,77.95
E04811,P0170,2025-05-09 14:40:00,2025-05-09 15:40:00,ambulatory,Chronic disease check,383.45,241.99
E04812,P0245,2023-05-17 16:26:00,2023-05-17 18:26:00,outpatient,Physical therapy,2150.24,1797.66
E04813,P0086,2025-12-29 15:41:00,2025-12-29 18:41:00,urgentcare,Urgent care visit,560.31,338.04
E04814,P0490,2023-05-12 17:39:00,2023-05-12 21:39:00,outpatient,Physical therapy,356.83,220.12
E04815,P0369,2024-11-16 13:16:00,2024-11-16 15:16:00,outpatient,Outpatient procedure,1323.44,0
E04816,P0032,2024-07-23 10:39:00,2024-07-23 14:39:00,outpatient,Outpatient procedure,2278.24,1252.1
E04817,P0165,2025-04-06 15:25:00,2025-04-06 16:25:00,ambulatory,Follow-up visit,258.05,173.95
E04818,P0319,2024-06-06 16:20:00,2024-06-06 17:20:00,urgentcare,Urgent care visit,271.94,136.22
E04819,P0031,2024-07-10 07:37:00,2024-07-10 11:37:00,outpatient,Outpatient procedure,1113.1,622.89
E04820,P0397,2023-09-09 07:52:00,2023-09-09 11:52:00,emergency,Emergency room admission,2492.98,1689.77
E04821,P0311,2025-04-21 15:56:00,2025-04-21 17:56:00,ambulatory,Medication review,169.41,118.81
E04822,P0460,2024-09-17 09:37:00,2024-09-17 13:37:00,ambulatory,Medication review,378.7,229.85
E04823,P0302,2023-11-02 13:23:00,2023-11-02 14:23:00,outpatient,Physical therapy,2053.32,1782.04
E04824,P0246,2025-04-21 13:57:00,2025-04-21 16:57:00,outpatient,Imaging study,2481.93,1968.43
E04825,P0188,2025-08-03 16:33:00,2025-08-03 18:33:00,ambulatory,Chronic disease check,387.33,334.62
E04826,P0467,2024-10-22 10:12:00,2024-10-22 15:12:00,wellness,Annual wellness visit,209.18,134.26
E04827,P0366,2025-05-30 18:49:00,2025-05-30 22:49:00,ambulatory,Medication review,248.69,0
E04828,P0166,2025-04-01 07:02:00,2025-04-01 08:02:00,wellness,Annual wellness visit,166.07,129.58
E04829,P0132,2023-11-20 12:58:00,2023-11-20 16:58:00,wellness,Annual wellness visit,242.65,125.86
E04830,P0062,2023-07-23 13:58:00,2023-07-23 17:58:00,wellness,Well child visit,225.48,144.5
E04831,P0246,2023-01-02 14:28:00,2023-01-02 15:28:00,urgentcare,Urgent care visit,595.78,435.08
E04832,P0362,2025-08-17 08:45:00,2025-08-17 12:45:00,outpatient,Physical therapy,1245.94,1100.16
E04833,P0005,2024-08-28 10:02:00,2024-08-28 14:02:00,ambulatory,Medication review,164.04,121.88
E04834,P0013,2024-03-07 15:44:00,2024-03-07 20:44:00,outpatient,Imaging study,1683.96,1453.9
E04835,P0209,2023-10-05 09:51:00,2023-10-05 13:51:00,ambulatory,Medication review,129.7,82.89
E04836,P0127,2025-03-22 17:55:00,2025-03-27 04:55:00,inpatient,Admission for pneumonia,25534.83,17979.33
E04837,P0216,2025-09-15 09:09:00,2025-09-15 12:09:00,wellness,Well child visit,156.97,102.59
E04838,P0240,2025-11-15 09:41:00,2025-11-24 08:41:00,inpatient,Hospital admission,7523.31,5073.23
E04839,P0011,2023-08-09 12:27:00,2023-08-09 15:27:00,ambulatory,Follow-up visit,129.19,84.9
E04840,P0034,2023-03-02 18:58:00,2023-03-02 23:58:00,wellness,Well child visit,229.34,135.44
E04841,P0443,2023-04-24 19:09:00,2023-04-24 23:09:00,wellness,Well child visit,151.42,100.3
E04842,P0166,2023-01-09 12:32:00,2023-01-09 14:32:00,wellness,Annual wellness visit,207.74,126.95
E04843,P0322,2023-08-22 18:48:00,2023-08-29 03:48:00,inpatient,Admission for pneumonia,39246.45,23096.61
E04844,P0115,2025-10-22 19:43:00,2025-10-22 23:43:00,outpatient,Imaging study,2309.67,1663.1
E04845,P0007,2023-05-19 11:05:00,2023-05-19 16:05:00,ambulatory,Chronic disease check,128.97,87.86
E04846,P0096,2025-02-13 14:34:00,2025-02-13 19:34:00,wellness,Well child visit,211.15,130.63
E04847,P0171,2023-10-01 13:58:00,2023-10-01 14:58:00,urgentcare,Urgent care visit,291.89,197.37
E04848,P0377,2025-01-18 15:29:00,2025-01-18 16:29:00,ambulatory,Follow-up visit,221.97,166.29
E04849,P0192,2025-03-27 16:04:00,2025-03-27 20:04:00,wellness,Well child visit,232.32,143.04
E04850,P0065,2024-12-04 18:29:00,2024-12-04 23:29:00,urgentcare,Urgent care visit,412.14,314.18
E04851,P0478,2025-03-24 17:11:00,2025-03-24 19:11:00,emergency,Emergency room admission,5358.71,3351.64
E04852,P0013,2024-01-19 12:42:00,2024-01-19 15:42:00,wellness,Annual wellness visit,100.07,69.35
E04853,P0390,2025-07-03 18:51:00,2025-07-09 14:51:00,inpatient,Hospital admission,8568.91,5911.25
E04854,P0267,2024-11-16 10:43:00,2024-11-16 11:43:00,wellness,Annual wellness visit,223.62,152.45
E04855,P0102,2024-05-29 12:42:00,2024-05-29 17:42:00,wellness,Annual wellness visit,193.42,145.02
E04856,P0253,2023-11-23 08:54:00,2023-11-23 10:54:00,ambulatory,Chronic disease check,382.62,308.13
E04857,P0204,2025-02-10 08:18:00,2025-02-10 11:18:00,wellness,Well child visit,113.79,91.94
E04858,P0128,2023-10-17 09:10:00,2023-10-17 12:10:00,wellness,Well child visit,234.47,120.9
E04859,P0347,2023-01-05 08:49:00,2023-01-05 11:49:00,ambulatory,Follow-up visit,267.85,151.91
E04860,P0369,2024-07-12 07:44:00,2024-07-12 12:44:00,ambulatory,Medication review,288.31,0
E04861,P0129,2024-09-10 16:27:00,2024-09-10 17:27:00,wellness,Well child visit,219.52,155.01
E04862,P0250,2024-05-26 07:08:00,2024-05-26 08:08:00,urgentcare,Urgent care visit,384.54,242.05
E04863,P0278,2023-01-25 12:37:00,2023-01-25 17:37:00,urgentcare,Urgent care visit,168.81,102.49
E04864,P0099,2023-02-21 12:48:00,2023-02-21 13:48:00,wellness,Annual wellness visit,178.46,138.83
E04865,P0458,2025-02-10 19:07:00,2025-02-10 21:07:00,wellness,Well child visit,144.6,119.17
E04866,P0303,2024-01-13 08:48:00,2024-01-13 10:48:00,ambulatory,Follow-up visit,399.9,265.68
E04867,P0213,2025-05-06 07:22:00,2025-05-06 09:22:00,ambulatory,Follow-up visit,389.02,219.53
E04868,P0490,2025-05-30 14:38:00,2025-05-30 18:38:00,emergency,Emergency room admission,4856.48,3410.65
E04869,P0077,2024-12-11 16:39:00,2024-12-11 21:39:00,outpatient,Imaging study,2200.69,1784.61
E04870,P0027,2024-07-01 17:36:00,2024-07-01 22:36:00,ambulatory,Chronic disease check,350.6,257.31
E04871,P0354,2023-06-03 09:56:00,2023-06-03 13:56:00,outpatient,Physical therapy,309.9,0
E04872,P0077,2024-04-03 08:20:00,2024-04-03 11:20:00,wellness,Well child visit,209.21,139.52
E04873,P0352,2023-09-03 19:57:00,2023-09-03 23:57:00,ambulatory,Chronic disease check,229.41,192.76
E04874,P0471,2023-07-17 10:36:00,2023-07-17 11:36:00,ambulatory,Medication review,199.91,149.82
E04875,P0435,2024-04-26 15:33:00,2024-04-26 20:33:00,wellness,Well child visit,198.07,122.07
E04876,P0052,2024-12-21 07:40:00,2024-12-21 12:40:00,ambulatory,Medication review,227.97,178.4
E04877,P0289,2024-01-25 09:13:00,2024-01-25 11:13:00,emergency,Emergency room admission,5219.8,3594.9
E04878,P0076,2025-09-28 13:34:00,2025-10-03 06:34:00,inpatient,Hospital admission,9196.86,6118.56
E04879,P0458,2025-01-15 13:11:00,2025-01-15 17:11:00,wellness,Well child visit,130.21,71.28
E04880,P0382,2024-10-23 15:36:00,2024-10-23 17:36:00,wellness,Well child visit,182.26,155.61
E04881,P0019,2025-01-25 11:37:00,2025-01-25 14:37:00,ambulatory,Medication review,355.31,268.48
E04882,P0264,2025-11-10 09:07:00,2025-11-10 14:07:00,ambulatory,Chronic disease check,168.16,0
E04883,P0314,2025-02-19 17:27:00,2025-02-19 19:27:00,ambulatory,Medication review,169.78,147.05
E04884,P0213,2025-07-27 14:26:00,2025-07-27 16:26:00,urgentcare,Urgent care visit,212.49,152.05
E04885,P0043,2025-08-20 12:48:00,2025-08-20 14:48:00,urgentcare,Urgent care visit,557.6,397.55
E04886,P0314,2024-12-06 12:47:00,2024-12-06 16:47:00,outpatient,Physical therapy,2137.06,1734.51
E04887,P0017,2023-10-02 15:46:00,2023-10-02 16:46:00,wellness,Well child visit,104.07,72.73
E04888,P0348,2025-05-11 09:13:00,2025-05-19 09:13:00,inpatient,Hospital admission,16070.82,8893.72
E04889,P0198,2024-08-09 11:33:00,2024-08-09 15:33:00,outpatient,Imaging study,791.06,606.57
E04890,P0143,2024-07-31 18:53:00,2024-07-31 20:53:00,wellness,Annual wellness visit,189.41,151.0
E04891,P0096,2023-09-11 16:01:00,2023-09-11 20:01:00,emergency,ED visit for chest pain,5173.69,4586.65
E04892,P0439,2023-04-13 14:14:00,2023-04-13 18:14:00,ambulatory,Medication review,299.12,180.31
E04893,P0247,2023-10-06 19:49:00,2023-10-06 20:49:00,outpatient,Outpatient procedure,1867.35,993.04
E04894,P0447,2023-01-04 16:24:00,2023-01-04 18:24:00,wellness,Annual wellness visit,171.49,136.62
E04895,P0434,2025-03-18 07:18:00,2025-03-18 08:18:00,ambulatory,Chronic disease check,299.88,206.17
E04896,P0244,2024-12-09 17:59:00,2024-12-09 19:59:00,urgentcare,Urgent care visit,234.78,130.77
E04897,P0167,2024-04-07 17:30:00,2024-04-07 19:30:00,wellness,Annual wellness visit,111.43,71.76
E04898,P0392,2025-07-12 10:05:00,2025-07-12 14:05:00,ambulatory,Chronic disease check,247.73,168.05
E04899,P0174,2023-08-07 18:14:00,2023-08-07 23:14:00,wellness,Well child visit,174.09,100.05
E04900,P0052,2024-07-31 15:58:00,2024-07-31 18:58:00,emergency,Emergency room admission,3103.08,1833.64
E04901,P0194,2024-04-16 16:56:00,2024-04-16 20:56:00,wellness,Well child visit,203.84,146.11
E04902,P0259,2023-12-28 07:16:00,2023-12-28 10:16:00,emergency,Emergency room admission,3256.82,2108.47
E04903,P0258,2024-09-29 14:37:00,2024-09-29 18:37:00,urgentcare,Urgent care visit,175.19,127.97
E04904,P0488,2024-05-15 18:38:00,2024-05-15 23:38:00,outpatient,Imaging study,690.85,412.12
E04905,P0331,2023-11-04 12:24:00,2023-11-04 15:24:00,outpatient,Imaging study,1196.07,0
E04906,P0365,2025-08-29 17:06:00,2025-08-29 20:06:00,outpatient,Imaging study,1205.32,913.56
E04907,P0269,2023-05-20 15:52:00,2023-05-20 20:52:00,outpatient,Imaging study,1436.92,842.18
E04908,P0213,2023-06-10 10:50:00,2023-06-10 15:50:00,outpatient,Physical therapy,1016.25,626.24
E04909,P0327,2023-10-04 19:01:00,2023-10-04 20:01:00,ambulatory,Medication review,152.13,96.47
E04910,P0225,2024-11-11 17:45:00,2024-11-11 18:45:00,wellness,Well child visit,103.98,71.15
E04911,P0254,2025-05-15 09:20:00,2025-05-15 13:20:00,ambulatory,Medication review,308.91,267.55
E04912,P0299,2024-12-24 11:59:00,2024-12-24 16:59:00,ambulatory,Chronic disease check,384.22,296.46
E04913,P0292,2025-09-07 16:27:00,2025-09-07 18:27:00,wellness,Annual wellness visit,219.61,111.59
E04914,P0282,2023-09-10 07:23:00,2023-09-10 08:23:00,outpatient,Imaging study,514.32,293.76
E04915,P0419,2025-05-02 17:10:00,2025-05-02 18:10:00,ambulatory,Chronic disease check,230.63,123.23
E04916,P0251,2024-11-27 08:50:00,2024-11-27 11:50:00,ambulatory,Follow-up visit,362.77,263.38
E04917,P0204,2023-01-29 18:19:00,2023-01-29 23:19:00,ambulatory,Medication review,122.22,74.07
E04918,P0482,2025-09-17 10:07:00,2025-09-17 13:07:00,ambulatory,Follow-up visit,163.86,113.64
E04919,P0345,2024-08-23 19:17:00,2024-08-24 00:17:00,emergency,ED visit for chest pain,5788.88,3703.89
E04920,P0338,2024-09-01 15:48:00,2024-09-01 17:48:00,wellness,Well child visit,226.56,123.7
E04921,P0064,2023-11-15 19:40:00,2023-11-15 22:40:00,ambulatory,Medication review,137.9,80.93
E04922,P0466,2024-04-26 12:35:00,2024-04-26 14:35:00,wellness,Well child visit,241.13,156.55
E04923,P0230,2025-10-16 14:34:00,2025-10-16 16:34:00,outpatient,Physical therapy,851.52,693.82
E04924,P0067,2024-11-16 16:04:00,2024-11-16 20:04:00,ambulatory,Follow-up visit,210.35,161.18
E04925,P0005,2025-06-15 17:13:00,2025-06-15 18:13:00,wellness,Well child visit,131.08,113.38
E04926,P0039,2024-01-09 15:42:00,2024-01-09 16:42:00,outpatient,Imaging study,2402.26,1283.13
E04927,P0339,2023-03-14 15:12:00,2023-03-19 10:12:00,inpatient,Admission for pneumonia,39879.26,0
E04928,P0455,2025-04-24 17:18:00,2025-04-24 21:18:00,outpatient,Imaging study,2131.56,0
E04929,P0243,2023-07-04 14:50:00,2023-07-04 15:50:00,wellness,Annual wellness visit,210.11,129.41
E04930,P0118,2025-05-16 15:32:00,2025-05-16 17:32:00,ambulatory,Medication review,339.14,176.41
E04931,P0079,2024-02-08 13:36:00,2024-02-08 18:36:00,ambulatory,Follow-up visit,224.08,191.24
E04932,P0167,2025-02-16 15:21:00,2025-02-16 17:21:00,ambulatory,Follow-up visit,209.65,144.62
E04933,P0287,2023-04-24 18:17:00,2023-04-24 22:17:00,urgentcare,Urgent care visit,229.14,174.37
E04934,P0153,2025-03-01 11:34:00,2025-03-01 15:34:00,urgentcare,Urgent care visit,487.12,279.3
E04935,P0194,2024-02-24 18:12:00,2024-02-24 22:12:00,wellness,Annual wellness visit,197.23,107.08
E04936,P0294,2025-06-22 12:41:00,2025-06-22 16:41:00,ambulatory,Chronic disease check,315.45,0
E04937,P0115,2023-03-20 16:57:00,2023-03-20 19:57:00,ambulatory,Medication review,137.82,115.04
E04938,P0202,2025-04-01 10:42:00,2025-04-01 11:42:00,emergency,ED visit for chest pain,1214.49,704.82
E04939,P0075,2023-08-30 07:55:00,2023-08-30 10:55:00,outpatient,Imaging study,1793.41,1082.49
E04940,P0229,2023-04-24 12:07:00,2023-04-24 17:07:00,ambulatory,Follow-up visit,150.27,119.67
E04941,P0187,2024-02-05 18:44:00,2024-02-05 22:44:00,urgentcare,Urgent care visit,486.88,361.14
E04942,P0187,2025-09-15 17:43:00,2025-09-15 19:43:00,emergency,ED visit for chest pain,4803.65,3517.7
E04943,P0279,2025-08-01 15:00:00,2025-08-01 16:00:00,ambulatory,Chronic disease check,213.7,151.03
E04944,P0300,2023-03-17 15:05:00,2023-03-17 16:05:00,outpatient,Physical therapy,2468.52,0
E04945,P0301,2025-02-25 17:23:00,2025-02-25 22:23:00,emergency,ED visit for chest pain,5645.29,3483.01
E04946,P0282,2025-09-06 07:09:00,2025-09-06 08:09:00,wellness,Annual wellness visit,195.1,114.48
E04947,P0357,2024-03-10 09:11:00,2024-03-10 13:11:00,urgentcare,Urgent care visit,379.19,261.03
E04948,P0135,2023-11-17 08:05:00,2023-11-17 10:05:00,ambulatory,Medication review,241.68,202.46
E04949,P0148,2025-10-20 15:13:00,2025-10-20 16:13:00,wellness,Annual wellness visit,200.91,142.75
E04950,P0089,2025-02-05 08:04:00,2025-02-05 13:04:00,outpatient,Imaging study,1077.03,862.87
E04951,P0243,2025-01-16 12:44:00,2025-01-16 17:44:00,ambulatory,Follow-up visit,288.01,169.36
E04952,P0189,2023-09-23 18:47:00,2023-09-23 23:47:00,ambulatory,Chronic disease check,210.49,161.5
E04953,P0446,2025-06-14 10:19:00,2025-06-16 11:19:00,inpatient,Hospital admission,32650.39,26352.51
E04954,P0281,2023-12-30 17:22:00,2023-12-30 19:22:00,urgentcare,Urgent care visit,508.82,447.87
E04955,P0279,2025-12-15 17:27:00,2025-12-15 21:27:00,emergency,Emergency room admission,1429.74,915.46
E04956,P0464,2025-04-19 12:07:00,2025-04-19 16:07:00,ambulatory,Chronic disease check,384.1,272.9
E04957,P0159,2025-10-18 11:32:00,2025-10-18 15:32:00,emergency,ED visit for chest pain,2312.6,1453.2
E04958,P0233,2025-11-30 11:11:00,2025-11-30 12:11:00,outpatient,Outpatient procedure,1968.02,1770.2
E04959,P0486,2023-04-11 15:58:00,2023-04-11 20:58:00,ambulatory,Medication review,133.75,92.56
E04960,P0207,2024-12-19 19:48:00,2024-12-19 20:48:00,outpatient,Imaging study,1943.78,1394.03
E04961,P0334,2025-12-20 07:10:00,2025-12-20 08:10:00,wellness,Well child visit,90.24,62.68
E04962,P0252,2024-06-16 11:19:00,2024-06-16 15:19:00,urgentcare,Urgent care visit,345.86,234.71
E04963,P0416,2025-05-24 13:25:00,2025-05-24 15:25:00,urgentcare,Urgent care visit,523.53,343.16
E04964,P0170,2024-03-25 10:59:00,2024-03-25 13:59:00,wellness,Well child visit,220.76,134.8
E04965,P0294,2024-04-13 10:23:00,2024-04-13 14:23:00,ambulatory,Follow-up visit,281.6,0
E04966,P0080,2025-05-31 09:54:00,2025-05-31 14:54:00,urgentcare,Urgent care visit,201.5,128.55
E04967,P0093,2024-08-17 10:31:00,2024-08-17 15:31:00,wellness,Well child visit,231.77,138.59
E04968,P0161,2023-12-04 08:58:00,2023-12-04 13:58:00,wellness,Well child visit,136.37,117.73
E04969,P0002,2023-09-25 19:49:00,2023-09-25 23:49:00,wellness,Well child visit,94.23,79.69
E04970,P0329,2023-12-02 17:09:00,2023-12-02 18:09:00,ambulatory,Medication review,195.51,135.83
E04971,P0121,2025-04-19 13:26:00,2025-04-21 17:26:00,inpatient,Admission for pneumonia,25452.77,18637.54
E04972,P0311,2025-06-18 19:49:00,2025-06-18 22:49:00,ambulatory,Medication review,255.71,151.57
E04973,P0224,2025-06-22 18:01:00,2025-06-22 23:01:00,ambulatory,Medication review,267.6,182.01
E04974,P0154,2024-12-10 18:10:00,2024-12-10 21:10:00,ambulatory,Follow-up visit,246.75,134.55
E04975,P0324,2024-06-02 11:28:00,2024-06-02 14:28:00,outpatient,Physical therapy,2407.81,1782.67
E04976,P0200,2025-06-10 11:08:00,2025-06-10 16:08:00,wellness,Well child visit,141.22,97.66
E04977,P0245,2024-07-22 11:02:00,2024-07-22 15:02:00,ambulatory,Follow-up visit,299.26,166.58
E04978,P0260,2025-07-21 14:35:00,2025-07-21 17:35:00,wellness,Annual wellness visit,151.36,123.23
E04979,P0470,2025-11-29 15:00:00,2025-11-29 18:00:00,outpatient,Physical therapy,1121.29,951.07
E04980,P0276,2024-03-28 09:09:00,2024-03-28 11:09:00,urgentcare,Urgent care visit,516.29,390.16
E04981,P0015,2024-10-24 17:03:00,2024-10-24 18:03:00,emergency,ED visit for chest pain,2530.41,2013.64
E04982,P0225,2024-10-21 16:23:00,2024-10-21 19:23:00,wellness,Well child visit,135.5,107.28
E04983,P0035,2024-07-21 12:10:00,2024-07-21 14:10:00,ambulatory,Follow-up visit,201.33,0
E04984,P0441,2025-08-19 08:45:00,2025-08-19 10:45:00,outpatient,Outpatient procedure,714.58,427.88
E04985,P0453,2025-04-12 12:44:00,2025-04-12 14:44:00,emergency,Emergency room admission,1931.11,1642.82
E04986,P0189,2025-08-25 12:21:00,2025-08-25 17:21:00,outpatient,Outpatient procedure,1775.2,1292.57
E04987,P0416,2024-01-16 19:27:00,2024-01-16 20:27:00,wellness,Annual wellness visit,185.11,131.45
E04988,P0287,2024-10-28 17:48:00,2024-10-28 21:48:00,ambulatory,Medication review,261.19,145.88
E04989,P0360,2024-01-25 14:56:00,2024-01-25 18:56:00,urgentcare,Urgent care visit,261.4,178.34
E04990,P0298,2025-11-21 19:22:00,2025-11-21 21:22:00,outpatient,Imaging study,2208.81,1468.34
E04991,P0292,2025-10-18 15:35:00,2025-10-18 18:35:00,ambulatory,Follow-up visit,380.38,310.54
E04992,P0387,2024-08-21 11:44:00,2024-08-21 14:44:00,wellness,Well child visit,195.88,153.12
E04993,P0308,2023-02-25 18:42:00,2023-02-25 19:42:00,ambulatory,Chronic disease check,124.82,92.97
E04994,P0364,2023-10-30 13:54:00,2023-10-30 16:54:00,wellness,Annual wellness visit,113.63,0
E04995,P0177,2024-05-01 07:16:00,2024-05-01 10:16:00,wellness,Annual wellness visit,189.38,0
E04996,P0378,2025-10-20 09:03:00,2025-10-20 10:03:00,ambulatory,Chronic disease check,248.47,144.44
E04997,P0283,2025-06-24 09:48:00,2025-06-24 12:48:00,urgentcare,Urgent care visit,510.7,368.44
E04998,P0367,2025-07-31 18:26:00,2025-07-31 19:26:00,emergency,ED visit for chest pain,5909.32,2971.55
E04999,P0169,2024-02-15 18:47:00,2024-02-15 23:47:00,outpatient,Imaging study,2074.11,1199.5
E05000,P0201,2025-09-04 09:25:00,2025-09-04 13:25:00,ambulatory,Medication review,266.04,233.64
